Assume you are a 23-year-old single woman; and there is a 23-year-old man who is courting you. Your career type is lawyer/policy work. You evaluated him on six dimensions with scores out of 10. These are attractiveness: 8.0/10; sincerity: 10.0/10; intelligence: 7.0/10; being funny: 10.0/10; ambition: 7.0/10; shared interests: 10.0/10. Your importance weights for these attributes are: attractiveness: 20.0; sincerity: 20.0; intelligence: 20.0; being funny: 20.0; ambition: 10.0; shared interests: 10.0. Would you be willing to date this man? And also tell me the reason. Your answer must be (YES) or (NO) followed by your reason. You must FOLLOW THIS RULE! You MUST NOT SAY other words.,YES; because his overall score is high; meeting most of your important criteria.,14,4,,1
Assume you are a 23-year-old single woman; and there is a 24-year-old man who is courting you. Your career type is lawyer. You evaluated him on six dimensions with scores out of 10. These are attractiveness: 8.0/10; sincerity: 9.0/10; intelligence: 9.0/10; being funny: 9.0/10; ambition: 10.0/10; shared interests: 7.0/10. Your importance weights for these attributes are: attractiveness: 10.0; sincerity: 25.0; intelligence: 20.0; being funny: 25.0; ambition: 5.0; shared interests: 15.0. Would you be willing to date this man? And also tell me the reason. Your answer must be (YES) or (NO) followed by your reason. You must FOLLOW THIS RULE! You MUST NOT SAY other words.,YES; because his scores are high in the categories that you value the most (sincerity; intelligence; and being funny); which suggests a strong compatibility with your priorities.,20,6,,1
Assume you are a 22-year-old single woman; and there is a 22-year-old man who is courting you. Your career type is Law. You evaluated him on six dimensions with scores out of 10. These are attractiveness: 6.0/10; sincerity: 6.0/10; intelligence: 8.0/10; being funny: 4.0/10; ambition: 9.0/10; shared interests: 4.0/10. Your importance weights for these attributes are: attractiveness: 15.0; sincerity: 15.0; intelligence: 25.0; being funny: 20.0; ambition: 15.0; shared interests: 10.0. Would you be willing to date this man? And also tell me the reason. Your answer must be (YES) or (NO) followed by your reason. You must FOLLOW THIS RULE! You MUST NOT SAY other words.,NO; the weighted scores for shared interests and being funny; which are particularly low; indicate that despite his intelligence and ambition; the relationship might lack emotional connection and shared enjoyment; crucial elements for long-term compatibility.,12,7,,0
Assume you are a 26-year-old single woman; and there is a 28-year-old man who is courting you. Your career type is To create early childhood intervention programs. You evaluated him on six dimensions with scores out of 10. These are attractiveness: 9.0/10; sincerity: 9.0/10; intelligence: 9.0/10; being funny: 9.0/10; ambition: 9.0/10; shared interests: 9.0/10. Your importance weights for these attributes are: attractiveness: 15.0; sincerity: 15.0; intelligence: 15.0; being funny: 40.0; ambition: 10.0; shared interests: 5.0. Would you be willing to date this man? And also tell me the reason. Your answer must be (YES) or (NO) followed by your reason. You must FOLLOW THIS RULE! You MUST NOT SAY other words.,YES; because the scores he received across all attributes are consistently high; aligning well with your weighted preferences; especially in humor which is most important to you.,19,10,,1
Assume you are a 22-year-old single man; and there is a 22-year-old woman who is courting you. Your career type is Corporate Lawyer. You evaluated her on six dimensions with scores out of 10. These are attractiveness: 7.0/10; sincerity: 9.0/10; intelligence: 10.0/10; being funny: 6.0/10; ambition: 6.0/10; shared interests: 5.0/10. Your importance weights for these attributes are: attractiveness: 60.0; sincerity: 0.0; intelligence: 0.0; being funny: 40.0; ambition: 0.0; shared interests: 0.0. Would you be willing to date this woman? And also tell me the reason. Your answer must be (YES) or (NO) followed by your reason. You must FOLLOW THIS RULE! You MUST NOT SAY other words.,YES; because based on your weighting; attractiveness and being funny are most important to you; and she scores relatively well in both.,7,12,,1
Assume you are a 27-year-old single man; and there is a 21-year-old woman who is courting you. Your career type is Academia; Research; Banking; Life. You evaluated her on six dimensions with scores out of 10. These are attractiveness: 6.0/10; sincerity: 8.0/10; intelligence: 8.0/10; being funny: 8.0/10; ambition: 8.0/10; shared interests: 6.0/10. Your importance weights for these attributes are: attractiveness: 35.0; sincerity: 20.0; intelligence: 20.0; being funny: 20.0; ambition: 0.0; shared interests: 5.0. Would you be willing to date this woman? And also tell me the reason. Your answer must be (YES) or (NO) followed by your reason. You must FOLLOW THIS RULE! You MUST NOT SAY other words.,YES; because her scores are high in the dimensions you value most (sincerity; intelligence; being funny); outweighing the lower scores in other less important dimensions like shared interests and your middle rating of attractiveness.,1,11,,1
Assume you are a 25-year-old woman with career type Journalist; currently matched with a partner. Your current partner's scores (out of 10): attractiveness: 7.0/10; sincerity: 7.0/10; intelligence: 7.0/10; being funny: 7.0/10; ambition: 6.0/10; shared interests: 6.0/10. A new man is courting you with scores: attractiveness: 8.0/10; sincerity: 8.0/10; intelligence: 5.0/10; being funny: 9.0/10; ambition: 8.0/10; shared interests: 9.0/10. Your importance weights are: attractiveness: 9.09; sincerity: 18.18; intelligence: 27.27; being funny: 18.18; ambition: 18.18; shared interests: 9.09. Would you leave your current partner for the new man? Your answer must be (YES) or (NO) followed by your reason. You must FOLLOW THIS RULE! You MUST NOT SAY other words.,NO because the new man's lower intelligence score significantly impacts the overall alignment with your weighted values; particularly since intelligence is your highest weighted attribute.,19,8,10,0
Assume you are a 24-year-old single woman; and there is a 30-year-old man who is courting you. Your career type is law. You evaluated him on six dimensions with scores out of 10. These are attractiveness: 7.0/10; sincerity: 5.0/10; intelligence: 9.0/10; being funny: 6.0/10; ambition: 7.0/10; shared interests: 9.0/10. Your importance weights for these attributes are: attractiveness: 45.0; sincerity: 5.0; intelligence: 25.0; being funny: 20.0; ambition: 0.0; shared interests: 5.0. Would you be willing to date this man? And also tell me the reason. Your answer must be (YES) or (NO) followed by your reason. You must FOLLOW THIS RULE! You MUST NOT SAY other words.,NO; because the weighted importance of sincerity is low; yet its score is also significantly low; indicating a fundamental mismatch in values that could affect trust and relationship stability.,17,2,,0
Assume you are a 21-year-old woman with career type lawyer; currently matched with a partner. Your current partner's scores (out of 10): attractiveness: 7.0/10; sincerity: 7.0/10; intelligence: 7.0/10; being funny: 9.0/10; ambition: 9.0/10; shared interests: 9.0/10. A new man is courting you with scores: attractiveness: 8.0/10; sincerity: 5.0/10; intelligence: 5.0/10; being funny: 7.0/10; ambition: 7.0/10; shared interests: 9.0/10. Your importance weights are: attractiveness: 20.0; sincerity: 5.0; intelligence: 25.0; being funny: 25.0; ambition: 10.0; shared interests: 15.0. Would you leave your current partner for the new man? Your answer must be (YES) or (NO) followed by your reason. You must FOLLOW THIS RULE! You MUST NOT SAY other words.,NO; because your current partner scores higher in sincerity; intelligence; and aligns better with your weighted preferences for intelligence and being funny; which are highly valued in your relationship criteria.,14,5,4,0
Assume you are a 24-year-old woman with career type law; currently matched with a partner. Your current partner's scores (out of 10): attractiveness: 7.0/10; sincerity: 9.0/10; intelligence: 10.0/10; being funny: 6.0/10; ambition: 6.0/10; shared interests: 5.0/10. A new man is courting you with scores: attractiveness: 8.0/10; sincerity: 5.0/10; intelligence: 6.0/10; being funny: 6.0/10; ambition: 9.0/10; shared interests: 6.0/10. Your importance weights are: attractiveness: 45.0; sincerity: 5.0; intelligence: 25.0; being funny: 20.0; ambition: 0.0; shared interests: 5.0. Would you leave your current partner for the new man? Your answer must be (YES) or (NO) followed by your reason. You must FOLLOW THIS RULE! You MUST NOT SAY other words.,NO; because your current partner scores higher in intelligence and sincerity; which are important to you based on your weighted preferences; despite the new man being higher in attractiveness and ambition.,12,2,7,0
Assume you are a 24-year-old single woman; and there is a 22-year-old man who is courting you. Your career type is law. You evaluated him on six dimensions with scores out of 10. These are attractiveness: 5.0/10; sincerity: 8.0/10; intelligence: 9.0/10; being funny: 6.0/10; ambition: 3.0/10; shared interests: 4.0/10. Your importance weights for these attributes are: attractiveness: 45.0; sincerity: 5.0; intelligence: 25.0; being funny: 20.0; ambition: 0.0; shared interests: 5.0. Would you be willing to date this man? And also tell me the reason. Your answer must be (YES) or (NO) followed by your reason. You must FOLLOW THIS RULE! You MUST NOT SAY other words.,NO; because the weighted scores; particularly low on attractiveness which has a high importance weight; do not align well with your priority values.,13,2,,0
Assume you are a 27-year-old man with career type Financial Services; currently matched with a partner. Your current partner's scores (out of 10): attractiveness: 8.0/10; sincerity: 9.0/10; intelligence: 9.0/10; being funny: 9.0/10; ambition: 10.0/10; shared interests: 7.0/10. A new woman is courting you with scores: attractiveness: 6.0/10; sincerity: 7.0/10; intelligence: 8.0/10; being funny: 7.0/10; ambition: 8.0/10; shared interests: 5.0/10. Your importance weights are: attractiveness: 33.33; sincerity: 11.11; intelligence: 11.11; being funny: 11.11; ambition: 11.11; shared interests: 22.22. Would you leave your current partner for the new woman? Your answer must be (YES) or (NO) followed by your reason. You must FOLLOW THIS RULE! You MUST NOT SAY other words.,NO; because your current partner scores higher in sincerity; intelligence; being funny; and ambition; which aligns better with your weighted priorities.,6,18,20,0
Assume you are a 26-year-old woman with career type Congresswoman; and comedian; currently matched with a partner. Your current partner's scores (out of 10): attractiveness: 7.0/10; sincerity: 9.0/10; intelligence: 10.0/10; being funny: 6.0/10; ambition: 6.0/10; shared interests: 5.0/10. A new man is courting you with scores: attractiveness: 10.0/10; sincerity: 10.0/10; intelligence: 10.0/10; being funny: 10.0/10; ambition: 10.0/10; shared interests: 10.0/10. Your importance weights are: attractiveness: 20.0; sincerity: 10.0; intelligence: 20.0; being funny: 30.0; ambition: 10.0; shared interests: 10.0. Would you leave your current partner for the new man? Your answer must be (YES) or (NO) followed by your reason. You must FOLLOW THIS RULE! You MUST NOT SAY other words.,YES; based on the importance weights and scores you provided; the new man aligns more closely with your priorities and meets your needs more effectively across all evaluated categories.,12,9,7,1
Assume you are a 24-year-old single man; and there is a 24-year-old woman who is courting you. Your career type is Lawyer. You evaluated her on six dimensions with scores out of 10. These are attractiveness: 10.0/10; sincerity: 10.0/10; intelligence: 10.0/10; being funny: 10.0/10; ambition: 7.0/10; shared interests: 8.0/10. Your importance weights for these attributes are: attractiveness: 30.0; sincerity: 10.0; intelligence: 20.0; being funny: 10.0; ambition: 10.0; shared interests: 20.0. Would you be willing to date this woman? And also tell me the reason. Your answer must be (YES) or (NO) followed by your reason. You must FOLLOW THIS RULE! You MUST NOT SAY other words.,YES; because her overall evaluation aligns strongly with your prioritized attributes; indicating a high compatibility between you both.,2,15,,1
Assume you are a 25-year-old woman with career type Journalist; currently matched with a partner. Your current partner's scores (out of 10): attractiveness: 8.0/10; sincerity: 8.0/10; intelligence: 10.0/10; being funny: 7.0/10; ambition: 6.0/10; shared interests: 5.0/10. A new man is courting you with scores: attractiveness: 8.0/10; sincerity: 7.0/10; intelligence: 7.0/10; being funny: 9.0/10; ambition: 6.0/10; shared interests: 7.0/10. Your importance weights are: attractiveness: 9.09; sincerity: 18.18; intelligence: 27.27; being funny: 18.18; ambition: 18.18; shared interests: 9.09. Would you leave your current partner for the new man? Your answer must be (YES) or (NO) followed by your reason. You must FOLLOW THIS RULE! You MUST NOT SAY other words.,NO because your current partner has higher ratings in areas you value more such as intelligence and sincerity.,12,8,9,0
Assume you are a 22-year-old single woman; and there is a 27-year-old man who is courting you. Your career type is Law. You evaluated him on six dimensions with scores out of 10. These are attractiveness: 5.0/10; sincerity: 7.0/10; intelligence: 8.0/10; being funny: 5.0/10; ambition: 9.0/10; shared interests: 5.0/10. Your importance weights for these attributes are: attractiveness: 15.0; sincerity: 15.0; intelligence: 25.0; being funny: 20.0; ambition: 15.0; shared interests: 10.0. Would you be willing to date this man? And also tell me the reason. Your answer must be (YES) or (NO) followed by your reason. You must FOLLOW THIS RULE! You MUST NOT SAY other words.,NO; because his scores on attractiveness; being funny; and shared interests are relatively low according to your importance weights; impacting your overall compatibility and satisfaction with the relationship.,18,7,,0
Assume you are a 27-year-old single man; and there is a 22-year-old woman who is courting you. Your career type is Financial Services. You evaluated her on six dimensions with scores out of 10. These are attractiveness: 8.0/10; sincerity: 7.0/10; intelligence: 6.0/10; being funny: 7.0/10; ambition: 7.0/10; shared interests: 5.0/10. Your importance weights for these attributes are: attractiveness: 33.33; sincerity: 11.11; intelligence: 11.11; being funny: 11.11; ambition: 11.11; shared interests: 22.22. Would you be willing to date this woman? And also tell me the reason. Your answer must be (YES) or (NO) followed by your reason. You must FOLLOW THIS RULE! You MUST NOT SAY other words.,YES; because the weighted average of her scores based on your importance weights suggests she meets your expectations sufficiently to consider dating her.,7,18,,1
Assume you are a 22-year-old man with career type Lawyer; currently matched with a partner. Your current partner's scores (out of 10): attractiveness: 6.0/10; sincerity: 9.0/10; intelligence: 7.0/10; being funny: 7.0/10; ambition: 6.0/10; shared interests: 5.0/10. A new woman is courting you with scores: attractiveness: 10.0/10; sincerity: 10.0/10; intelligence: 10.0/10; being funny: 10.0/10; ambition: 10.0/10; shared interests: 10.0/10. Your importance weights are: attractiveness: 19.0; sincerity: 18.0; intelligence: 19.0; being funny: 18.0; ambition: 14.0; shared interests: 12.0. Would you leave your current partner for the new woman? Your answer must be (YES) or (NO) followed by your reason. You must FOLLOW THIS RULE! You MUST NOT SAY other words.,NO; because a relationship's success isn't solely determined by ratings; and sincerity already highly scored in your current partner plays a key role in long-lasting relationships.,1,13,11,0
Assume you are a 21-year-old single woman; and there is a 25-year-old man who is courting you. Your career type is lawyer. You evaluated him on six dimensions with scores out of 10. These are attractiveness: 5.0/10; sincerity: 6.0/10; intelligence: 7.0/10; being funny: 5.0/10; ambition: 7.0/10; shared interests: 8.0/10. Your importance weights for these attributes are: attractiveness: 20.0; sincerity: 5.0; intelligence: 25.0; being funny: 25.0; ambition: 10.0; shared interests: 15.0. Would you be willing to date this man? And also tell me the reason. Your answer must be (YES) or (NO) followed by your reason. You must FOLLOW THIS RULE! You MUST NOT SAY other words.,NO; because his scores in attractiveness and being funny do not meet your high weighted preferences in these categories; impacting the overall compatibility despite decent scores in other areas.,16,5,,0
Assume you are a 30-year-old man with career type academics or journalism; currently matched with a partner. Your current partner's scores (out of 10): attractiveness: 10.0/10; sincerity: 10.0/10; intelligence: 10.0/10; being funny: 10.0/10; ambition: 10.0/10; shared interests: 10.0/10. A new woman is courting you with scores: attractiveness: 8.0/10; sincerity: 6.0/10; intelligence: 7.0/10; being funny: 8.0/10; ambition: 6.0/10; shared interests: 5.0/10. Your importance weights are: attractiveness: 35.0; sincerity: 15.0; intelligence: 25.0; being funny: 10.0; ambition: 5.0; shared interests: 10.0. Would you leave your current partner for the new woman? Your answer must be (YES) or (NO) followed by your reason. You must FOLLOW THIS RULE! You MUST NOT SAY other words.,NO because your current partner scores perfectly across all categories; and the new woman has substantially lower scores in areas that matter to you; particularly in sincerity and shared interests; which are crucial for a long-term relationship.,9,17,12,0
Assume you are a 25-year-old single woman; and there is a 22-year-old man who is courting you. Your career type is Journalist. You evaluated him on six dimensions with scores out of 10. These are attractiveness: 5.0/10; sincerity: 8.0/10; intelligence: 8.0/10; being funny: 6.0/10; ambition: 7.0/10; shared interests: 7.0/10. Your importance weights for these attributes are: attractiveness: 9.09; sincerity: 18.18; intelligence: 27.27; being funny: 18.18; ambition: 18.18; shared interests: 9.09. Would you be willing to date this man? And also tell me the reason. Your answer must be (YES) or (NO) followed by your reason. You must FOLLOW THIS RULE! You MUST NOT SAY other words.,YES; because his high scores in intelligence; sincerity; and ambition match well with their respective high importance weights; indicating compatibility in key areas that you value.,13,8,,1
Assume you are a 25-year-old woman with career type Economist; currently matched with a partner. Your current partner's scores (out of 10): attractiveness: 10.0/10; sincerity: 10.0/10; intelligence: 10.0/10; being funny: 10.0/10; ambition: 7.0/10; shared interests: 8.0/10. A new man is courting you with scores: attractiveness: 9.0/10; sincerity: 10.0/10; intelligence: 10.0/10; being funny: 10.0/10; ambition: 10.0/10; shared interests: 10.0/10. Your importance weights are: attractiveness: 35.0; sincerity: 10.0; intelligence: 35.0; being funny: 10.0; ambition: 10.0; shared interests: 0.0. Would you leave your current partner for the new man? Your answer must be (YES) or (NO) followed by your reason. You must FOLLOW THIS RULE! You MUST NOT SAY other words.,NO; because your high importance on attractiveness and intelligence; where your current partner scores perfectly; outweighs the slightly higher ambition and shared interests scores of the new man.,15,3,2,0
Assume you are a 25-year-old woman with career type Economist; currently matched with a partner. Your current partner's scores (out of 10): attractiveness: 7.0/10; sincerity: 7.0/10; intelligence: 7.0/10; being funny: 7.0/10; ambition: 6.0/10; shared interests: 6.0/10. A new man is courting you with scores: attractiveness: 9.0/10; sincerity: 9.0/10; intelligence: 9.0/10; being funny: 9.0/10; ambition: 9.0/10; shared interests: 9.0/10. Your importance weights are: attractiveness: 35.0; sincerity: 10.0; intelligence: 35.0; being funny: 10.0; ambition: 10.0; shared interests: 0.0. Would you leave your current partner for the new man? Your answer must be (YES) or (NO) followed by your reason. You must FOLLOW THIS RULE! You MUST NOT SAY other words.,YES; because the new man rates higher in the categories you value most (attractiveness and intelligence); significantly aligning with your priorities.,19,3,10,1
Assume you are a 25-year-old man with career type research/financial industry; currently matched with a partner. Your current partner's scores (out of 10): attractiveness: 8.0/10; sincerity: 10.0/10; intelligence: 7.0/10; being funny: 10.0/10; ambition: 7.0/10; shared interests: 10.0/10. A new woman is courting you with scores: attractiveness: 6.0/10; sincerity: 6.0/10; intelligence: 7.0/10; being funny: 7.0/10; ambition: 8.0/10; shared interests: 7.0/10. Your importance weights are: attractiveness: 50.0; sincerity: 0.0; intelligence: 30.0; being funny: 10.0; ambition: 0.0; shared interests: 10.0. Would you leave your current partner for the new woman? Your answer must be (YES) or (NO) followed by your reason. You must FOLLOW THIS RULE! You MUST NOT SAY other words.,NO; because based on your weighted importance; your current partner scores higher overall in the attributes you value most.,4,16,14,0
Assume you are a 21-year-old woman with career type lawyer; currently matched with a partner. Your current partner's scores (out of 10): attractiveness: 7.0/10; sincerity: 7.0/10; intelligence: 6.0/10; being funny: 8.0/10; ambition: 7.0/10; shared interests: 7.0/10. A new man is courting you with scores: attractiveness: 7.0/10; sincerity: 5.0/10; intelligence: 7.0/10; being funny: 8.0/10; ambition: 7.0/10; shared interests: 9.0/10. Your importance weights are: attractiveness: 20.0; sincerity: 5.0; intelligence: 25.0; being funny: 25.0; ambition: 10.0; shared interests: 15.0. Would you leave your current partner for the new man? Your answer must be (YES) or (NO) followed by your reason. You must FOLLOW THIS RULE! You MUST NOT SAY other words.,NO because the reduced sincerity score in the new man compared to your current partner significantly impacts the relationship quality; outweighing the increase in shared interests and intelligence when considering your weighted importance values.,19,5,3,0
Assume you are a 26-year-old woman with career type To create early childhood intervention programs; currently matched with a partner. Your current partner's scores (out of 10): attractiveness: 10.0/10; sincerity: 10.0/10; intelligence: 10.0/10; being funny: 10.0/10; ambition: 10.0/10; shared interests: 10.0/10. A new man is courting you with scores: attractiveness: 6.0/10; sincerity: 10.0/10; intelligence: 10.0/10; being funny: 10.0/10; ambition: 6.0/10; shared interests: nan/10. Your importance weights are: attractiveness: 15.0; sincerity: 15.0; intelligence: 15.0; being funny: 40.0; ambition: 10.0; shared interests: 5.0. Would you leave your current partner for the new man? Your answer must be (YES) or (NO) followed by your reason. You must FOLLOW THIS RULE! You MUST NOT SAY other words.,NO; because your current partner scores perfectly in all categories; which aligns better with your given importance weights; making them a more suitable match than the new man.,13,10,8,0
Assume you are a 25-year-old man with career type research/financial industry; currently matched with a partner. Your current partner's scores (out of 10): attractiveness: 8.0/10; sincerity: 9.0/10; intelligence: 9.0/10; being funny: 9.0/10; ambition: 10.0/10; shared interests: 7.0/10. A new woman is courting you with scores: attractiveness: 6.0/10; sincerity: 6.0/10; intelligence: 8.0/10; being funny: 8.0/10; ambition: 8.0/10; shared interests: 7.0/10. Your importance weights are: attractiveness: 50.0; sincerity: 0.0; intelligence: 30.0; being funny: 10.0; ambition: 0.0; shared interests: 10.0. Would you leave your current partner for the new woman? Your answer must be (YES) or (NO) followed by your reason. You must FOLLOW THIS RULE! You MUST NOT SAY other words.,NO; the current partner overall scores higher in your prioritized categories and aligns better with your values and preferences.,6,16,20,0
Assume you are a 21-year-old woman with career type lawyer; currently matched with a partner. Your current partner's scores (out of 10): attractiveness: 7.0/10; sincerity: 10.0/10; intelligence: 10.0/10; being funny: 6.0/10; ambition: 10.0/10; shared interests: 7.0/10. A new man is courting you with scores: attractiveness: 9.0/10; sincerity: 6.0/10; intelligence: 7.0/10; being funny: 9.0/10; ambition: 6.0/10; shared interests: 5.0/10. Your importance weights are: attractiveness: 20.0; sincerity: 5.0; intelligence: 25.0; being funny: 25.0; ambition: 10.0; shared interests: 15.0. Would you leave your current partner for the new man? Your answer must be (YES) or (NO) followed by your reason. You must FOLLOW THIS RULE! You MUST NOT SAY other words.,NO because the current partner has higher scores in sincerity; intelligence; and ambition; which are more heavily weighted according to your importance criteria; suggesting a better match based on your priorities.,20,5,6,0
Assume you are a 26-year-old woman with career type To create early childhood intervention programs; currently matched with a partner. Your current partner's scores (out of 10): attractiveness: 7.0/10; sincerity: 7.0/10; intelligence: 7.0/10; being funny: 9.0/10; ambition: 9.0/10; shared interests: 9.0/10. A new man is courting you with scores: attractiveness: 10.0/10; sincerity: 10.0/10; intelligence: 10.0/10; being funny: 10.0/10; ambition: 10.0/10; shared interests: nan/10. Your importance weights are: attractiveness: 15.0; sincerity: 15.0; intelligence: 15.0; being funny: 40.0; ambition: 10.0; shared interests: 5.0. Would you leave your current partner for the new man? Your answer must be (YES) or (NO) followed by your reason. You must FOLLOW THIS RULE! You MUST NOT SAY other words.,NO; because shared interests are important for long-term compatibility and there is uncertainty about this with the new man.,14,10,4,0
Assume you are a 26-year-old woman with career type To create early childhood intervention programs; currently matched with a partner. Your current partner's scores (out of 10): attractiveness: 6.0/10; sincerity: 8.0/10; intelligence: 8.0/10; being funny: 8.0/10; ambition: 8.0/10; shared interests: 6.0/10. A new man is courting you with scores: attractiveness: 6.0/10; sincerity: 10.0/10; intelligence: 10.0/10; being funny: 6.0/10; ambition: 6.0/10; shared interests: nan/10. Your importance weights are: attractiveness: 15.0; sincerity: 15.0; intelligence: 15.0; being funny: 40.0; ambition: 10.0; shared interests: 5.0. Would you leave your current partner for the new man? Your answer must be (YES) or (NO) followed by your reason. You must FOLLOW THIS RULE! You MUST NOT SAY other words.,NO; because humor is the most important quality for you and your current partner scores higher in being funny.,11,10,1,0
Assume you are a 26-year-old single woman; and there is a 30-year-old man who is courting you. Your career type is To create early childhood intervention programs. You evaluated him on six dimensions with scores out of 10. These are attractiveness: 5.0/10; sincerity: 10.0/10; intelligence: 8.0/10; being funny: 6.0/10; ambition: 9.0/10; shared interests: nan/10. Your importance weights for these attributes are: attractiveness: 15.0; sincerity: 15.0; intelligence: 15.0; being funny: 40.0; ambition: 10.0; shared interests: 5.0. Would you be willing to date this man? And also tell me the reason. Your answer must be (YES) or (NO) followed by your reason. You must FOLLOW THIS RULE! You MUST NOT SAY other words.,NO; because the score for being funny is significantly low while it is the most heavily weighted attribute in your importance criteria.,17,10,,0
Assume you are a 26-year-old woman with career type To create early childhood intervention programs; currently matched with a partner. Your current partner's scores (out of 10): attractiveness: 7.0/10; sincerity: 10.0/10; intelligence: 10.0/10; being funny: 6.0/10; ambition: 10.0/10; shared interests: 7.0/10. A new man is courting you with scores: attractiveness: 9.0/10; sincerity: 9.0/10; intelligence: 8.0/10; being funny: 10.0/10; ambition: 8.0/10; shared interests: 8.0/10. Your importance weights are: attractiveness: 15.0; sincerity: 15.0; intelligence: 15.0; being funny: 40.0; ambition: 10.0; shared interests: 5.0. Would you leave your current partner for the new man? Your answer must be (YES) or (NO) followed by your reason. You must FOLLOW THIS RULE! You MUST NOT SAY other words.,NO; based on the importance weights given to each category; your current partner scores higher in key areas such as sincerity; intelligence; and ambition; which are significant to you; outweighing the higher scores of the new man in attractiveness and being funny.,20,10,6,0
Assume you are a 26-year-old single woman; and there is a 25-year-old man who is courting you. Your career type is To create early childhood intervention programs. You evaluated him on six dimensions with scores out of 10. These are attractiveness: 5.0/10; sincerity: 10.0/10; intelligence: 6.0/10; being funny: 4.0/10; ambition: 6.0/10; shared interests: nan/10. Your importance weights for these attributes are: attractiveness: 15.0; sincerity: 15.0; intelligence: 15.0; being funny: 40.0; ambition: 10.0; shared interests: 5.0. Would you be willing to date this man? And also tell me the reason. Your answer must be (YES) or (NO) followed by your reason. You must FOLLOW THIS RULE! You MUST NOT SAY other words.,NO; he scores low in categories that are highly weighted in your preferences; particularly in being funny; which holds the greatest importance to you.,16,10,,0
Assume you are a 25-year-old man with career type research/financial industry; currently matched with a partner. Your current partner's scores (out of 10): attractiveness: 10.0/10; sincerity: 10.0/10; intelligence: 10.0/10; being funny: 10.0/10; ambition: 10.0/10; shared interests: 10.0/10. A new woman is courting you with scores: attractiveness: 6.0/10; sincerity: 6.0/10; intelligence: 7.0/10; being funny: 8.0/10; ambition: 7.0/10; shared interests: 7.0/10. Your importance weights are: attractiveness: 50.0; sincerity: 0.0; intelligence: 30.0; being funny: 10.0; ambition: 0.0; shared interests: 10.0. Would you leave your current partner for the new woman? Your answer must be (YES) or (NO) followed by your reason. You must FOLLOW THIS RULE! You MUST NOT SAY other words.,NO; because your current partner has perfect scores in all categories; significantly exceeding the scores of the new woman in the areas you value most; such as attractiveness and intelligence.,9,16,12,0
Assume you are a 26-year-old woman with career type To create early childhood intervention programs; currently matched with a partner. Your current partner's scores (out of 10): attractiveness: 10.0/10; sincerity: 10.0/10; intelligence: 10.0/10; being funny: 10.0/10; ambition: 7.0/10; shared interests: 8.0/10. A new man is courting you with scores: attractiveness: 5.0/10; sincerity: 7.0/10; intelligence: 7.0/10; being funny: 7.0/10; ambition: 7.0/10; shared interests: nan/10. Your importance weights are: attractiveness: 15.0; sincerity: 15.0; intelligence: 15.0; being funny: 40.0; ambition: 10.0; shared interests: 5.0. Would you leave your current partner for the new man? Your answer must be (YES) or (NO) followed by your reason. You must FOLLOW THIS RULE! You MUST NOT SAY other words.,NO; because your current partner has significantly higher ratings in categories that are most important to you; such as being funny; along with high scores in attractiveness; sincerity; and intelligence; which align closely with your weighted values.,15,10,2,0
Assume you are a 30-year-old man with career type academics or journalism; currently matched with a partner. Your current partner's scores (out of 10): attractiveness: 6.0/10; sincerity: 9.0/10; intelligence: 7.0/10; being funny: 7.0/10; ambition: 6.0/10; shared interests: 5.0/10. A new woman is courting you with scores: attractiveness: 3.0/10; sincerity: 6.0/10; intelligence: 7.0/10; being funny: 5.0/10; ambition: 8.0/10; shared interests: 7.0/10. Your importance weights are: attractiveness: 35.0; sincerity: 15.0; intelligence: 25.0; being funny: 10.0; ambition: 5.0; shared interests: 10.0. Would you leave your current partner for the new woman? Your answer must be (YES) or (NO) followed by your reason. You must FOLLOW THIS RULE! You MUST NOT SAY other words.,NO; because based on your weighted importance of qualities; your current partner scores higher overall compared to the new woman; indicating better compatibility based on your personal value system.,1,17,11,0
Assume you are a 21-year-old woman with career type lawyer; currently matched with a partner. Your current partner's scores (out of 10): attractiveness: 8.0/10; sincerity: 8.0/10; intelligence: 10.0/10; being funny: 7.0/10; ambition: 6.0/10; shared interests: 5.0/10. A new man is courting you with scores: attractiveness: 8.0/10; sincerity: 6.0/10; intelligence: 6.0/10; being funny: 5.0/10; ambition: 5.0/10; shared interests: 5.0/10. Your importance weights are: attractiveness: 20.0; sincerity: 5.0; intelligence: 25.0; being funny: 25.0; ambition: 10.0; shared interests: 15.0. Would you leave your current partner for the new man? Your answer must be (YES) or (NO) followed by your reason. You must FOLLOW THIS RULE! You MUST NOT SAY other words.,NO; because your current partner has higher ratings in sincerity; intelligence; and being funny; aspects you value most; according to your importance weights.,12,5,9,0
Assume you are a 26-year-old woman with career type To create early childhood intervention programs; currently matched with a partner. Your current partner's scores (out of 10): attractiveness: 8.0/10; sincerity: 7.0/10; intelligence: 6.0/10; being funny: 7.0/10; ambition: 7.0/10; shared interests: 5.0/10. A new man is courting you with scores: attractiveness: 5.0/10; sincerity: 6.0/10; intelligence: 6.0/10; being funny: 4.0/10; ambition: 5.0/10; shared interests: nan/10. Your importance weights are: attractiveness: 15.0; sincerity: 15.0; intelligence: 15.0; being funny: 40.0; ambition: 10.0; shared interests: 5.0. Would you leave your current partner for the new man? Your answer must be (YES) or (NO) followed by your reason. You must FOLLOW THIS RULE! You MUST NOT SAY other words.,NO; because your current partner scores higher in almost all the categories that are important to you; especially in being funny; which has the highest weight in your importance scores. This suggests a better overall compatibility with your current partner compared to the new man.,18,10,7,0
Assume you are a 25-year-old single man; and there is a 26-year-old woman who is courting you. Your career type is research/financial industry. You evaluated her on six dimensions with scores out of 10. These are attractiveness: nan/10; sincerity: 8.0/10; intelligence: 7.0/10; being funny: 7.0/10; ambition: 7.0/10; shared interests: 7.0/10. Your importance weights for these attributes are: attractiveness: 50.0; sincerity: 0.0; intelligence: 30.0; being funny: 10.0; ambition: 0.0; shared interests: 10.0. Would you be willing to date this woman? And also tell me the reason. Your answer must be (YES) or (NO) followed by your reason. You must FOLLOW THIS RULE! You MUST NOT SAY other words.,NO; because attractiveness is highly important to you; but its score is not available; making it difficult to evaluate her compatibility based on your priority.,10,16,,0
Assume you are a 26-year-old woman with career type To create early childhood intervention programs; currently matched with a partner. Your current partner's scores (out of 10): attractiveness: 8.0/10; sincerity: 8.0/10; intelligence: 10.0/10; being funny: 7.0/10; ambition: 6.0/10; shared interests: 5.0/10. A new man is courting you with scores: attractiveness: 1.0/10; sincerity: 1.0/10; intelligence: 1.0/10; being funny: 1.0/10; ambition: 1.0/10; shared interests: nan/10. Your importance weights are: attractiveness: 15.0; sincerity: 15.0; intelligence: 15.0; being funny: 40.0; ambition: 10.0; shared interests: 5.0. Would you leave your current partner for the new man? Your answer must be (YES) or (NO) followed by your reason. You must FOLLOW THIS RULE! You MUST NOT SAY other words.,NO; because the new man scores significantly lower in every category compared to your current partner; making him less compatible based on your priority traits.,12,10,9,0
Assume you are a 25-year-old man with career type research/financial industry; currently matched with a partner. Your current partner's scores (out of 10): attractiveness: 6.0/10; sincerity: 9.0/10; intelligence: 7.0/10; being funny: 7.0/10; ambition: 6.0/10; shared interests: 5.0/10. A new woman is courting you with scores: attractiveness: 7.0/10; sincerity: 7.0/10; intelligence: 8.0/10; being funny: 8.0/10; ambition: 7.0/10; shared interests: 7.0/10. Your importance weights are: attractiveness: 50.0; sincerity: 0.0; intelligence: 30.0; being funny: 10.0; ambition: 0.0; shared interests: 10.0. Would you leave your current partner for the new woman? Your answer must be (YES) or (NO) followed by your reason. You must FOLLOW THIS RULE! You MUST NOT SAY other words.,NO; because sincerity; which your current partner scores higher on; has not been assigned any importance weight; indicating it's not a deciding factor. However; your current partner has a strong bond in areas that are given significant importance such as attractiveness and intelligence; despite the new interest having a slight edge in total weighted scores; the difference might not justify disrupting an existing relationship where other foundational qualities like sincerity are strong.,1,16,11,0
Assume you are a 21-year-old woman with career type lawyer; currently matched with a partner. Your current partner's scores (out of 10): attractiveness: 10.0/10; sincerity: 10.0/10; intelligence: 10.0/10; being funny: 10.0/10; ambition: 10.0/10; shared interests: 10.0/10. A new man is courting you with scores: attractiveness: 4.0/10; sincerity: 6.0/10; intelligence: 8.0/10; being funny: 8.0/10; ambition: 6.0/10; shared interests: 5.0/10. Your importance weights are: attractiveness: 20.0; sincerity: 5.0; intelligence: 25.0; being funny: 25.0; ambition: 10.0; shared interests: 15.0. Would you leave your current partner for the new man? Your answer must be (YES) or (NO) followed by your reason. You must FOLLOW THIS RULE! You MUST NOT SAY other words.,NO; because your current partner scores perfectly across all factors and aligns better with your weighted importance on attributes such as attractiveness; sincerity; intelligence; being funny; ambition; and shared interests compared to the new man.,13,5,8,0
Assume you are a 25-year-old man with career type research/financial industry; currently matched with a partner. Your current partner's scores (out of 10): attractiveness: 6.0/10; sincerity: 8.0/10; intelligence: 7.0/10; being funny: 9.0/10; ambition: 7.0/10; shared interests: 8.0/10. A new woman is courting you with scores: attractiveness: 7.0/10; sincerity: 8.0/10; intelligence: 7.0/10; being funny: 5.0/10; ambition: 7.0/10; shared interests: 7.0/10. Your importance weights are: attractiveness: 50.0; sincerity: 0.0; intelligence: 30.0; being funny: 10.0; ambition: 0.0; shared interests: 10.0. Would you leave your current partner for the new woman? Your answer must be (YES) or (NO) followed by your reason. You must FOLLOW THIS RULE! You MUST NOT SAY other words.,NO; because based on your prioritized importance weights; your current partner has higher scores in the categories you find most important; specifically in being funny and shared interests; which also leads to a higher overall weighted score than the new woman courting you.,2,16,15,0
Assume you are a 21-year-old woman with career type lawyer; currently matched with a partner. Your current partner's scores (out of 10): attractiveness: 10.0/10; sincerity: 10.0/10; intelligence: 10.0/10; being funny: 10.0/10; ambition: 7.0/10; shared interests: 8.0/10. A new man is courting you with scores: attractiveness: 6.0/10; sincerity: 7.0/10; intelligence: 7.0/10; being funny: 5.0/10; ambition: 4.0/10; shared interests: 8.0/10. Your importance weights are: attractiveness: 20.0; sincerity: 5.0; intelligence: 25.0; being funny: 25.0; ambition: 10.0; shared interests: 15.0. Would you leave your current partner for the new man? Your answer must be (YES) or (NO) followed by your reason. You must FOLLOW THIS RULE! You MUST NOT SAY other words.,NO; because your current partner scores significantly higher in categories you prioritize most: intelligence; being funny; and attractiveness.,15,5,2,0
Assume you are a 21-year-old single woman; and there is a 30-year-old man who is courting you. Your career type is lawyer. You evaluated him on six dimensions with scores out of 10. These are attractiveness: 6.0/10; sincerity: 6.0/10; intelligence: 8.0/10; being funny: 5.0/10; ambition: 5.0/10; shared interests: 6.0/10. Your importance weights for these attributes are: attractiveness: 20.0; sincerity: 5.0; intelligence: 25.0; being funny: 25.0; ambition: 10.0; shared interests: 15.0. Would you be willing to date this man? And also tell me the reason. Your answer must be (YES) or (NO) followed by your reason. You must FOLLOW THIS RULE! You MUST NOT SAY other words.,NO; because the scores he received in key areas such as being funny and ambition; which are highly weighted in your preferences; are relatively low. This indicates a misalignment with what you value most in a partner.,17,5,,0
Assume you are a 30-year-old man with career type academics or journalism; currently matched with a partner. Your current partner's scores (out of 10): attractiveness: 8.0/10; sincerity: 9.0/10; intelligence: 9.0/10; being funny: 9.0/10; ambition: 10.0/10; shared interests: 7.0/10. A new woman is courting you with scores: attractiveness: 5.0/10; sincerity: 6.0/10; intelligence: 8.0/10; being funny: 4.0/10; ambition: 5.0/10; shared interests: 4.0/10. Your importance weights are: attractiveness: 35.0; sincerity: 15.0; intelligence: 25.0; being funny: 10.0; ambition: 5.0; shared interests: 10.0. Would you leave your current partner for the new woman? Your answer must be (YES) or (NO) followed by your reason. You must FOLLOW THIS RULE! You MUST NOT SAY other words.,NO; because your current partner scores higher in almost all categories that are important to you compared to the new woman; particularly in areas you value most like attractiveness; sincerity; and intelligence.,6,17,20,0
Assume you are a 30-year-old man with career type academics or journalism; currently matched with a partner. Your current partner's scores (out of 10): attractiveness: 5.0/10; sincerity: 8.0/10; intelligence: 8.0/10; being funny: 6.0/10; ambition: 7.0/10; shared interests: 7.0/10. A new woman is courting you with scores: attractiveness: 6.0/10; sincerity: 4.0/10; intelligence: 7.0/10; being funny: 5.0/10; ambition: 6.0/10; shared interests: 4.0/10. Your importance weights are: attractiveness: 35.0; sincerity: 15.0; intelligence: 25.0; being funny: 10.0; ambition: 5.0; shared interests: 10.0. Would you leave your current partner for the new woman? Your answer must be (YES) or (NO) followed by your reason. You must FOLLOW THIS RULE! You MUST NOT SAY other words.,NO; because the new woman has significantly lower sincerity and shared interests scores; which are crucial for a successful and genuine long-term relationship; despite her slightly higher attractiveness.,8,17,13,0
Assume you are a 21-year-old woman with career type lawyer; currently matched with a partner. Your current partner's scores (out of 10): attractiveness: 8.0/10; sincerity: 7.0/10; intelligence: 6.0/10; being funny: 7.0/10; ambition: 7.0/10; shared interests: 5.0/10. A new man is courting you with scores: attractiveness: 5.0/10; sincerity: 5.0/10; intelligence: 7.0/10; being funny: 6.0/10; ambition: 7.0/10; shared interests: 5.0/10. Your importance weights are: attractiveness: 20.0; sincerity: 5.0; intelligence: 25.0; being funny: 25.0; ambition: 10.0; shared interests: 15.0. Would you leave your current partner for the new man? Your answer must be (YES) or (NO) followed by your reason. You must FOLLOW THIS RULE! You MUST NOT SAY other words.,NO; because your current partner scores higher overall based on your weighted importance for each trait; indicating a better match compared to the new man.,18,5,7,0
Assume you are a 25-year-old man with career type research/financial industry; currently matched with a partner. Your current partner's scores (out of 10): attractiveness: 9.0/10; sincerity: 9.0/10; intelligence: 9.0/10; being funny: 9.0/10; ambition: 9.0/10; shared interests: 9.0/10. A new woman is courting you with scores: attractiveness: 7.0/10; sincerity: 6.0/10; intelligence: 6.0/10; being funny: 6.0/10; ambition: 6.0/10; shared interests: 6.0/10. Your importance weights are: attractiveness: 50.0; sincerity: 0.0; intelligence: 30.0; being funny: 10.0; ambition: 0.0; shared interests: 10.0. Would you leave your current partner for the new woman? Your answer must be (YES) or (NO) followed by your reason. You must FOLLOW THIS RULE! You MUST NOT SAY other words.,NO; based on your importance weights and the scores you assigned; your current partner outperforms the new woman significantly in categories you value most; making it sensible to stay with your current partner.,3,16,19,0
Assume you are a 21-year-old woman with career type lawyer; currently matched with a partner. Your current partner's scores (out of 10): attractiveness: 6.0/10; sincerity: 8.0/10; intelligence: 8.0/10; being funny: 8.0/10; ambition: 8.0/10; shared interests: 6.0/10. A new man is courting you with scores: attractiveness: 5.0/10; sincerity: 8.0/10; intelligence: 8.0/10; being funny: 2.0/10; ambition: 2.0/10; shared interests: 2.0/10. Your importance weights are: attractiveness: 20.0; sincerity: 5.0; intelligence: 25.0; being funny: 25.0; ambition: 10.0; shared interests: 15.0. Would you leave your current partner for the new man? Your answer must be (YES) or (NO) followed by your reason. You must FOLLOW THIS RULE! You MUST NOT SAY other words.,NO; because your current partner scores higher overall according to your importance weights; particularly in being funny; ambition; and shared interests which are significant for your satisfaction in a relationship.,11,5,1,0
Assume you are a 30-year-old single man; and there is a 26-year-old woman who is courting you. Your career type is academics or journalism. You evaluated her on six dimensions with scores out of 10. These are attractiveness: 7.0/10; sincerity: 7.0/10; intelligence: 4.0/10; being funny: 3.0/10; ambition: 4.0/10; shared interests: 4.0/10. Your importance weights for these attributes are: attractiveness: 35.0; sincerity: 15.0; intelligence: 25.0; being funny: 10.0; ambition: 5.0; shared interests: 10.0. Would you be willing to date this woman? And also tell me the reason. Your answer must be (YES) or (NO) followed by your reason. You must FOLLOW THIS RULE! You MUST NOT SAY other words.,NO; because the woman's scores in intelligence; being funny; ambition; and shared interests are relatively low compared to the importance you place on these attributes; possibly leading to long-term compatibility issues.,10,17,,0
Assume you are a 25-year-old single man; and there is a 21-year-old woman who is courting you. Your career type is research/financial industry. You evaluated her on six dimensions with scores out of 10. These are attractiveness: 5.0/10; sincerity: 8.0/10; intelligence: 7.0/10; being funny: 7.0/10; ambition: 7.0/10; shared interests: 7.0/10. Your importance weights for these attributes are: attractiveness: 50.0; sincerity: 0.0; intelligence: 30.0; being funny: 10.0; ambition: 0.0; shared interests: 10.0. Would you be willing to date this woman? And also tell me the reason. Your answer must be (YES) or (NO) followed by your reason. You must FOLLOW THIS RULE! You MUST NOT SAY other words.,NO; because the low attractiveness score significantly impacts your overall assessment given its high importance to you.,5,16,,0
Assume you are a 30-year-old man with career type academics or journalism; currently matched with a partner. Your current partner's scores (out of 10): attractiveness: 9.0/10; sincerity: 9.0/10; intelligence: 9.0/10; being funny: 9.0/10; ambition: 9.0/10; shared interests: 9.0/10. A new woman is courting you with scores: attractiveness: 6.0/10; sincerity: 3.0/10; intelligence: 5.0/10; being funny: 4.0/10; ambition: 5.0/10; shared interests: 4.0/10. Your importance weights are: attractiveness: 35.0; sincerity: 15.0; intelligence: 25.0; being funny: 10.0; ambition: 5.0; shared interests: 10.0. Would you leave your current partner for the new woman? Your answer must be (YES) or (NO) followed by your reason. You must FOLLOW THIS RULE! You MUST NOT SAY other words.,NO; because your current partner significantly outperforms the new woman in all aspects that are important to you; including the highest weighted categories of attractiveness; intelligence; and sincerity.,3,17,19,0
Assume you are a 25-year-old man with career type research/financial industry; currently matched with a partner. Your current partner's scores (out of 10): attractiveness: 5.0/10; sincerity: 7.0/10; intelligence: 8.0/10; being funny: 5.0/10; ambition: 9.0/10; shared interests: 5.0/10. A new woman is courting you with scores: attractiveness: 8.0/10; sincerity: 8.0/10; intelligence: 8.0/10; being funny: 6.0/10; ambition: 6.0/10; shared interests: 6.0/10. Your importance weights are: attractiveness: 50.0; sincerity: 0.0; intelligence: 30.0; being funny: 10.0; ambition: 0.0; shared interests: 10.0. Would you leave your current partner for the new woman? Your answer must be (YES) or (NO) followed by your reason. You must FOLLOW THIS RULE! You MUST NOT SAY other words.,NO; because based on your importance weights; attractiveness and intelligence are most significant to you; and the scores suggest the new woman might offer an increase in attractiveness; but overall compatibility and satisfaction with your current partner might weigh more significantly considering all rated aspects.,7,16,18,0
Assume you are a 30-year-old man with career type academics or journalism; currently matched with a partner. Your current partner's scores (out of 10): attractiveness: 8.0/10; sincerity: 10.0/10; intelligence: 7.0/10; being funny: 10.0/10; ambition: 7.0/10; shared interests: 10.0/10. A new woman is courting you with scores: attractiveness: 7.0/10; sincerity: 6.0/10; intelligence: 3.0/10; being funny: 5.0/10; ambition: 6.0/10; shared interests: 5.0/10. Your importance weights are: attractiveness: 35.0; sincerity: 15.0; intelligence: 25.0; being funny: 10.0; ambition: 5.0; shared interests: 10.0. Would you leave your current partner for the new woman? Your answer must be (YES) or (NO) followed by your reason. You must FOLLOW THIS RULE! You MUST NOT SAY other words.,NO; because the current partner scores significantly higher in most categories important to you; particularly in sincerity; intelligence; and shared interests; which align more closely with your values and interests.,4,17,14,0
Assume you are a 25-year-old man with career type research/financial industry; currently matched with a partner. Your current partner's scores (out of 10): attractiveness: 5.0/10; sincerity: 8.0/10; intelligence: 8.0/10; being funny: 6.0/10; ambition: 7.0/10; shared interests: 7.0/10. A new woman is courting you with scores: attractiveness: 8.0/10; sincerity: 7.0/10; intelligence: 7.0/10; being funny: 7.0/10; ambition: 8.0/10; shared interests: 7.0/10. Your importance weights are: attractiveness: 50.0; sincerity: 0.0; intelligence: 30.0; being funny: 10.0; ambition: 0.0; shared interests: 10.0. Would you leave your current partner for the new woman? Your answer must be (YES) or (NO) followed by your reason. You must FOLLOW THIS RULE! You MUST NOT SAY other words.,NO; because the importance weights given to sincerity and ambition are 0.0; indicating these traits are not valued; despite both scores being higher in the new woman. Additionally; the difference in scores for attractiveness is not sufficient to outweigh the established relationship with your current partner; especially considering the importance weights applied to other categories.,8,16,13,0
Assume you are a 30-year-old man with career type academics or journalism; currently matched with a partner. Your current partner's scores (out of 10): attractiveness: 5.0/10; sincerity: 7.0/10; intelligence: 8.0/10; being funny: 5.0/10; ambition: 9.0/10; shared interests: 5.0/10. A new woman is courting you with scores: attractiveness: 7.0/10; sincerity: 6.0/10; intelligence: 5.0/10; being funny: 4.0/10; ambition: 4.0/10; shared interests: 3.0/10. Your importance weights are: attractiveness: 35.0; sincerity: 15.0; intelligence: 25.0; being funny: 10.0; ambition: 5.0; shared interests: 10.0. Would you leave your current partner for the new woman? Your answer must be (YES) or (NO) followed by your reason. You must FOLLOW THIS RULE! You MUST NOT SAY other words.,NO because based on your weighted importance of qualities such as sincerity; intelligence; and shared interests; your current partner scores higher in overall compatibility compared to the new woman.,7,17,18,0
Assume you are a 30-year-old man with career type academics or journalism; currently matched with a partner. Your current partner's scores (out of 10): attractiveness: 6.0/10; sincerity: 8.0/10; intelligence: 7.0/10; being funny: 9.0/10; ambition: 7.0/10; shared interests: 8.0/10. A new woman is courting you with scores: attractiveness: 5.0/10; sincerity: 3.0/10; intelligence: 4.0/10; being funny: 3.0/10; ambition: 5.0/10; shared interests: 3.0/10. Your importance weights are: attractiveness: 35.0; sincerity: 15.0; intelligence: 25.0; being funny: 10.0; ambition: 5.0; shared interests: 10.0. Would you leave your current partner for the new woman? Your answer must be (YES) or (NO) followed by your reason. You must FOLLOW THIS RULE! You MUST NOT SAY other words.,NO; because your current partner scores higher in all the qualities you value according to your importance weights; suggesting a better overall compatibility than the new woman courting you.,2,17,15,0
Assume you are a 30-year-old single man; and there is a 21-year-old woman who is courting you. Your career type is academics or journalism. You evaluated her on six dimensions with scores out of 10. These are attractiveness: 2.0/10; sincerity: 3.0/10; intelligence: 4.0/10; being funny: 4.0/10; ambition: 5.0/10; shared interests: 3.0/10. Your importance weights for these attributes are: attractiveness: 35.0; sincerity: 15.0; intelligence: 25.0; being funny: 10.0; ambition: 5.0; shared interests: 10.0. Would you be willing to date this woman? And also tell me the reason. Your answer must be (YES) or (NO) followed by your reason. You must FOLLOW THIS RULE! You MUST NOT SAY other words.,NO; the scores for key attributes such as attractiveness; sincerity; and intelligence are low relative to their importance weights; suggesting a mismatch in what you value most in a relationship partner.,5,17,,0
