Assume you are a 26-year-old single woman; and there is a 27-year-old man who is courting you. Your career type is Entertainment/Media. You evaluated him on six dimensions with scores out of 10. These are attractiveness: 7.0/10; sincerity: 7.0/10; intelligence: 7.0/10; being funny: 7.0/10; ambition: 5.0/10; shared interests: 7.0/10. Your importance weights for these attributes are: attractiveness: 10.0; sincerity: 30.0; intelligence: 30.0; being funny: 10.0; ambition: 10.0; shared interests: 10.0. Would you be willing to date this man? And also tell me the reason. Your answer must be (YES) or (NO) followed by your reason. You must FOLLOW THIS RULE! You MUST NOT SAY other words.,NO. The weighted scores for sincerity (7.0 * 30 = 210) and intelligence (7.0 * 30 = 210) are strong; but ambition (5.0 * 10 = 50) is below average; and the other attributes; while decent; don't compensate enough given their lower weights. The overall balance doesn't meet the prioritized criteria (sincerity and intelligence are high; but ambition is a potential drawback).,243,240,,0
Assume you are a 24-year-old single woman; and there is a 28-year-old man who is courting you. Your career type is Research/Teaching. You evaluated him on six dimensions with scores out of 10. These are attractiveness: 7.0/10; sincerity: 7.0/10; intelligence: 7.0/10; being funny: 9.0/10; ambition: 9.0/10; shared interests: 9.0/10. Your importance weights for these attributes are: attractiveness: 15.0; sincerity: 20.0; intelligence: 15.0; being funny: 20.0; ambition: 15.0; shared interests: 15.0. Would you be willing to date this man? And also tell me the reason. Your answer must be (YES) or (NO) followed by your reason. You must FOLLOW THIS RULE! You MUST NOT SAY other words.,(YES) The weighted scores (attractiveness: 7.0*15=105; sincerity: 7.0*20=140; intelligence: 7.0*15=105; being funny: 9.0*20=180; ambition: 9.0*15=135; shared interests: 9.0*15=135) sum to 800; which is a strong overall match given the importance weights. His high scores in sincerity; being funny; ambition; and shared interests align well with your priorities.,244,236,,1
Assume you are a 23-year-old single woman; and there is a 27-year-old man who is courting you. Your career type is elementary school teacher. You evaluated him on six dimensions with scores out of 10. These are attractiveness: 7.0/10; sincerity: 6.0/10; intelligence: 6.0/10; being funny: 8.0/10; ambition: 7.0/10; shared interests: 7.0/10. Your importance weights for these attributes are: attractiveness: 15.0; sincerity: 15.0; intelligence: 20.0; being funny: 20.0; ambition: 20.0; shared interests: 10.0. Would you be willing to date this man? And also tell me the reason. Your answer must be (YES) or (NO) followed by your reason. You must FOLLOW THIS RULE! You MUST NOT SAY other words.,YES. The weighted score (attractiveness: 1.05; sincerity: 0.9; intelligence: 1.2; being funny: 1.6; ambition: 1.4; shared interests: 0.7) totals 6.85/10; which meets a reasonable threshold for dating.,248,235,,1
Assume you are a 32-year-old single man; and there is a 34-year-old woman who is courting you. Your career type is Academic (Law). You evaluated her on six dimensions with scores out of 10. These are attractiveness: 7.0/10; sincerity: 8.0/10; intelligence: 6.0/10; being funny: 6.0/10; ambition: nan/10; shared interests: nan/10. Your importance weights for these attributes are: attractiveness: 18.0; sincerity: 10.0; intelligence: 30.0; being funny: 10.0; ambition: 10.0; shared interests: 22.0. Would you be willing to date this woman? And also tell me the reason. Your answer must be (YES) or (NO) followed by your reason. You must FOLLOW THIS RULE! You MUST NOT SAY other words.,NO. The intelligence score (6.0/10) is below your high importance weight (30.0); and shared interests (nan/10) is missing but has a high weight (22.0). These critical factors are not sufficiently met.,237,245,,0
Assume you are a 25-year-old single man; and there is a 27-year-old woman who is courting you. Your career type is scientist. You evaluated her on six dimensions with scores out of 10. These are attractiveness: 6.0/10; sincerity: 6.0/10; intelligence: 7.0/10; being funny: nan/10; ambition: nan/10; shared interests: 5.0/10. Your importance weights for these attributes are: attractiveness: 35.0; sincerity: 20.0; intelligence: 10.0; being funny: 20.0; ambition: 10.0; shared interests: 5.0. Would you be willing to date this woman? And also tell me the reason. Your answer must be (YES) or (NO) followed by your reason. You must FOLLOW THIS RULE! You MUST NOT SAY other words.,NO - The weighted score does not meet a sufficient threshold given the importance weights.,238,246,,0
Assume you are a 26-year-old woman with career type Entertainment/Media; currently matched with a partner. Your current partner's scores (out of 10): attractiveness: 4.0/10; sincerity: 6.0/10; intelligence: 7.0/10; being funny: 2.0/10; ambition: 2.0/10; shared interests: 1.0/10. A new man is courting you with scores: attractiveness: 7.0/10; sincerity: 7.0/10; intelligence: 6.0/10; being funny: 6.0/10; ambition: 5.0/10; shared interests: 5.0/10. Your importance weights are: attractiveness: 10.0; sincerity: 30.0; intelligence: 30.0; being funny: 10.0; ambition: 10.0; shared interests: 10.0. Would you leave your current partner for the new man? Your answer must be (YES) or (NO) followed by your reason. You must FOLLOW THIS RULE! You MUST NOT SAY other words.,YES. The new man scores higher in sincerity; intelligence; and shared interests; which are your top-weighted traits (30.0; 30.0; and 10.0 respectively); while also improving in attractiveness; humor; and ambition. The current partner falls short in key areas like shared interests (1.0) and ambition (2.0); making the new man a better overall match.,244,240,236,1
Assume you are a 33-year-old man with career type Wall Street Economist; currently matched with a partner. Your current partner's scores (out of 10): attractiveness: 7.0/10; sincerity: 6.0/10; intelligence: 6.0/10; being funny: 8.0/10; ambition: 7.0/10; shared interests: 7.0/10. A new woman is courting you with scores: attractiveness: 9.0/10; sincerity: 8.0/10; intelligence: 9.0/10; being funny: 9.0/10; ambition: 6.0/10; shared interests: 7.0/10. Your importance weights are: attractiveness: 22.0; sincerity: 22.0; intelligence: 15.0; being funny: 15.0; ambition: 5.0; shared interests: 21.0. Would you leave your current partner for the new woman? Your answer must be (YES) or (NO) followed by your reason. You must FOLLOW THIS RULE! You MUST NOT SAY other words.,NO – The weighted score of your current partner (7.0*22 + 6.0*22 + 6.0*15 + 8.0*15 + 7.0*5 + 7.0*21 = 154 + 132 + 90 + 120 + 35 + 147 = 678) is higher than the new woman's (9.0*22 + 8.0*22 + 9.0*15 + 9.0*15 + 6.0*5 + 7.0*21 = 198 + 176 + 135 + 135 + 30 + 147 = 821). However; the weights prioritize sincerity and attractiveness equally; and the new woman scores significantly higher in both; making her objectively a better match despite the miscalculation. (Correction: The correct weighted sum for the new woman is higher; so the answer should be YES.)    YES – The new woman's weighted score (821) exceeds your current partner's (678); aligning better with your priorities (attractiveness and sincerity).,235,249,248,1
Assume you are a 24-year-old single woman; and there is a 27-year-old man who is courting you. Your career type is Research/Teaching. You evaluated him on six dimensions with scores out of 10. These are attractiveness: 6.0/10; sincerity: 7.0/10; intelligence: 8.0/10; being funny: 6.0/10; ambition: 7.0/10; shared interests: 5.0/10. Your importance weights for these attributes are: attractiveness: 15.0; sincerity: 20.0; intelligence: 15.0; being funny: 20.0; ambition: 15.0; shared interests: 15.0. Would you be willing to date this man? And also tell me the reason. Your answer must be (YES) or (NO) followed by your reason. You must FOLLOW THIS RULE! You MUST NOT SAY other words.,NO. The weighted score (5.85) is below average; with low compatibility in shared interests and humor; which are highly weighted priorities for you.,243,236,,0
Assume you are a 25-year-old man with career type professor; poet/critic; currently matched with a partner. Your current partner's scores (out of 10): attractiveness: 2.0/10; sincerity: 5.0/10; intelligence: 5.0/10; being funny: 2.0/10; ambition: 5.0/10; shared interests: 2.0/10. A new woman is courting you with scores: attractiveness: 9.0/10; sincerity: 10.0/10; intelligence: 7.0/10; being funny: 9.0/10; ambition: 7.0/10; shared interests: 7.0/10. Your importance weights are: attractiveness: 20.0; sincerity: 20.0; intelligence: 20.0; being funny: 20.0; ambition: 10.0; shared interests: 10.0. Would you leave your current partner for the new woman? Your answer must be (YES) or (NO) followed by your reason. You must FOLLOW THIS RULE! You MUST NOT SAY other words.,YES. The new woman significantly outperforms your current partner in all weighted categories; especially in attractiveness; sincerity; intelligence; and humor—which you value highly (20.0 weight each). The shared interests and ambition; though less weighted; are also substantially better. The overall compatibility and fulfillment are clearly higher with the new woman.,235,250,249,1
Assume you are a 27-year-old man with career type Trader; currently matched with a partner. Your current partner's scores (out of 10): attractiveness: 3.0/10; sincerity: 7.0/10; intelligence: 7.0/10; being funny: 6.0/10; ambition: 9.0/10; shared interests: 5.0/10. A new woman is courting you with scores: attractiveness: 7.0/10; sincerity: 8.0/10; intelligence: 6.0/10; being funny: 8.0/10; ambition: 6.0/10; shared interests: 4.0/10. Your importance weights are: attractiveness: 25.0; sincerity: 15.0; intelligence: 20.0; being funny: 20.0; ambition: 15.0; shared interests: 5.0. Would you leave your current partner for the new woman? Your answer must be (YES) or (NO) followed by your reason. You must FOLLOW THIS RULE! You MUST NOT SAY other words.,YES. The new woman scores higher in attractiveness; sincerity; and being funny; which are more heavily weighted in your priorities; outweighing the slight trade-offs in intelligence and ambition. Shared interests have minimal weight in your decision.,235,248,250,1
Assume you are a 34-year-old single woman; and there is a 32-year-old man who is courting you. Your career type is WRITING. You evaluated him on six dimensions with scores out of 10. These are attractiveness: 6.0/10; sincerity: 8.0/10; intelligence: 9.0/10; being funny: 8.0/10; ambition: 10.0/10; shared interests: nan/10. Your importance weights for these attributes are: attractiveness: 10.0; sincerity: 20.0; intelligence: 20.0; being funny: 20.0; ambition: 20.0; shared interests: 10.0. Would you be willing to date this man? And also tell me the reason. Your answer must be (YES) or (NO) followed by your reason. You must FOLLOW THIS RULE! You MUST NOT SAY other words.,YES. High scores in sincerity; intelligence; humor; and ambition (weighted heavily) outweigh the lower attractiveness score and unknown shared interests. His traits align well with your priorities.,245,237,,1
Assume you are a 29-year-old single woman; and there is a 25-year-old man who is courting you. Your career type is president. You evaluated him on six dimensions with scores out of 10. These are attractiveness: 8.0/10; sincerity: 6.0/10; intelligence: 10.0/10; being funny: 9.0/10; ambition: 10.0/10; shared interests: 9.0/10. Your importance weights for these attributes are: attractiveness: 90.0; sincerity: 2.0; intelligence: 2.0; being funny: 2.0; ambition: 2.0; shared interests: 2.0. Would you be willing to date this man? And also tell me the reason. Your answer must be (YES) or (NO) followed by your reason. You must FOLLOW THIS RULE! You MUST NOT SAY other words.,(YES) Because attractiveness is heavily weighted (90.0) and he scores high (8.0/10); while other factors; though less important; are still strong.,250,241,,1
Assume you are a 25-year-old man with career type Naturalist; currently matched with a partner. Your current partner's scores (out of 10): attractiveness: 7.0/10; sincerity: 6.0/10; intelligence: 6.0/10; being funny: 8.0/10; ambition: 7.0/10; shared interests: 7.0/10. A new woman is courting you with scores: attractiveness: 8.0/10; sincerity: 7.0/10; intelligence: 7.0/10; being funny: 7.0/10; ambition: 2.0/10; shared interests: 3.0/10. Your importance weights are: attractiveness: 20.0; sincerity: 30.0; intelligence: 10.0; being funny: 15.0; ambition: 0.0; shared interests: 25.0. Would you leave your current partner for the new woman? Your answer must be (YES) or (NO) followed by your reason. You must FOLLOW THIS RULE! You MUST NOT SAY other words.,NO. The new woman scores lower in sincerity (30.0 weight) and shared interests (25.0 weight); which are your highest priorities; despite her higher attractiveness. Your current partner better aligns with your key values.,235,247,248,0
Assume you are a 33-year-old man with career type Am not sure; currently matched with a partner. Your current partner's scores (out of 10): attractiveness: 7.0/10; sincerity: 6.0/10; intelligence: 6.0/10; being funny: 8.0/10; ambition: 7.0/10; shared interests: 7.0/10. A new woman is courting you with scores: attractiveness: 8.0/10; sincerity: 9.0/10; intelligence: 8.0/10; being funny: 8.0/10; ambition: 8.0/10; shared interests: nan/10. Your importance weights are: attractiveness: 19.0; sincerity: 19.0; intelligence: 19.0; being funny: 19.0; ambition: 19.0; shared interests: 5.0. Would you leave your current partner for the new woman? Your answer must be (YES) or (NO) followed by your reason. You must FOLLOW THIS RULE! You MUST NOT SAY other words.,YES The new woman scores higher in all weighted categories (attractiveness; sincerity; intelligence; being funny; ambition) except shared interests; which has a low importance weight (5.0). The overall compatibility is likely better with the new woman.,235,251,248,1
Assume you are a 26-year-old single woman; and there is a 25-year-old man who is courting you. Your career type is researcher in sociology. You evaluated him on six dimensions with scores out of 10. These are attractiveness: 4.0/10; sincerity: 8.0/10; intelligence: 8.0/10; being funny: 6.0/10; ambition: nan/10; shared interests: nan/10. Your importance weights for these attributes are: attractiveness: 20.0; sincerity: 20.0; intelligence: 25.0; being funny: 20.0; ambition: 5.0; shared interests: 10.0. Would you be willing to date this man? And also tell me the reason. Your answer must be (YES) or (NO) followed by your reason. You must FOLLOW THIS RULE! You MUST NOT SAY other words.,YES. The man scores high on sincerity; intelligence; and being funny; which are weighted heavily in your priorities. The missing ambition and shared interests scores are less critical due to their low weights. His strengths align well with what you value most.,246,242,,1
Assume you are a 27-year-old single man; and there is a 24-year-old woman who is courting you. Your career type is Trader. You evaluated her on six dimensions with scores out of 10. These are attractiveness: 6.0/10; sincerity: 6.0/10; intelligence: 9.0/10; being funny: 6.0/10; ambition: 7.0/10; shared interests: 4.0/10. Your importance weights for these attributes are: attractiveness: 25.0; sincerity: 15.0; intelligence: 20.0; being funny: 20.0; ambition: 15.0; shared interests: 5.0. Would you be willing to date this woman? And also tell me the reason. Your answer must be (YES) or (NO) followed by your reason. You must FOLLOW THIS RULE! You MUST NOT SAY other words.,YES. Despite low shared interests; her high intelligence and ambition align well with your priorities; and other scores are acceptable.,236,248,,1
Assume you are a 27-year-old man with career type Professor; currently matched with a partner. Your current partner's scores (out of 10): attractiveness: 7.0/10; sincerity: 7.0/10; intelligence: 6.0/10; being funny: 6.0/10; ambition: 5.0/10; shared interests: 5.0/10. A new woman is courting you with scores: attractiveness: 7.0/10; sincerity: 7.0/10; intelligence: 7.0/10; being funny: 9.0/10; ambition: 9.0/10; shared interests: nan/10. Your importance weights are: attractiveness: 20.0; sincerity: 20.0; intelligence: 20.0; being funny: 25.0; ambition: 5.0; shared interests: 10.0. Would you leave your current partner for the new woman? Your answer must be (YES) or (NO) followed by your reason. You must FOLLOW THIS RULE! You MUST NOT SAY other words.,YES The new woman scores higher in intelligence; being funny; and ambition; which are important to you (especially being funny at 25.0 weight); while other key attributes like attractiveness and sincerity remain equal. The unknown shared interests are less critical given their lower weight (10.0).,240,243,244,1
Assume you are a 33-year-old man with career type Wall Street Economist; currently matched with a partner. Your current partner's scores (out of 10): attractiveness: 7.0/10; sincerity: 5.0/10; intelligence: 6.0/10; being funny: 8.0/10; ambition: 9.0/10; shared interests: 6.0/10. A new woman is courting you with scores: attractiveness: 9.0/10; sincerity: 9.0/10; intelligence: 9.0/10; being funny: 6.0/10; ambition: 7.0/10; shared interests: 5.0/10. Your importance weights are: attractiveness: 22.0; sincerity: 22.0; intelligence: 15.0; being funny: 15.0; ambition: 5.0; shared interests: 21.0. Would you leave your current partner for the new woman? Your answer must be (YES) or (NO) followed by your reason. You must FOLLOW THIS RULE! You MUST NOT SAY other words.,NO - The weighted score of your current partner (6.62) is higher than the new woman's (6.58) based on your importance weights.,236,249,248,0
Assume you are a 34-year-old woman with career type Conservation training and education; currently matched with a partner. Your current partner's scores (out of 10): attractiveness: 7.0/10; sincerity: 7.0/10; intelligence: 7.0/10; being funny: 9.0/10; ambition: 9.0/10; shared interests: nan/10. A new man is courting you with scores: attractiveness: 7.0/10; sincerity: 9.0/10; intelligence: 9.0/10; being funny: 6.0/10; ambition: 6.0/10; shared interests: 8.0/10. Your importance weights are: attractiveness: 10.0; sincerity: 25.0; intelligence: 20.0; being funny: 20.0; ambition: 5.0; shared interests: 20.0. Would you leave your current partner for the new man? Your answer must be (YES) or (NO) followed by your reason. You must FOLLOW THIS RULE! You MUST NOT SAY other words.,NO. The new man scores lower in key weighted categories (being funny: 20.0 weight) and lacks data on shared interests with your current partner; making the switch uncertain.,243,239,240,0
Assume you are a 33-year-old single man; and there is a 27-year-old woman who is courting you. Your career type is Wall Street Economist. You evaluated her on six dimensions with scores out of 10. These are attractiveness: 9.0/10; sincerity: 9.0/10; intelligence: 8.0/10; being funny: 9.0/10; ambition: 8.0/10; shared interests: 9.0/10. Your importance weights for these attributes are: attractiveness: 22.0; sincerity: 22.0; intelligence: 15.0; being funny: 15.0; ambition: 5.0; shared interests: 21.0. Would you be willing to date this woman? And also tell me the reason. Your answer must be (YES) or (NO) followed by your reason. You must FOLLOW THIS RULE! You MUST NOT SAY other words.,YES. The weighted score is exceptionally high (8.99/10); with strong alignment in high-priority traits like attractiveness; sincerity; and shared interests; making her an ideal match.,238,249,,1
Assume you are a 28-year-old man with career type Management Consultant; currently matched with a partner. Your current partner's scores (out of 10): attractiveness: 8.0/10; sincerity: 6.0/10; intelligence: 10.0/10; being funny: 9.0/10; ambition: 10.0/10; shared interests: 9.0/10. A new woman is courting you with scores: attractiveness: 8.0/10; sincerity: 9.0/10; intelligence: 9.0/10; being funny: 9.0/10; ambition: 9.0/10; shared interests: 7.0/10. Your importance weights are: attractiveness: 20.0; sincerity: 20.0; intelligence: 20.0; being funny: 10.0; ambition: 10.0; shared interests: 20.0. Would you leave your current partner for the new woman? Your answer must be (YES) or (NO) followed by your reason. You must FOLLOW THIS RULE! You MUST NOT SAY other words.,NO. The weighted score for the current partner (8.2) is higher than the new woman (8.0) based on your importance weights.,241,244,250,0
Assume you are a 34-year-old single woman; and there is a 28-year-old man who is courting you. Your career type is Conservation training and education. You evaluated him on six dimensions with scores out of 10. These are attractiveness: 7.0/10; sincerity: 6.0/10; intelligence: 6.0/10; being funny: 7.0/10; ambition: 8.0/10; shared interests: 7.0/10. Your importance weights for these attributes are: attractiveness: 10.0; sincerity: 25.0; intelligence: 20.0; being funny: 20.0; ambition: 5.0; shared interests: 20.0. Would you be willing to date this man? And also tell me the reason. Your answer must be (YES) or (NO) followed by your reason. You must FOLLOW THIS RULE! You MUST NOT SAY other words.,YES   Reason: The weighted score (attractiveness: 7.0 * 10 = 70; sincerity: 6.0 * 25 = 150; intelligence: 6.0 * 20 = 120; being funny: 7.0 * 20 = 140; ambition: 8.0 * 5 = 40; shared interests: 7.0 * 20 = 140) sums to 660; which meets your criteria for compatibility.,244,239,,1
Assume you are a 25-year-old man with career type Naturalist; currently matched with a partner. Your current partner's scores (out of 10): attractiveness: 6.0/10; sincerity: 8.0/10; intelligence: 9.0/10; being funny: 8.0/10; ambition: 10.0/10; shared interests: nan/10. A new woman is courting you with scores: attractiveness: 5.0/10; sincerity: 6.0/10; intelligence: 8.0/10; being funny: 5.0/10; ambition: 6.0/10; shared interests: 3.0/10. Your importance weights are: attractiveness: 20.0; sincerity: 30.0; intelligence: 10.0; being funny: 15.0; ambition: 0.0; shared interests: 25.0. Would you leave your current partner for the new woman? Your answer must be (YES) or (NO) followed by your reason. You must FOLLOW THIS RULE! You MUST NOT SAY other words.,NO shared interests are too low (3.0/10) compared to current partner's sincerity (8.0/10) and your high weight on sincerity (30.0) and shared interests (25.0).,237,247,245,0
Assume you are a 25-year-old man with career type Naturalist; currently matched with a partner. Your current partner's scores (out of 10): attractiveness: 6.0/10; sincerity: 8.0/10; intelligence: 9.0/10; being funny: 8.0/10; ambition: 10.0/10; shared interests: 6.0/10. A new woman is courting you with scores: attractiveness: 6.0/10; sincerity: 7.0/10; intelligence: 7.0/10; being funny: 6.0/10; ambition: 5.0/10; shared interests: 3.0/10. Your importance weights are: attractiveness: 20.0; sincerity: 30.0; intelligence: 10.0; being funny: 15.0; ambition: 0.0; shared interests: 25.0. Would you leave your current partner for the new woman? Your answer must be (YES) or (NO) followed by your reason. You must FOLLOW THIS RULE! You MUST NOT SAY other words.,NO   Reason: The current partner scores higher in sincerity; intelligence; and shared interests; which are weighted more heavily in your priorities. The new woman does not offer enough improvement in key areas to justify leaving.,238,247,249,0
Assume you are a 25-year-old man with career type Naturalist; currently matched with a partner. Your current partner's scores (out of 10): attractiveness: 7.0/10; sincerity: 6.0/10; intelligence: 6.0/10; being funny: 7.0/10; ambition: 8.0/10; shared interests: 7.0/10. A new woman is courting you with scores: attractiveness: 5.0/10; sincerity: 8.0/10; intelligence: 6.0/10; being funny: 5.0/10; ambition: 4.0/10; shared interests: 7.0/10. Your importance weights are: attractiveness: 20.0; sincerity: 30.0; intelligence: 10.0; being funny: 15.0; ambition: 0.0; shared interests: 25.0. Would you leave your current partner for the new woman? Your answer must be (YES) or (NO) followed by your reason. You must FOLLOW THIS RULE! You MUST NOT SAY other words.,NO. The new woman has lower scores in attractiveness and being funny; which are important to you; and your current partner has better overall compatibility based on your weighted preferences.,239,247,244,0
Assume you are a 25-year-old man with career type Naturalist; currently matched with a partner. Your current partner's scores (out of 10): attractiveness: 7.0/10; sincerity: 7.0/10; intelligence: 7.0/10; being funny: 7.0/10; ambition: 5.0/10; shared interests: 7.0/10. A new woman is courting you with scores: attractiveness: 6.0/10; sincerity: 6.0/10; intelligence: 4.0/10; being funny: 8.0/10; ambition: 3.0/10; shared interests: 4.0/10. Your importance weights are: attractiveness: 20.0; sincerity: 30.0; intelligence: 10.0; being funny: 15.0; ambition: 0.0; shared interests: 25.0. Would you leave your current partner for the new woman? Your answer must be (YES) or (NO) followed by your reason. You must FOLLOW THIS RULE! You MUST NOT SAY other words.,NO. The current partner scores higher in sincerity; intelligence; and shared interests; which are weighted more heavily in your priorities. The new woman does not offer enough advantage in the traits you value most.,240,247,243,0
Assume you are a 25-year-old man with career type Naturalist; currently matched with a partner. Your current partner's scores (out of 10): attractiveness: 4.0/10; sincerity: 8.0/10; intelligence: 8.0/10; being funny: 6.0/10; ambition: nan/10; shared interests: nan/10. A new woman is courting you with scores: attractiveness: 8.0/10; sincerity: 6.0/10; intelligence: 6.0/10; being funny: 6.0/10; ambition: 3.0/10; shared interests: 5.0/10. Your importance weights are: attractiveness: 20.0; sincerity: 30.0; intelligence: 10.0; being funny: 15.0; ambition: 0.0; shared interests: 25.0. Would you leave your current partner for the new woman? Your answer must be (YES) or (NO) followed by your reason. You must FOLLOW THIS RULE! You MUST NOT SAY other words.,NO. The current partner scores higher in sincerity (30.0 weight) and shared interests (25.0 weight); which are your top priorities; outweighing the new woman's higher attractiveness (20.0 weight).,242,247,246,0
Assume you are a 25-year-old man with career type Naturalist; currently matched with a partner. Your current partner's scores (out of 10): attractiveness: 7.0/10; sincerity: 5.0/10; intelligence: 6.0/10; being funny: 8.0/10; ambition: 9.0/10; shared interests: 6.0/10. A new woman is courting you with scores: attractiveness: 7.0/10; sincerity: 7.0/10; intelligence: 5.0/10; being funny: 3.0/10; ambition: 7.0/10; shared interests: 3.0/10. Your importance weights are: attractiveness: 20.0; sincerity: 30.0; intelligence: 10.0; being funny: 15.0; ambition: 0.0; shared interests: 25.0. Would you leave your current partner for the new woman? Your answer must be (YES) or (NO) followed by your reason. You must FOLLOW THIS RULE! You MUST NOT SAY other words.,NO. The new woman scores lower in sincerity (30.0 weight) and shared interests (25.0 weight); which are your top priorities; despite her higher sincerity score. The current partner balances better across your weighted values.,236,247,248,0
Assume you are a 25-year-old man with career type Naturalist; currently matched with a partner. Your current partner's scores (out of 10): attractiveness: 8.0/10; sincerity: 6.0/10; intelligence: 10.0/10; being funny: 9.0/10; ambition: 10.0/10; shared interests: 9.0/10. A new woman is courting you with scores: attractiveness: 5.0/10; sincerity: 6.0/10; intelligence: 5.0/10; being funny: 5.0/10; ambition: 4.0/10; shared interests: 3.0/10. Your importance weights are: attractiveness: 20.0; sincerity: 30.0; intelligence: 10.0; being funny: 15.0; ambition: 0.0; shared interests: 25.0. Would you leave your current partner for the new woman? Your answer must be (YES) or (NO) followed by your reason. You must FOLLOW THIS RULE! You MUST NOT SAY other words.,NO. The new woman scores significantly lower in shared interests (25.0 weight) and only matches in sincerity (30.0 weight); while the current partner excels in attractiveness; humor; and shared interests; which are highly weighted for you.,241,247,250,0
