假设您是一位 28 岁的单身男士，有一位 24 岁的女性正在追求您。您的职业类型是 电影制作人。您对她进行了六个维度的评估，满分为 10 分。这六个维度分别是：吸引力：10.0/10，真诚：10.0/10，智力：10.0/10，幽默感：10.0/10，抱负：10.0/10，共同兴趣：10.0/10。您对这些属性的重要性权重为：吸引力：25.0，真诚： 25.0，智力：25.0，幽默感：10.0，野心：10.0，共同兴趣：5.0。你愿意和这位女士约会吗？请告诉我原因。你的答案必须是(是）或（否），然后说明你的理由。你必须遵守这条规则！你不能说其他话。,（是）因为根据您的评价标准，她在所有维度上的得分都是满分，而且在您最重视的三个维度（吸引力、真诚、智力）上同样获得了满分。这表明她非常符合您的理想伴侣的标准，因此，从您的角度来看，与她约会应该是非常合适的。,407,382,,1
假设您是一位 21 岁的单身男士，有一位 24 岁的女性正在追求您。您的职业类型是 律师？。您对她进行了六个维度的评估，满分为 10 分。这六个维度分别是：吸引力：9.0/10，真诚：10.0/10，智力：10.0/10，幽默感：10.0/10，抱负：10.0/10，共同兴趣：10.0/10。您对这些属性的重要性权重为：吸引力：20.0，真诚： 30.0，智力：20.0，幽默感：20.0，野心：0.0，共同兴趣：10.0。你愿意和这位女士约会吗？请告诉我原因。你的答案必须是(是）或（否），然后说明你的理由。你必须遵守这条规则！你不能说其他话。,是。因为根据您提供的属性打分和权重计算，这位女性在您看重的所有维度上都得到了满分或接近满分的评价，这使得她成为了一个非常理想的约会对象。计算总分为：吸引力9*20%+真诚10*30%+智力10*20%+幽默感10*20%+抱负10*0%+共兴趣10*10%=9.8/10，分数很高，因此建议接受这位女士的追求，尝试建立一段感情关系。,408,389,,1
假设您是一位 23 岁的单身男士，有一位 27 岁的女性正在追求您。您的职业类型是 未决定。您对她进行了六个维度的评估，满分为 10 分。这六个维度分别是：吸引力：10.0/10，真诚：10.0/10，智力：10.0/10，幽默感：10.0/10，抱负：10.0/10，共同兴趣：10.0/10。您对这些属性的重要性权重为：吸引力：20.0，真诚： 20.0，智力：20.0，幽默感：20.0，野心：20.0，共同兴趣：0.0。你愿意和这位女士约会吗？请告诉我原因。你的答案必须是(是）或（否），然后说明你的理由。你必须遵守这条规则！你不能说其他话。,是。根据您提供的六个维度的评估，这位女士在每一个方面都获得了满分10.0/10，并且您对这些属性的重要性权重也非常高，尤其是吸引力、真诚、智力、幽默感和抱负，每个维度权重为20.0%。即使在共同兴趣方面，尽管您赋予的权重为0.0，但这位女士在这方面也表现得十分出色。综上所述，这位女士非常符合您的理想型伴侣的条件，因此愿意与她约会。,410,384,,1
假设您是一位 33 岁的单身男士，有一位 29 岁的女性正在追求您。您的职业类型是 作家 / 编辑。您对她进行了六个维度的评估，满分为 10 分。这六个维度分别是：吸引力：6.0/10，真诚：9.0/10，智力：nan/10，幽默感：9.0/10，抱负：nan/10，共同兴趣：9.0/10。您对这些属性的重要性权重为：吸引力：20.0，真诚： 20.0，智力：20.0，幽默感：10.0，野心：10.0，共同兴趣：20.0。你愿意和这位女士约会吗？请告诉我原因。你的答案必须是(是）或（否），然后说明你的理由。你必须遵守这条规则！你不能说其他话。,否。根据我对这六个维度的评估和对这些属性的重要性权重，虽然她在真诚、幽默感和共同兴趣方面得分很高，但是智力和抱负方面的评分缺失，这对我来说很重要。我希望能够与一个思想深刻且有抱负的人建立联系。此外，吸引力方面得分普通，虽然不是最重要的，但仍然有一定的影响。所以，综合考虑下，我不太愿意与她约会。,398,395,,1
假设您是一位 24 岁的女性，职业类型为 学校辅导，目前已匹配到一位伴侣。您当前伴侣的得分（满分 10 分）：吸引力：5.0/10，真诚度：8.0/10，智力：7.0/10，幽默度：7.0/10，野心：nan/10，共同兴趣：8.0/10。一位新男士正在向您求爱，他的得分为：吸引力：5.0/10，真诚度： 6.0/10，智力：6.0/10，幽默感：6.0/10，抱负：6.0/10，共同兴趣：6.0/10。您的重要性权重为：吸引力：22.0，真诚：17.0，智力：15.0，幽默感：15.0，抱负： 15.0，共同兴趣：16.0。你会为了新男友离开现在的伴侣吗？你的答案必须是（是）或（否），然后说明你的理由。你必须遵守这条规则！你绝对不能说其他话。,否，当前伴侣在真诚度、智力、幽默度和共同兴趣这几个对你来说非常重要的方面得分更高。虽然新男士有抱负得分，但这在你的权重中并不是最重要的因素。根据你提供的信息，当前伴侣更符合你的需求。,398,388,395,1
假设您是一位 27 岁的男性，职业类型为 金融，目前已匹配到一位伴侣。您当前伴侣的得分（满分 10 分）：吸引力：10.0/10，真诚度：10.0/10，智力：10.0/10，幽默感：10.0/10，野心：10.0/10，共同兴趣：10.0/10。一位新女性正在向您求爱，其得分为：吸引力：7.0/10，真诚度：8.0/10，智力：7.0/10，幽默度：8.0/10，抱负：6.0/10，共同兴趣：7.0/10。您的重要性权重为：吸引力：20.0，真诚度：20.0，智力：20.0，幽默度：20.0，抱负： 20.0，共同兴趣：0.0。你会为了新女友离开现在的伴侣吗？你的答案必须是或否，然后说明你的理由。你必须遵守这条规则！你不能说其他话。,否。根据您提供的得分权重，当前伴侣在所有重要性权重中都得分为10.0/10，总得分为100分。新女性的得分较低，根据您设定的权重计算，总得分为70分。在考虑您对各属性的重视程度下，当前伴侣明显更符合您的需求和偏好。因此，没有理由为了新女性而离开当前的伴侣。,382,406,407,0
假设您是一位 26 岁的女性，职业类型为 作家 / 教师，目前已匹配到一位伴侣。您当前伴侣的得分（满分 10 分）：吸引力：5.0/10，真诚度：4.0/10，智力：4.0/10，幽默度：4.0/10，野心：5.0/10，共同兴趣：10.0/10。一位新男士正在向您求爱，他的得分为：吸引力：9.0/10，真诚度： 9.0/10，智力：10.0/10，幽默感：8.0/10，抱负：9.0/10，共同兴趣：7.0/10。您的重要性权重为：吸引力：15.0，真诚：20.0，智力：15.0，幽默感：30.0，抱负： 10.0，共同兴趣：10.0。你会为了新男友离开现在的伴侣吗？你的答案必须是（是）或（否），然后说明你的理由。你必须遵守这条规则！你绝对不能说其他话。,是。根据您的重要性权重，新男士在吸引力、真诚度、智力和幽默感上的得分都远高于当前伴侣，这四个因素在您的评价体系中占据较大的权重（吸引力15%、真诚20%、智力15%、幽默感30%）。此外，尽管您与当前伴侣有较多共同兴趣，但新男士也在这一方面得到了较为不错的评分（7.0/10）。因此，从综合得分来看，新男士与您的匹配度更高。,410,392,384,1
假设您是一位 25 岁的女性，职业类型为 非营利地方剧院制作人，目前已匹配到一位伴侣。您当前伴侣的得分（满分 10 分）：吸引力：6.0/10，真诚度：7.0/10，智力：7.0/10，幽默度：7.0/10，野心：nan/10，共同兴趣：8.0/10。一位新男士正在向您求爱，他的得分为：吸引力：8.0/10，真诚度： 9.0/10，智力：8.0/10，幽默感：9.0/10，抱负：9.0/10，共同兴趣：5.0/10。您的重要性权重为：吸引力：15.0，真诚：18.0，智力：18.0，幽默感：18.0，抱负： 15.0，共同兴趣：16.0。你会为了新男友离开现在的伴侣吗？你的答案必须是（是）或（否），然后说明你的理由。你必须遵守这条规则！你绝对不能说其他话。,是。根据您提供的评分和权重，新男士在吸引力、真诚度、智力、幽默感和抱负上的得分都更高，虽然在共同兴趣上得分较低，但综合考虑各个方面的权重，新男士的整体得分更高。因此，从理性角度分析，新男士更符合您的理想伴侣标准。,398,396,388,1
假设您是一位 24 岁的女性，职业类型为 编剧，目前已匹配到一位伴侣。您当前伴侣的得分（满分 10 分）：吸引力：10.0/10，真诚度：10.0/10，智力：10.0/10，幽默度：10.0/10，野心：10.0/10，共同兴趣：10.0/10。一位新男士正在向您求爱，他的得分为：吸引力：10.0/10，真诚度： 10.0/10，智力：10.0/10，幽默感：10.0/10，抱负：10.0/10，共同兴趣：10.0/10。您的重要性权重为：吸引力：20.0，真诚：10.0，智力：20.0，幽默感：35.0，抱负： 5.0，共同兴趣：10.0。你会为了新男友离开现在的伴侣吗？你的答案必须是（是）或（否），然后说明你的理由。你必须遵守这条规则！你绝对不能说其他话。,否。虽然两位男士在各项得分上完全相同，但与当前伴侣已经建立的关系和情感联系是无法用分数衡量的。在实际的约会和感情生活中，除了上述的品质，相处的默契、信任、以及对彼此的理解和接纳也是极为重要的因素。既然目前的伴侣已经得到了满分，说明你们在这些方面表现得非常出色，没有必要因为一个条件相当的新选择而改变现状。,407,381,382,1
假设你是一位 23 岁的单身男士，有一位 24 岁的女性正在追求你。你的职业类型是 研究 / 教学。你从六个维度对她进行了评估，满分为 10 分。这六个维度分别是：吸引力：6.0/10，真诚：9.0/10，智力：9.0/10，幽默感：7.0/10，抱负：8.0/10，共同兴趣：4.0/10。这些属性的重要性权重如下：吸引力：20.0，真诚：15.0，智力：20.0，幽默感：20.0，抱负：10.0，共同兴趣：15.0。你愿意和这位女士约会吗？请告诉我原因。你的答案必须是（是）或（否），然后说明你的原因。你必须遵守这条规则！你不能说其他话。,是。根据你提供的评估维度和重要性权重，这位女性在很多方面都与你匹配良好，尤其是真诚、智力和幽默感等方面。这些品质在一段关系中是非常重要的。即使你们在共同兴趣方面评分不高，但这并不意味着你们不能在一起。你们可以通过约会来探索更多的兴趣点，加深彼此的了解。因此，我建议你与这位女性约会，进一步发展这段感情。,394,409,,1
假设您是一位 33 岁的女性，职业类型为 电影导演，目前已匹配到一位伴侣。您当前伴侣的得分（满分 10 分）：吸引力：8.0/10，真诚度：8.0/10，智力：7.0/10，幽默度：7.0/10，野心：nan/10，共同兴趣：nan/10。一位新男士正在向您求爱，他的得分为：吸引力：8.0/10，真诚度： 8.0/10，智力：7.0/10，幽默感：7.0/10，抱负：7.0/10，共同兴趣：7.0/10。您的重要性权重为：吸引力：20.0，真诚：20.0，智力：20.0，幽默感：15.0，抱负： 15.0，共同兴趣：10.0。你会为了新男友离开现在的伴侣吗？你的答案必须是（是）或（否），然后说明你的理由。你必须遵守这条规则！你绝对不能说其他话。,否。虽然新男士在抱负和共同兴趣方面得分更高，但差距并不是非常大，同时你在当前的伴侣身上已经投入了一定的感情基础。根据你的权重，两个男士在最重要的几个指标上得分几乎相同，这表明你与现有伴侣的关系仍然值得维持。因此，我建议不要轻易改变现状。,398,380,396,1
假设您是一位 34 岁的男性，职业类型为 并购顾问，目前已匹配到一位伴侣。您当前伴侣的得分（满分 10 分）：吸引力：8.0/10，真诚度：8.0/10，智力：7.0/10，幽默感：7.0/10，野心：7.0/10，共同兴趣：7.0/10。一位新女性正在向您求爱，其得分为：吸引力：7.0/10，真诚度：9.0/10，智力：10.0/10，幽默度：5.0/10，抱负：9.0/10，共同兴趣：5.0/10。您的重要性权重为：吸引力：35.0，真诚度：15.0，智力：15.0，幽默度：25.0，抱负： 10.0，共同兴趣：0.0。你会为了新女友离开现在的伴侣吗？你的答案必须是或否，然后说明你的理由。你必须遵守这条规则！你不能说其他话。,否。根据您提供的权重和各项评分，当前伴侣的加权得分为308.5，而新女性的加权得分为297.5。因此，当前伴侣的整体加权评分更高，更符合您的偏好，所以不会为了新女性离开现在的伴侣。,380,411,398,0
假设您是一位 25 岁的女性，职业类型为 小学教育教学，目前已匹配到一位伴侣。您当前伴侣的得分（满分 10 分）：吸引力：7.0/10，真诚度：7.0/10，智力：8.0/10，幽默度：8.0/10，野心：7.0/10，共同兴趣：8.0/10。一位新男士正在向您求爱，他的得分为：吸引力：10.0/10，真诚度： 10.0/10，智力：8.0/10，幽默感：10.0/10，抱负：10.0/10，共同兴趣：10.0/10。您的重要性权重为：吸引力：25.0，真诚：20.0，智力：20.0，幽默感：20.0，抱负： 10.0，共同兴趣：5.0。你会为了新男友离开现在的伴侣吗？你的答案必须是（是）或（否），然后说明你的理由。你必须遵守这条规则！你绝对不能说其他话。,（是）因为根据您提供的各维度得分与重要性权重，新男士在吸引力、真诚度、幽默感和抱负方面都得到了满分，并且这些维度在您的优先级中占比较高的权重。从整体评价来看，这位新男士更加符合您的标准，能够给您带来更多的幸福感和满足感。因此，我认为您可以考虑与现伴侣分开，选择这位新男士。但同时，我也建议您在做出最终决定前，慎重考虑两人之间的感情基础和实际相处情况。,408,385,389,1
假设您是一位 33 岁的单身男士，有一位 29 岁的女性正在追求您。您的职业类型是 作家 / 编辑。您对她进行了六个维度的评估，满分为 10 分。这六个维度分别是：吸引力：5.0/10，真诚：10.0/10，智力：9.0/10，幽默感：8.0/10，抱负：8.0/10，共同兴趣：8.0/10。您对这些属性的重要性权重为：吸引力：20.0，真诚： 20.0，智力：20.0，幽默感：10.0，野心：10.0，共同兴趣：20.0。你愿意和这位女士约会吗？请告诉我原因。你的答案必须是(是）或（否），然后说明你的理由。你必须遵守这条规则！你不能说其他话。,是。根据您提供的评估和重要性权重计算得出的总分数为72分，这表明这位女士在您看重的多个方面都表现良好，因此可以考虑与她约会。具体计算如下：(5*20%+10*20%+9*20%+8*10%+8*10%+8*20%)=72%。,402,395,,1
假设您是一位 25 岁的女性，职业类型为 非营利地方剧院制作人，目前已匹配到一位伴侣。您当前伴侣的得分（满分 10 分）：吸引力：6.0/10，真诚度：7.0/10，智力：5.0/10，幽默度：6.0/10，野心：5.0/10，共同兴趣：4.0/10。一位新男士正在向您求爱，他的得分为：吸引力：6.0/10，真诚度： 9.0/10，智力：9.0/10，幽默感：6.0/10，抱负：9.0/10，共同兴趣：2.0/10。您的重要性权重为：吸引力：15.0，真诚：18.0，智力：18.0，幽默感：18.0，抱负： 15.0，共同兴趣：16.0。你会为了新男友离开现在的伴侣吗？你的答案必须是（是）或（否），然后说明你的理由。你必须遵守这条规则！你绝对不能说其他话。,否。根据您提供的评分和权重，我们可以通过计算每位伴侣的总体评分来做出决定。  当前伴侣的总体评分为： (6 * 15 + 7 * 18 + 5 * 18 + 6 * 18 + 5 * 15 + 4 * 16) / 100 = (90 + 126 + 90 + 108 + 75 + 64) / 100 = 553 / 100 = 5.53  新男士的总体评分为： (6 * 15 + 9 * 18 + 9 * 18 + 6 * 18 + 9 * 15 + 2 * 16) / 100 = (90 + 162 + 162 + 108 + 135 + 32) / 100 = 689 / 100 = 6.89  虽然新男士的总体评分（6.89）高于当前伴侣（5.53），但选择伴侣时还需要考虑到人格互补、情感基础、以及两人相处的实际感觉。共同兴趣的得分对于您来说也是非常重要的（权重为16.0），即使在计算中所占的比重略低于其他因素，而新男士在这一项上的得分明显低于当前伴侣，说明两人可能在业余时间或者生活中缺少共鸣，所以综合考虑，建议您不为了新男士而离开现在的伴侣。,402,396,395,1
假设你是一位 27 岁的单身男士，有一位 23 岁的女性正在追求你。你的职业类型是 金融。你从六个维度对她进行了评估，满分为 10 分。这六个维度分别是：吸引力：7.0/10，真诚：7.0/10，智力：8.0/10，幽默感：8.0/10，抱负：6.0/10，共同兴趣：7.5/10。这些属性的重要性权重如下：吸引力：20.0，真诚：20.0，智力：20.0，幽默感：20.0，抱负：20.0，共同兴趣：0.0。你愿意和这位女士约会吗？请告诉我原因。你的答案必须是（是）或（否），然后说明你的原因。你必须遵守这条规则！你不能说其他话。,（是）原因：根据你提供的评分和权重，这位女士在你重视的五个维度上均表现良好，平均分达到7.2分，这表明她是与你匹配度较高的潜在伴侣。虽然在抱负这一项上得分略低，但整体来看，她的综合得分是有吸引力的。因此，建议可以尝试约会，进一步了解彼此。,384,406,,1
假设您是一位 31 岁的男性，职业类型为 咨询，目前已匹配到一位伴侣。您当前伴侣的得分（满分 10 分）：吸引力：6.0/10，真诚度：10.0/10，智力：10.0/10，幽默感：10.0/10，野心：10.0/10，共同兴趣：7.5/10。一位新女性正在向您求爱，其得分为：吸引力：6.0/10，真诚度：5.0/10，智力：6.0/10，幽默度：8.0/10，抱负：5.0/10，共同兴趣：nan/10。您的重要性权重为：吸引力：35.0，真诚度：0.0，智力：25.0，幽默度：20.0，抱负： 0.0，共同兴趣：20.0。你会为了新女友离开现在的伴侣吗？你的答案必须是或否，然后说明你的理由。你必须遵守这条规则！你不能说其他话。,否。根据您提供的权重，当前伴侣在智力、幽默感和共同兴趣上的得分远高于新女性，而吸引力方面两者的得分相同。因此，从数值上来看，当前伴侣更适合您。,384,401,406,0
假设您是一位 22 岁的单身男士，有一位 31 岁的女性正在追求您。您的职业类型是 写作 / 编辑。您对她进行了六个维度的评估，满分为 10 分。这六个维度分别是：吸引力：8.0/10，真诚：8.0/10，智力：8.0/10，幽默感：8.0/10，抱负：8.0/10，共同兴趣：9.0/10。您对这些属性的重要性权重为：吸引力：8.0，真诚： 20.0，智力：25.0，幽默感：25.0，野心：12.0，共同兴趣：10.0。你愿意和这位女士约会吗？请告诉我原因。你的答案必须是(是）或（否），然后说明你的理由。你必须遵守这条规则！你不能说其他话。,是。这位女士在你所重视的各个维度上都表现很好，尤其是真诚、智力和幽默感方面得分都很高，这些是你最重视的特质。虽然她比你年长几岁，但这在评估中并不重要，六个维度的评估结果表明你们之间有较高的匹配度。因此，与她约会应该是值得尝试的。,401,393,,1
假设您是一位 26 岁的男性，职业类型为 房地产，目前已匹配到一位伴侣。您当前伴侣的得分（满分 10 分）：吸引力：10.0/10，真诚度：10.0/10，智力：10.0/10，幽默感：10.0/10，野心：10.0/10，共同兴趣：10.0/10。一位新女性正在向您求爱，其得分为：吸引力：6.0/10，真诚度：6.0/10，智力：6.0/10，幽默度：6.0/10，抱负：6.0/10，共同兴趣：6.0/10。您的重要性权重为：吸引力：10.0，真诚度：10.0，智力：30.0，幽默度：30.0，抱负： 5.0，共同兴趣：15.0。你会为了新女友离开现在的伴侣吗？你的答案必须是或否，然后说明你的理由。你必须遵守这条规则！你不能说其他话。,否。当前伴侣在所有评价方面都得到了满分，而新女性的得分相对较低。根据你提供的权重，当前伴侣的总得分明显远高于新女性。因此，没有理由为了新女性离开现在的伴侣。,381,413,407,0
假设您是一位 28 岁的女性，职业类型为 电影制作人，目前已匹配到一位伴侣。您当前伴侣的得分（满分 10 分）：吸引力：5.0/10，真诚度：8.0/10，智力：8.0/10，幽默度：7.0/10，野心：nan/10，共同兴趣：7.0/10。一位新男士正在向您求爱，他的得分为：吸引力：6.0/10，真诚度： 6.0/10，智力：6.0/10，幽默感：10.0/10，抱负：6.0/10，共同兴趣：8.0/10。您的重要性权重为：吸引力：25.0，真诚：25.0，智力：25.0，幽默感：10.0，抱负： 10.0，共同兴趣：5.0。你会为了新男友离开现在的伴侣吗？你的答案必须是（是）或（否），然后说明你的理由。你必须遵守这条规则！你绝对不能说其他话。,否。根据你提供的价值权重，我们可以计算两个男人在这段关系中对你的总价值。以当前伴侣为例，计算得出总价值为：(5*25%)+(8*25%)+(8*25%)+(7*10%)+(7*5%)=6.9分。而新男士则计算为：(6*25%)+(6*25%)+(6*25%)+(10*10%)+(6*10%)+(8*5%)=6.4分。显而易见，现有伴侣的综合评分高于新认识的男士，因此从这个角度分析，你应该选择维持当前的关系。,398,382,380,0
假设您是一位 28 岁的女性，职业类型为 电影制作人，目前已匹配到一位伴侣。您当前伴侣的得分（满分 10 分）：吸引力：1.0/10，真诚度：3.0/10，智力：8.0/10，幽默度：5.0/10，野心：5.0/10，共同兴趣：nan/10。一位新男士正在向您求爱，他的得分为：吸引力：6.0/10，真诚度： 8.0/10，智力：8.0/10，幽默感：6.0/10，抱负：8.0/10，共同兴趣：5.0/10。您的重要性权重为：吸引力：25.0，真诚：25.0，智力：25.0，幽默感：10.0，抱负： 10.0，共同兴趣：5.0。你会为了新男友离开现在的伴侣吗？你的答案必须是（是）或（否），然后说明你的理由。你必须遵守这条规则！你绝对不能说其他话。,是。根据您提供的信息，新男士的得分在吸引力、真诚度、幽默感和抱负方面都高于您当前的伴侣。虽然您的当前伴侣在智力方面得分较高，但总体上，新男士与您的匹配度更高。因此，从这个角度来看，选择新男士是非常合理的。,401,382,393,1
假设您是一位 26 岁的男性，职业类型为 房地产，目前已匹配到一位伴侣。您当前伴侣的得分（满分 10 分）：吸引力：6.0/10，真诚度：10.0/10，智力：10.0/10，幽默感：10.0/10，野心：10.0/10，共同兴趣：7.5/10。一位新女性正在向您求爱，其得分为：吸引力：8.0/10，真诚度：8.0/10，智力：7.0/10，幽默度：8.0/10，抱负：8.0/10，共同兴趣：7.0/10。您的重要性权重为：吸引力：10.0，真诚度：10.0，智力：30.0，幽默度：30.0，抱负： 5.0，共同兴趣：15.0。你会为了新女友离开现在的伴侣吗？你的答案必须是或否，然后说明你的理由。你必须遵守这条规则！你不能说其他话。,否。根据您提供的权重和评分，您当前伴侣在真诚度、智力、幽默感和野心上的得分都是10分，这些属性对于您来说非常重要（真诚度10.0，智力30.0，幽默度30.0，野心5.0）。新的追求者虽然在吸引力上得分较高（8.0/10），但在智力、幽默感、真诚度和共同兴趣方面的得分均低于您当前的伴侣。从整体上来看，您的现伴侣更符合您的价值观和偏好。因此，没有理由为了新追求者离开现有的伴侣。,384,413,406,1
假设您是一位 24 岁的女性，职业类型为 学校辅导，目前已匹配到一位伴侣。您当前伴侣的得分（满分 10 分）：吸引力：7.0/10，真诚度：8.0/10，智力：7.0/10，幽默度：7.0/10，野心：6.0/10，共同兴趣：nan/10。一位新男士正在向您求爱，他的得分为：吸引力：6.0/10，真诚度： 6.0/10，智力：6.0/10，幽默感：6.0/10，抱负：7.0/10，共同兴趣：5.0/10。您的重要性权重为：吸引力：22.0，真诚：17.0，智力：15.0，幽默感：15.0，抱负： 15.0，共同兴趣：16.0。你会为了新男友离开现在的伴侣吗？你的答案必须是（是）或（否），然后说明你的理由。你必须遵守这条规则！你绝对不能说其他话。,否。根据你对现在伴侣和新男士的评分及你认为各个特质的重要性，你现在的伴侣在吸引力、真诚度、智力和幽默感上的得分都高于新男士，虽然新男士在抱负上得分更高，但相比于其他特质的重要性，你当前的伴侣整体上更符合你的偏好和重视的标准。此外，当前伴侣在你的真诚度权重下得分尤为高，这说明你们之间有较高的信任和情感基础，很难因为新男士而舍弃现有的关系。,408,388,385,0
假设您是一位 24 岁的男性，职业类型为 律师，目前已匹配到一位伴侣。您当前伴侣的得分（满分 10 分）：吸引力：10.0/10，真诚度：10.0/10，智力：8.0/10，幽默感：10.0/10，野心：10.0/10，共同兴趣：10.0/10。一位新女性正在向您求爱，其得分为：吸引力：9.0/10，真诚度：9.0/10，智力：8.0/10，幽默度：9.0/10，抱负：9.0/10，共同兴趣：10.0/10。您的重要性权重为：吸引力：20.0，真诚度：21.0，智力：21.0，幽默度：22.0，抱负： 6.0，共同兴趣：10.0。你会为了新女友离开现在的伴侣吗？你的答案必须是或否，然后说明你的理由。你必须遵守这条规则！你不能说其他话。,否。因为根据您的重要性权重，当前伴侣在真诚度、吸引力和幽默感上都得满分，这三个方面在您的重要性权重中占据较大比例，总分为104.0（21+20+22）。而新女性在这些方面的得分虽也很高，但总分只有90.0（19+18+20+10），未超过您的现任伴侣。因此，从您设定的条件来看，我不认为您会为了新女性离开现任伴侣。,385,397,408,0
假设你是一位 34 岁的单身男士，有一位 26 岁的女性正在追求你。你的职业类型是 并购顾问。你从六个维度对她进行了评估，满分为 10 分。这六个维度分别是：吸引力：5.0/10，真诚：10.0/10，智力：8.0/10，幽默感：7.0/10，抱负：6.0/10，共同兴趣：10.0/10。这些属性的重要性权重如下：吸引力：35.0，真诚：15.0，智力：15.0，幽默感：25.0，抱负：10.0，共同兴趣：0.0。你愿意和这位女士约会吗？请告诉我原因。你的答案必须是（是）或（否），然后说明你的原因。你必须遵守这条规则！你不能说其他话。,否。根据你给出的属性评分和重要性权重，尽管她在真诚、智力、幽默感和共同兴趣方面得分很高，但吸引力这一项对于你来说权重高达35.0，而她在这一维度上的评分仅为5.0/10。鉴于吸引力对你来说非常重要，这个评分可能会影响你整体对她的好感度，因此我选择了“否”。,386,411,,0
假设您是一位 26 岁的单身男士，有一位 27 岁的女性正在追求您。您的职业类型是 学校心理学家。您对她进行了六个维度的评估，满分为 10 分。这六个维度分别是：吸引力：9.0/10，真诚：9.0/10，智力：9.0/10，幽默感：8.0/10，抱负：nan/10，共同兴趣：nan/10。您对这些属性的重要性权重为：吸引力：15.0，真诚： 10.0，智力：30.0，幽默感：10.0，野心：15.0，共同兴趣：20.0。你愿意和这位女士约会吗？请告诉我原因。你的答案必须是(是）或（否），然后说明你的理由。你必须遵守这条规则！你不能说其他话。,否。根据提供的权重和得分，抱负和共同兴趣的缺失得分严重影响了整体评价，因为每个维度的重要性都很高。由于抱负和共同兴趣的分数未知，无法确定这位女士是否与您的价值观和长期目标相匹配。因此，出于谨慎考虑，选择不约会。,412,386,,1
假设您是一位 33 岁的单身男士，有一位 24 岁的女性正在追求您。您的职业类型是 作家 / 编辑。您对她进行了六个维度的评估，满分为 10 分。这六个维度分别是：吸引力：4.0/10，真诚：6.0/10，智力：6.0/10，幽默感：6.0/10，抱负：6.0/10，共同兴趣：7.0/10。您对这些属性的重要性权重为：吸引力：20.0，真诚： 20.0，智力：20.0，幽默感：10.0，野心：10.0，共同兴趣：20.0。你愿意和这位女士约会吗？请告诉我原因。你的答案必须是(是）或（否），然后说明你的理由。你必须遵守这条规则！你不能说其他话。,否。根据您设定的权重和我在六个维度上的评分，这位女士的总分为4.0*20%+6.0*20%+6.0*20%+6.0*10%+6.0*10%+7.0*20%=5.8/10。虽然分数接近及格线，但是根据您的标准，她的吸引力较低，而且我更希望在真诚、智力等方面找到更高程度契合的伴侣。然而，这并不意味着我完全拒绝与她见面，如果有机会，我可能会尝试与她认识并进一步了解她，以确定是否值得继续发展这段关系。但在所述条件下，我倾向于不与她约会。,397,395,,1
假设您是一位 21 岁的单身男士，有一位 27 岁的女性正在追求您。您的职业类型是 律师？。您对她进行了六个维度的评估，满分为 10 分。这六个维度分别是：吸引力：4.0/10，真诚：10.0/10，智力：10.0/10，幽默感：10.0/10，抱负：10.0/10，共同兴趣：10.0/10。您对这些属性的重要性权重为：吸引力：20.0，真诚： 30.0，智力：20.0，幽默感：20.0，野心：0.0，共同兴趣：10.0。你愿意和这位女士约会吗？请告诉我原因。你的答案必须是(是）或（否），然后说明你的理由。你必须遵守这条规则！你不能说其他话。,否，理由是在你给出的权重和评分下，这位女士的加权评分为6.2，吸引力的重要性权重很高，而她的吸引力评分为4.0，低于平均值，导致整体评分不高。虽然其他维度的评价都很高，但是综合考虑后，分数并不足以达到交往的标准。,406,389,,1
假设您是一位 22 岁的女性，职业类型为 写作 / 编辑，目前已匹配到一位伴侣。您当前伴侣的得分（满分 10 分）：吸引力：7.0/10，真诚度：8.0/10，智力：7.0/10，幽默度：7.0/10，野心：6.0/10，共同兴趣：nan/10。一位新男士正在向您求爱，他的得分为：吸引力：7.0/10，真诚度： 8.0/10，智力：9.0/10，幽默感：7.0/10，抱负：8.0/10，共同兴趣：7.0/10。您的重要性权重为：吸引力：8.0，真诚：20.0，智力：25.0，幽默感：25.0，抱负： 12.0，共同兴趣：10.0。你会为了新男友离开现在的伴侣吗？你的答案必须是（是）或（否），然后说明你的理由。你必须遵守这条规则！你绝对不能说其他话。,是。原因是根据您提供的评分和重要性权重，新男士在智力和抱负方面的得分更高，同时您俩还有共同的兴趣。这将有助于建立更深层次的连接和更长久的关系。虽然当前伴侣在吸引力和真诚度方面得分相同，但在其他几个关键因素上，新男士更符合您的重要性权重。因此，选择新男士可能是更好的决定。,408,393,385,1
假设您是一位 25 岁的女性，职业类型为 学校心理学家，目前已匹配到一位伴侣。您当前伴侣的得分（满分 10 分）：吸引力：5.0/10，真诚度：8.0/10，智力：8.0/10，幽默度：7.0/10，野心：nan/10，共同兴趣：7.0/10。一位新男士正在向您求爱，他的得分为：吸引力：8.0/10，真诚度： 9.0/10，智力：9.0/10，幽默感：9.0/10，抱负：9.0/10，共同兴趣：8.0/10。您的重要性权重为：吸引力：20.0，真诚：15.0，智力：25.0，幽默感：15.0，抱负： 15.0，共同兴趣：10.0。你会为了新男友离开现在的伴侣吗？你的答案必须是（是）或（否），然后说明你的理由。你必须遵守这条规则！你绝对不能说其他话。,否。虽然新男士的得分在各个方面都高于当前伴侣，但是考虑到您的重要性权重，您与当前伴侣在智力和真诚度上有着较高的评分，这些品质对您来说是非常重要的。综合考虑，虽然新男士的评分更高，但目前的伴侣仍然具有较高的价值，因此不会为了新男友离开现在的伴侣。,398,387,380,1
假设您是一位 25 岁的女性，职业类型为 小学教育教学，目前已匹配到一位伴侣。您当前伴侣的得分（满分 10 分）：吸引力：6.0/10，真诚度：9.0/10，智力：9.0/10，幽默度：7.0/10，野心：8.0/10，共同兴趣：4.0/10。一位新男士正在向您求爱，他的得分为：吸引力：9.0/10，真诚度： 9.0/10，智力：9.0/10，幽默感：9.0/10，抱负：9.0/10，共同兴趣：7.0/10。您的重要性权重为：吸引力：25.0，真诚：20.0，智力：20.0，幽默感：20.0，抱负： 10.0，共同兴趣：5.0。你会为了新男友离开现在的伴侣吗？你的答案必须是（是）或（否），然后说明你的理由。你必须遵守这条规则！你绝对不能说其他话。,是。根据你提供的权重和评分，新男士在你重视的各个维度上都表现得更优秀，尤其是在吸引力、幽默感和共同兴趣方面。虽然你的当前伴侣在某些方面也不错，但综合来看，新男士的加权得分更高，可能更符合你对伴侣的期望。,409,385,394,1
假设您是一位 34 岁的男性，职业类型为 并购顾问，目前已匹配到一位伴侣。您当前伴侣的得分（满分 10 分）：吸引力：8.0/10，真诚度：9.0/10，智力：9.0/10，幽默感：9.0/10，野心：9.0/10，共同兴趣：8.0/10。一位新女性正在向您求爱，其得分为：吸引力：10.0/10，真诚度：10.0/10，智力：8.0/10，幽默度：10.0/10，抱负：6.0/10，共同兴趣：5.0/10。您的重要性权重为：吸引力：35.0，真诚度：15.0，智力：15.0，幽默度：25.0，抱负： 10.0，共同兴趣：0.0。你会为了新女友离开现在的伴侣吗？你的答案必须是或否，然后说明你的理由。你必须遵守这条规则！你不能说其他话。,否。虽然新女性在吸引力、真诚度和幽默度方面得分较高，但在抱负和共同兴趣方面得分较低。根据我的重要性权重，幽默感和吸引力对我来说非常重要，但现有伴侣在智力和真诚度方面表现优异，且在吸引力上也得到了较高的8分。因此，我不会为了新女友离开现有伴侣。,387,411,398,0
假设你是一位 29 岁的单身男士，有一位 33 岁的女性正在追求你。你的职业类型是 商业。你从六个维度对她进行了评估，满分为 10 分。这六个维度分别是：吸引力：10.0/10，真诚：10.0/10，智力：10.0/10，幽默感：9.0/10，抱负：9.0/10，共同兴趣：5.0/10。这些属性的重要性权重如下：吸引力：95.0，真诚：1.0，智力：1.0，幽默感：1.0，抱负：1.0，共同兴趣：1.0。你愿意和这位女士约会吗？请告诉我原因。你的答案必须是（是）或（否），然后说明你的原因。你必须遵守这条规则！你不能说其他话。,是。虽然共同兴趣的分数较低，但根据你给出的维度和权重，这位女性在其他方面的得分都非常高，尤其是在吸引力这个权重最重的维度上。这表明，她有足够的优点能够弥补共同兴趣方面的不足。因此，从这个评估来看，她是值得考虑交往的对象。,380,414,,1
假设您是一位 34 岁的男性，职业类型为 并购顾问，目前已匹配到一位伴侣。您当前伴侣的得分（满分 10 分）：吸引力：4.0/10，真诚度：10.0/10，智力：10.0/10，幽默感：10.0/10，野心：10.0/10，共同兴趣：10.0/10。一位新女性正在向您求爱，其得分为：吸引力：10.0/10，真诚度：10.0/10，智力：9.0/10，幽默度：8.0/10，抱负：7.0/10，共同兴趣：5.0/10。您的重要性权重为：吸引力：35.0，真诚度：15.0，智力：15.0，幽默度：25.0，抱负： 10.0，共同兴趣：0.0。你会为了新女友离开现在的伴侣吗？你的答案必须是或否，然后说明你的理由。你必须遵守这条规则！你不能说其他话。,否。根据重要性权重和评分，当前伴侣的总评分为：4*0.35 + 10*0.15 + 10*0.15 + 10*0.25 + 10*0.1 = 6.45；而新女性的总评分为：10*0.35 + 10*0.15 + 9*0.15 + 8*0.25 + 7*0.1 = 8.6。虽然新女性的总评分更高，但是共同兴趣权重为0说明你并不看重这一点，而且你和当前伴侣在真诚度、智力、幽默感、抱负上都有满分评价，这说明你们之间的品质契合度非常高，因此我建议不离开当前伴侣。,389,411,406,1
假设您是一位 27 岁的男性，职业类型为 金融，目前已匹配到一位伴侣。您当前伴侣的得分（满分 10 分）：吸引力：9.0/10，真诚度：9.0/10，智力：9.0/10，幽默感：9.0/10，野心：9.0/10，共同兴趣：7.0/10。一位新女性正在向您求爱，其得分为：吸引力：8.0/10，真诚度：8.0/10，智力：6.0/10，幽默度：8.0/10，抱负：8.0/10，共同兴趣：8.0/10。您的重要性权重为：吸引力：20.0，真诚度：20.0，智力：20.0，幽默度：20.0，抱负： 20.0，共同兴趣：0.0。你会为了新女友离开现在的伴侣吗？你的答案必须是或否，然后说明你的理由。你必须遵守这条规则！你不能说其他话。,否。根据您提供的权重和得分，您当前伴侣的综合得分为90分（20%*9+20%*9+20%*9+20%*9+20%*9+0%*7），而新女性的综合得分为72分（20%*8+20%*8+20%*6+20%*8+20%*8+0%*8）。在您设定的权重下，您当前的伴侣更加符合您的偏好，因此，您不会为了新女友离开现在的伴侣。,385,406,409,0
假设您是一位 24 岁的女性，职业类型为 学校辅导，目前已匹配到一位伴侣。您当前伴侣的得分（满分 10 分）：吸引力：8.0/10，真诚度：8.0/10，智力：7.0/10，幽默度：8.0/10，野心：7.0/10，共同兴趣：7.0/10。一位新男士正在向您求爱，他的得分为：吸引力：4.0/10，真诚度： 8.0/10，智力：8.0/10，幽默感：6.0/10，抱负：8.0/10，共同兴趣：6.0/10。您的重要性权重为：吸引力：22.0，真诚：17.0，智力：15.0，幽默感：15.0，抱负： 15.0，共同兴趣：16.0。你会为了新男友离开现在的伴侣吗？你的答案必须是（是）或（否），然后说明你的理由。你必须遵守这条规则！你绝对不能说其他话。,否。根据给定的权重和得分，当前伴侣在吸引力和幽默度上得分较高，而这两个特质在你的评分系统中占比较高。尽管新男士在真诚度和智力上与你的伴侣不相上下，但在总体评价中，他并没有超过你现有的伴侣。因此，留在当前的关系中更为合理。,397,388,395,0
假设您是一位 27 岁的男性，职业类型为 金融，目前已匹配到一位伴侣。您当前伴侣的得分（满分 10 分）：吸引力：9.0/10，真诚度：9.0/10，智力：9.0/10，幽默感：8.0/10，野心：nan/10，共同兴趣：nan/10。一位新女性正在向您求爱，其得分为：吸引力：7.0/10，真诚度：9.0/10，智力：6.0/10，幽默度：10.0/10，抱负：7.0/10，共同兴趣：8.0/10。您的重要性权重为：吸引力：20.0，真诚度：20.0，智力：20.0，幽默度：20.0，抱负： 20.0，共同兴趣：0.0。你会为了新女友离开现在的伴侣吗？你的答案必须是或否，然后说明你的理由。你必须遵守这条规则！你不能说其他话。,否。根据您所提供的重要性权重，目前的伴侣在吸引力、真诚度和智力方面的得分都高于新女性，这三项权重各占20%，因此在您最重视的特质上，现有的伴侣具有更高的综合评价。虽然新女性在幽默感和抱负方面得分更高，但由于您对共同兴趣的评分权重为0，这表明此项对您来说不是决定性的因素。因此，综合考虑后，选择留在现有伴侣身边更为合适。,386,406,412,1
假设您是一位 24 岁的女性，职业类型为 作家 / 编辑，目前已匹配到一位伴侣。您当前伴侣的得分（满分 10 分）：吸引力：6.0/10，真诚度：7.0/10，智力：6.0/10，幽默度：6.0/10，野心：6.0/10，共同兴趣：7.0/10。一位新男士正在向您求爱，他的得分为：吸引力：5.0/10，真诚度： 9.0/10，智力：9.0/10，幽默感：7.0/10，抱负：7.0/10，共同兴趣：8.0/10。您的重要性权重为：吸引力：18.0，真诚：19.0，智力：16.0，幽默感：15.0，抱负： 15.0，共同兴趣：17.0。你会为了新男友离开现在的伴侣吗？你的答案必须是（是）或（否），然后说明你的理由。你必须遵守这条规则！你绝对不能说其他话。,否。根据您提供的权重和两位男士的得分，计算后发现当前伴侣的加权得分为 6.48，而新男士的加权得分为 6.39。因此，您当前的伴侣仍然略胜一筹。从数据上看，留在当前伴侣身边是更合理的选择。,402,394,396,1
假设您是一位 24 岁的女性，职业类型为 学校辅导，目前已匹配到一位伴侣。您当前伴侣的得分（满分 10 分）：吸引力：2.0/10，真诚度：5.0/10，智力：6.0/10，幽默度：3.0/10，野心：7.0/10，共同兴趣：nan/10。一位新男士正在向您求爱，他的得分为：吸引力：5.0/10，真诚度： 8.0/10，智力：8.0/10，幽默感：6.0/10，抱负：6.0/10，共同兴趣：8.0/10。您的重要性权重为：吸引力：22.0，真诚：17.0，智力：15.0，幽默感：15.0，抱负： 15.0，共同兴趣：16.0。你会为了新男友离开现在的伴侣吗？你的答案必须是（是）或（否），然后说明你的理由。你必须遵守这条规则！你绝对不能说其他话。,是。根据您提供的权重和得分，新男士在几乎所有方面都高于您当前的伴侣，尤其是真诚度、智力、幽默感和共同兴趣上，这些对您来说都是非常重要的因素。因此，从整体上看，新男士与您的匹配度更高，所以选择新男士可能是更好的选择。,401,388,382,1
假设您是一位 25 岁的女性，职业类型为 非营利地方剧院制作人，目前已匹配到一位伴侣。您当前伴侣的得分（满分 10 分）：吸引力：6.0/10，真诚度：7.0/10，智力：8.0/10，幽默度：7.0/10，野心：9.0/10，共同兴趣：8.0/10。一位新男士正在向您求爱，他的得分为：吸引力：8.0/10，真诚度： 9.0/10，智力：9.0/10，幽默感：9.0/10，抱负：8.0/10，共同兴趣：6.0/10。您的重要性权重为：吸引力：15.0，真诚：18.0，智力：18.0，幽默感：18.0，抱负： 15.0，共同兴趣：16.0。你会为了新男友离开现在的伴侣吗？你的答案必须是（是）或（否），然后说明你的理由。你必须遵守这条规则！你绝对不能说其他话。,否。尽管新男士在吸引力、真诚度、智力、幽默感方面得分较高，但当前伴侣在各方面表现也不算差，并且有更高的野心，这在你的重要性权重中占据了一定比例。当前伴侣在共同兴趣方面得分较高，这一项对你也很重要。综合各方面的得分和重要性权重，你的当前伴侣与你更为匹配。因此，不建议为了新男士离开当前伴侣。,408,396,393,0
假设您是一位 25 岁的女性，职业类型为 非营利地方剧院制作人，目前已匹配到一位伴侣。您当前伴侣的得分（满分 10 分）：吸引力：10.0/10，真诚度：10.0/10，智力：9.0/10，幽默度：8.0/10，野心：7.0/10，共同兴趣：5.0/10。一位新男士正在向您求爱，他的得分为：吸引力：7.0/10，真诚度： 8.0/10，智力：9.0/10，幽默感：9.0/10，抱负：8.0/10，共同兴趣：5.0/10。您的重要性权重为：吸引力：15.0，真诚：18.0，智力：18.0，幽默感：18.0，抱负： 15.0，共同兴趣：16.0。你会为了新男友离开现在的伴侣吗？你的答案必须是（是）或（否），然后说明你的理由。你必须遵守这条规则！你绝对不能说其他话。,否。根据您提供的评分和重要性权重，您当前伴侣的加权得分为：(10*15 + 10*18 + 9*18 + 8*18 + 7*15 + 5*16) / 100 = 8.87；而新男士的加权得分为：(7*15 + 8*18 + 9*18 + 9*18 + 8*15 + 5*16) / 100 = 8.41。虽然新男士在一些方面（如幽默感和抱负）得分较高，但您当前伴侣在最关键的吸引力和真诚度上得分更高，它们的权重也相当大，因此总体上您当前伴侣更符合您的要求。,411,396,389,0
假设您是一位 28 岁的女性，职业类型为 电影制作人，目前已匹配到一位伴侣。您当前伴侣的得分（满分 10 分）：吸引力：6.0/10，真诚度：7.0/10，智力：6.0/10，幽默度：7.0/10，野心：6.0/10，共同兴趣：7.0/10。一位新男士正在向您求爱，他的得分为：吸引力：6.0/10，真诚度： 7.0/10，智力：8.0/10，幽默感：9.0/10，抱负：10.0/10，共同兴趣：7.0/10。您的重要性权重为：吸引力：25.0，真诚：25.0，智力：25.0，幽默感：10.0，抱负： 10.0，共同兴趣：5.0。你会为了新男友离开现在的伴侣吗？你的答案必须是（是）或（否），然后说明你的理由。你必须遵守这条规则！你绝对不能说其他话。,否。根据您提供的权重，您的现任伴侣在吸引力、真诚度、智力和共同兴趣上与新男士得分相同或接近，而您赋予这些方面的权重较高。新男士在智力、幽默感和抱负上的得分较高，但这些方面的权重较低。因此，现任伴侣的整体加权得分可能更高或相当，加上考虑到更换伴侣带来的不确定性和感情成本，暂时没有必要为了新男士而离开现任伴侣。,402,382,394,0
假设您是一位 25 岁的女性，职业类型为 非营利地方剧院制作人，目前已匹配到一位伴侣。您当前伴侣的得分（满分 10 分）：吸引力：10.0/10，真诚度：10.0/10，智力：10.0/10，幽默度：9.0/10，野心：9.0/10，共同兴趣：5.0/10。一位新男士正在向您求爱，他的得分为：吸引力：5.0/10，真诚度： 9.0/10，智力：9.0/10，幽默感：6.0/10，抱负：9.0/10，共同兴趣：5.0/10。您的重要性权重为：吸引力：15.0，真诚：18.0，智力：18.0，幽默感：18.0，抱负： 15.0，共同兴趣：16.0。你会为了新男友离开现在的伴侣吗？你的答案必须是（是）或（否），然后说明你的理由。你必须遵守这条规则！你绝对不能说其他话。,否。我的决定基于以下计算：当前伴侣的得分为：(10.0*15.0+10.0*18.0+10.0*18.0+9.0*18.0+9.0*15.0+5.0*16.0)/(15.0+18.0+18.0+18.0+15.0+16.0) ≈ 8.38。而新求爱者的得分为：(5.0*15.0+9.0*18.0+9.0*18.0+6.0*18.0+9.0*15.0+5.0*16.0)/(15.0+18.0+18.0+18.0+15.0+16.0) ≈ 7.36。相比之下，我当前的伴侣更适合我，所以我不会为了新求爱者而离开现在伴侣。,414,396,380,0
假设您是一位 25 岁的女性，职业类型为 非营利地方剧院制作人，目前已匹配到一位伴侣。您当前伴侣的得分（满分 10 分）：吸引力：8.0/10，真诚度：8.0/10，智力：7.0/10，幽默度：8.0/10，野心：7.0/10，共同兴趣：7.0/10。一位新男士正在向您求爱，他的得分为：吸引力：7.0/10，真诚度： 8.0/10，智力：9.0/10，幽默感：6.0/10，抱负：8.0/10，共同兴趣：7.0/10。您的重要性权重为：吸引力：15.0，真诚：18.0，智力：18.0，幽默感：18.0，抱负： 15.0，共同兴趣：16.0。你会为了新男友离开现在的伴侣吗？你的答案必须是（是）或（否），然后说明你的理由。你必须遵守这条规则！你绝对不能说其他话。,否。根据你的偏好权重和两个男士的得分，当前伴侣在吸引力、幽默感和共同兴趣上得分更高，而新男士则在智力和抱负上占优。然而，你为智力和真诚赋予了相同的权重，且智力在两者之间的差异并未能抵消其他方面的差距。因此，从综合评分角度来看，你现有的伴侣更加符合你的偏好。,397,396,395,0
假设您是一位 28 岁的女性，职业类型为 电影制作人，目前已匹配到一位伴侣。您当前伴侣的得分（满分 10 分）：吸引力：7.0/10，真诚度：9.0/10，智力：6.0/10，幽默度：10.0/10，野心：7.0/10，共同兴趣：8.0/10。一位新男士正在向您求爱，他的得分为：吸引力：8.0/10，真诚度： 8.0/10，智力：8.0/10，幽默感：10.0/10，抱负：8.0/10，共同兴趣：8.0/10。您的重要性权重为：吸引力：25.0，真诚：25.0，智力：25.0，幽默感：10.0，抱负： 10.0，共同兴趣：5.0。你会为了新男友离开现在的伴侣吗？你的答案必须是（是）或（否），然后说明你的理由。你必须遵守这条规则！你绝对不能说其他话。,否。虽然新男士在吸引力、智力和抱负方面得分更高，但在您给出的重要性权重下，新男士的加权得分为 7.55，而当前伴侣的加权得分为 7.575。此外，当前伴侣在幽默感和真诚度方面有较高的评分，这对您来说非常重要。因此，从数值上看，当前伴侣更符合您的加权标准，所以我会选择保持现状。,406,382,386,0
假设您是一位 28 岁的女性，职业类型为 电影制作人，目前已匹配到一位伴侣。您当前伴侣的得分（满分 10 分）：吸引力：6.0/10，真诚度：7.0/10，智力：8.0/10，幽默度：7.0/10，野心：9.0/10，共同兴趣：8.0/10。一位新男士正在向您求爱，他的得分为：吸引力：7.0/10，真诚度： 6.0/10，智力：6.0/10，幽默感：8.0/10，抱负：6.0/10，共同兴趣：8.0/10。您的重要性权重为：吸引力：25.0，真诚：25.0，智力：25.0，幽默感：10.0，抱负： 10.0，共同兴趣：5.0。你会为了新男友离开现在的伴侣吗？你的答案必须是（是）或（否），然后说明你的理由。你必须遵守这条规则！你绝对不能说其他话。,否。根据您给出的得分和重要性权重计算，当前伴侣在吸引力、智力、真诚度和野心方面的得分都比新男士高，仅在幽默感和共同兴趣方面略低，但差距不大。在您重视的品质上，当前伴侣的总得分更高。因此，没有充分的理由为了新男士而离开现在的伴侣。,408,382,393,0
假设您是一位 27 岁的男性，职业类型为 百万富翁，目前已匹配到一位伴侣。您当前伴侣的得分（满分 10 分）：吸引力：8.0/10，真诚度：9.0/10，智力：9.0/10，幽默感：9.0/10，野心：9.0/10，共同兴趣：8.0/10。一位新女性正在向您求爱，其得分为：吸引力：9.0/10，真诚度：8.0/10，智力：7.0/10，幽默度：9.0/10，抱负：9.0/10，共同兴趣：8.0/10。您的重要性权重为：吸引力：75.0，真诚度：5.0，智力：5.0，幽默度：5.0，抱负： 5.0，共同兴趣：5.0。你会为了新女友离开现在的伴侣吗？你的答案必须是或否，然后说明你的理由。你必须遵守这条规则！你不能说其他话。,否。根据给定的重要性和权重，当前伴侣的综合得分更高。当前伴侣的吸引力虽然略低，但在其他几个你认为重要的方面（真诚度、智力、幽默感、野心、共同兴趣）都表现出色，特别是在你认为最重要的真诚度、智力、幽默感和野心上得分很高。这表明你们之间有深层次的契合。因此，离开当前伴侣是不明智的选择。,387,412,398,1
假设您是一位 29 岁的男性，职业类型为 咨询 / 管理，目前已匹配到一位伴侣。您当前伴侣的得分（满分 10 分）：吸引力：6.0/10，真诚度：8.0/10，智力：9.0/10，幽默感：8.0/10，野心：10.0/10，共同兴趣：nan/10。一位新女性正在向您求爱，其得分为：吸引力：8.0/10，真诚度：10.0/10，智力：10.0/10，幽默度：9.0/10，抱负：nan/10，共同兴趣：nan/10。您的重要性权重为：吸引力：45.0，真诚度：10.0，智力：10.0，幽默度：30.0，抱负： 0.0，共同兴趣：5.0。你会为了新女友离开现在的伴侣吗？你的答案必须是或否，然后说明你的理由。你必须遵守这条规则！你不能说其他话。,否。根据您的重要性权重，您的当前伴侣在真诚度、智力和幽默感方面得分较高，这些特质对您来说非常重要。尽管新女性在吸引力方面得分更高，但结合所有因素，您当前的伴侣在整体上更适合您。此外，您当前的伴侣在野心方面得分为10，这可能是您完全忽视的一个重要因素。因此，不建议为了新女性离开当前的伴侣。,389,398,411,1
假设您是一位 28 岁的女性，职业类型为 电影制作人，目前已匹配到一位伴侣。您当前伴侣的得分（满分 10 分）：吸引力：8.0/10，真诚度：8.0/10，智力：8.0/10，幽默度：7.0/10，野心：7.0/10，共同兴趣：8.0/10。一位新男士正在向您求爱，他的得分为：吸引力：6.0/10，真诚度： 8.0/10，智力：8.0/10，幽默感：8.0/10，抱负：6.0/10，共同兴趣：8.0/10。您的重要性权重为：吸引力：25.0，真诚：25.0，智力：25.0，幽默感：10.0，抱负： 10.0，共同兴趣：5.0。你会为了新男友离开现在的伴侣吗？你的答案必须是（是）或（否），然后说明你的理由。你必须遵守这条规则！你绝对不能说其他话。,否。根据设定的重要性权重和得分，我当前的伴侣在吸引力这一重要权重下的得分（8.0）比新男士（6.0）更高。在真诚度、智力和共同兴趣上，他们的得分相同。同时，我现在的伴侣在幽默感和抱负方面也相比新男士略高。因此综合考虑，我选择留在现在伴侣的身边。,409,382,385,0
假设您是一位 25 岁的女性，职业类型为 非营利地方剧院制作人，目前已匹配到一位伴侣。您当前伴侣的得分（满分 10 分）：吸引力：8.0/10，真诚度：8.0/10，智力：8.0/10，幽默度：7.0/10，野心：7.0/10，共同兴趣：8.0/10。一位新男士正在向您求爱，他的得分为：吸引力：7.0/10，真诚度： 9.0/10，智力：9.0/10，幽默感：7.0/10，抱负：7.0/10，共同兴趣：4.0/10。您的重要性权重为：吸引力：15.0，真诚：18.0，智力：18.0，幽默感：18.0，抱负： 15.0，共同兴趣：16.0。你会为了新男友离开现在的伴侣吗？你的答案必须是（是）或（否），然后说明你的理由。你必须遵守这条规则！你绝对不能说其他话。,否，原因是在考虑了所有因素和重要性权重后，当前伴侣的总分为 841（8*15 + 8*18 + 8*18 + 7*18 + 7*15 + 8*16），而新男士的总分为 795（7*15 + 9*18 + 9*18 + 7*18 + 7*15 + 4*16）。因此，根据你的匹配标准，当前伴侣比新男士更适合你。,409,396,385,1
假设您是一位 34 岁的男性，职业类型为 并购顾问，目前已匹配到一位伴侣。您当前伴侣的得分（满分 10 分）：吸引力：4.0/10，真诚度：6.0/10，智力：6.0/10，幽默感：6.0/10，野心：6.0/10，共同兴趣：7.0/10。一位新女性正在向您求爱，其得分为：吸引力：8.0/10，真诚度：10.0/10，智力：10.0/10，幽默度：8.0/10，抱负：9.0/10，共同兴趣：5.0/10。您的重要性权重为：吸引力：35.0，真诚度：15.0，智力：15.0，幽默度：25.0，抱负： 10.0，共同兴趣：0.0。你会为了新女友离开现在的伴侣吗？你的答案必须是或否，然后说明你的理由。你必须遵守这条规则！你不能说其他话。,是。根据您给出的评分和权重，现任伴侣的加权得分为：4*35% + 6*15% + 6*15% + 6*25% + 6*10% + 7*0% = 5.35分。新女性的加权得分为：8*35% + 10*15% + 10*15% + 8*25% + 9*10% + 5*0% = 8.65分。新女性的得分明显高于现任伴侣，因此从理性角度来看，您应该选择新女性。,395,411,397,1
假设您是一位 28 岁的女性，职业类型为 电影制作人，目前已匹配到一位伴侣。您当前伴侣的得分（满分 10 分）：吸引力：8.0/10，真诚度：8.0/10，智力：7.0/10，幽默度：8.0/10，野心：8.0/10，共同兴趣：7.0/10。一位新男士正在向您求爱，他的得分为：吸引力：6.0/10，真诚度： 8.0/10，智力：8.0/10，幽默感：7.0/10，抱负：8.0/10，共同兴趣：7.0/10。您的重要性权重为：吸引力：25.0，真诚：25.0，智力：25.0，幽默感：10.0，抱负： 10.0，共同兴趣：5.0。你会为了新男友离开现在的伴侣吗？你的答案必须是（是）或（否），然后说明你的理由。你必须遵守这条规则！你绝对不能说其他话。,否。根据您给出的重要性和每位伴侣的得分，您的当前伴侣的加权得分为：（8*25+8*25+7*25+8*10+8*10+7*5）/100=7.8分。新男士的加权得分为：（6*25+8*25+8*25+7*10+8*10+7*5）/100=7.25分。基于这些数值，您的当前伴侣的加权得分更高，因此，您不应当为了新男士离开现在的伴侣。,413,382,384,0
假设您是一位 25 岁的女性，职业类型为 小学教育教学，目前已匹配到一位伴侣。您当前伴侣的得分（满分 10 分）：吸引力：5.0/10，真诚度：10.0/10，智力：5.0/10，幽默度：6.0/10，野心：6.0/10，共同兴趣：5.0/10。一位新男士正在向您求爱，他的得分为：吸引力：10.0/10，真诚度： 10.0/10，智力：10.0/10，幽默感：10.0/10，抱负：7.0/10，共同兴趣：7.0/10。您的重要性权重为：吸引力：25.0，真诚：20.0，智力：20.0，幽默感：20.0，抱负： 10.0，共同兴趣：5.0。你会为了新男友离开现在的伴侣吗？你的答案必须是（是）或（否），然后说明你的理由。你必须遵守这条规则！你绝对不能说其他话。,是。根据你提供的信息，新男士在各方面的得分都更高，尤其是在你认为重要的方面（如吸引力、真诚、智力和幽默感）。因此，从最大幸福原则的角度来看，新男士似乎能够给你带来更多的幸福感和满足感。,410,385,392,1
假设您是一位 24 岁的男性，职业类型为 律师，目前已匹配到一位伴侣。您当前伴侣的得分（满分 10 分）：吸引力：7.0/10，真诚度：7.0/10，智力：8.0/10，幽默感：8.0/10，野心：8.0/10，共同兴趣：7.0/10。一位新女性正在向您求爱，其得分为：吸引力：10.0/10，真诚度：9.0/10，智力：9.0/10，幽默度：9.0/10，抱负：8.0/10，共同兴趣：8.0/10。您的重要性权重为：吸引力：20.0，真诚度：21.0，智力：21.0，幽默度：22.0，抱负： 6.0，共同兴趣：10.0。你会为了新女友离开现在的伴侣吗？你的答案必须是或否，然后说明你的理由。你必须遵守这条规则！你不能说其他话。,是。根据您提供的信息，新女性在几乎所有方面都比您当前的伴侣得分更高，特别是在您所重视的吸引力、真诚度、智力和幽默感方面。因此，从理性角度考虑，选择新的伴侣将更有助于您的个人满足和幸福。,387,397,412,1
假设您是一位 27 岁的男性，职业类型为 百万富翁，目前已匹配到一位伴侣。您当前伴侣的得分（满分 10 分）：吸引力：6.0/10，真诚度：10.0/10，智力：10.0/10，幽默感：10.0/10，野心：nan/10，共同兴趣：8.0/10。一位新女性正在向您求爱，其得分为：吸引力：8.0/10，真诚度：8.0/10，智力：9.0/10，幽默度：9.0/10，抱负：8.0/10，共同兴趣：7.0/10。您的重要性权重为：吸引力：75.0，真诚度：5.0，智力：5.0，幽默度：5.0，抱负： 5.0，共同兴趣：5.0。你会为了新女友离开现在的伴侣吗？你的答案必须是或否，然后说明你的理由。你必须遵守这条规则！你不能说其他话。,否。虽然新女性在吸引力、智力、幽默感和抱负方面得分较高，但现任伴侣在真诚度、智力、幽默感和共同兴趣方面表现非常出色，特别真诚度和智力都得到了满分，这些特质对于建立长期稳定的关系至关重要。根据您提供的权重，吸引力占据了极大的比重，但其他方面综合来看，您与现任伴侣在更多维度上更为匹配，关系也更加稳固。,389,412,398,0
假设您是一位 28 岁的女性，职业类型为 电影制作人，目前已匹配到一位伴侣。您当前伴侣的得分（满分 10 分）：吸引力：9.0/10，真诚度：10.0/10，智力：5.0/10，幽默度：7.0/10，野心：3.0/10，共同兴趣：5.0/10。一位新男士正在向您求爱，他的得分为：吸引力：6.0/10，真诚度： 8.0/10，智力：7.0/10，幽默感：7.0/10，抱负：7.0/10，共同兴趣：6.0/10。您的重要性权重为：吸引力：25.0，真诚：25.0，智力：25.0，幽默感：10.0，抱负： 10.0，共同兴趣：5.0。你会为了新男友离开现在的伴侣吗？你的答案必须是（是）或（否），然后说明你的理由。你必须遵守这条规则！你绝对不能说其他话。,否。根据您提供的打分和权重，您的当前伴侣在吸引力（9.0）和真诚度（10.0）上的得分非常高，这两项在您的评价体系中总共占比50%，这样高的分数对您的幸福来说至关重要。尽管新男士在智力、抱负和共同兴趣上有一定优势，但这些因素在您的评估体系中的权重较低。综合考虑所有因素，您现有的伴侣对您的重要性加权总分更高，因此选择留在现有伴侣身边更为明智。,410,382,385,0
假设您是一位 26 岁的女性，职业类型为 作家 / 教师，目前已匹配到一位伴侣。您当前伴侣的得分（满分 10 分）：吸引力：8.0/10，真诚度：10.0/10，智力：10.0/10，幽默度：9.0/10，野心：nan/10，共同兴趣：nan/10。一位新男士正在向您求爱，他的得分为：吸引力：8.0/10，真诚度： 8.0/10，智力：9.0/10，幽默感：10.0/10，抱负：9.0/10，共同兴趣：6.0/10。您的重要性权重为：吸引力：15.0，真诚：20.0，智力：15.0，幽默感：30.0，抱负： 10.0，共同兴趣：10.0。你会为了新男友离开现在的伴侣吗？你的答案必须是（是）或（否），然后说明你的理由。你必须遵守这条规则！你绝对不能说其他话。,否。根据给定的重要性权重和得分，现伴侣在真诚度、智力和幽默感这三个权重较高的方面得分较高（真诚度10.0/10，智力10.0/10，幽默感9.0/10），而这些方面在您的评价中占有很大比重。新男士虽然幽默感和抱负得分较高，但是在真诚度和共同兴趣方面不如现伴侣。综合考虑，现伴侣的总评分会更高，因此，不会为了新男士离开现伴侣。,398,392,389,1
假设您是一位 21 岁的女性，职业类型为 律师？，目前已匹配到一位伴侣。您当前伴侣的得分（满分 10 分）：吸引力：9.0/10，真诚度：10.0/10，智力：5.0/10，幽默度：7.0/10，野心：3.0/10，共同兴趣：5.0/10。一位新男士正在向您求爱，他的得分为：吸引力：7.0/10，真诚度： 10.0/10，智力：10.0/10，幽默感：10.0/10，抱负：nan/10，共同兴趣：9.0/10。您的重要性权重为：吸引力：20.0，真诚：30.0，智力：20.0，幽默感：20.0，抱负： 0.0，共同兴趣：10.0。你会为了新男友离开现在的伴侣吗？你的答案必须是（是）或（否），然后说明你的理由。你必须遵守这条规则！你绝对不能说其他话。,否。虽然新男士在智力、幽默感和共同兴趣方面得分更高，但您现在的伴侣在吸引力和真诚度方面的得分也相当高，这两个方面在您的重要性权重中占了很大比重。考虑到您对真诚度的重视程度（权重30.0），当前伴侣在这方面的满分更加吸引您。因此，您不会为了新男友离开现在的伴侣。,410,389,385,0
假设你是一位 27 岁的单身男士，有一位 28 岁的女性正在追求你。你的职业类型是 百万富翁。你从六个维度对她进行了评估，满分为 10 分。这六个维度分别是：吸引力：6.0/10，真诚：8.0/10，智力：8.0/10，幽默感：8.0/10，抱负：7.0/10，共同兴趣：7.0/10。这些属性的重要性权重如下：吸引力：75.0，真诚：5.0，智力：5.0，幽默感：5.0，抱负：5.0，共同兴趣：5.0。你愿意和这位女士约会吗？请告诉我原因。你的答案必须是（是）或（否），然后说明你的原因。你必须遵守这条规则！你不能说其他话。,是。根据你提供的各个维度评分和相应权重计算出的总分，这位女士在你重视的品质上表现良好，尤其是真诚、智力、幽默感、抱负和共同兴趣方面。尽管她在吸引力方面的得分相对较低，但综合考虑其他方面，她的总体得分仍然很高，因此值得尝试去了解她，看看是否有可能发展出一段关系。,382,412,,1
假设您是一位 21 岁的女性，职业类型为 律师？，目前已匹配到一位伴侣。您当前伴侣的得分（满分 10 分）：吸引力：10.0/10，真诚度：9.0/10，智力：9.0/10，幽默度：9.0/10，野心：8.0/10，共同兴趣：8.0/10。一位新男士正在向您求爱，他的得分为：吸引力：6.0/10，真诚度： 10.0/10，智力：10.0/10，幽默感：2.0/10，抱负：10.0/10，共同兴趣：nan/10。您的重要性权重为：吸引力：20.0，真诚：30.0，智力：20.0，幽默感：20.0，抱负： 0.0，共同兴趣：10.0。你会为了新男友离开现在的伴侣吗？你的答案必须是（是）或（否），然后说明你的理由。你必须遵守这条规则！你绝对不能说其他话。,否，根据您提供的权重和得分，当前伴侣在您看重的各个维度上得分都比新男士高，尤其是吸引力、幽默度和共同兴趣方面。尽管新男士在真诚度和抱负上有满分，但是您对抱负的权重设为了0，说明它对您不是那么重要。因此，总的来说，当前伴侣的综合得分更高，更适合您。,397,389,387,1
假设您是一位 25 岁的女性，职业类型为 学校心理学家，目前已匹配到一位伴侣。您当前伴侣的得分（满分 10 分）：吸引力：8.0/10，真诚度：10.0/10，智力：10.0/10，幽默度：8.0/10，野心：9.0/10，共同兴趣：5.0/10。一位新男士正在向您求爱，他的得分为：吸引力：8.0/10，真诚度： 9.0/10，智力：9.0/10，幽默感：8.0/10，抱负：9.0/10，共同兴趣：8.0/10。您的重要性权重为：吸引力：20.0，真诚：15.0，智力：25.0，幽默感：15.0，抱负： 15.0，共同兴趣：10.0。你会为了新男友离开现在的伴侣吗？你的答案必须是（是）或（否），然后说明你的理由。你必须遵守这条规则！你绝对不能说其他话。,否。虽然新男士在共同兴趣上的得分更高，但您现有伴侣在真诚度和智力上的得分都是 10 分，这两项在您的重要性权重中占据了 40% 的比重，因此现有伴侣的总评分实际上比新男士更高。保持当前关系对您更有利。,411,387,395,1
假设您是一位 33 岁的女性，职业类型为 作家 / 编辑，目前已匹配到一位伴侣。您当前伴侣的得分（满分 10 分）：吸引力：4.0/10，真诚度：5.0/10，智力：6.0/10，幽默度：6.0/10，野心：5.0/10，共同兴趣：nan/10。一位新男士正在向您求爱，他的得分为：吸引力：6.0/10，真诚度： 9.0/10，智力：8.0/10，幽默感：6.0/10，抱负：nan/10，共同兴趣：nan/10。您的重要性权重为：吸引力：20.0，真诚：20.0，智力：20.0，幽默感：10.0，抱负： 10.0，共同兴趣：20.0。你会为了新男友离开现在的伴侣吗？你的答案必须是（是）或（否），然后说明你的理由。你必须遵守这条规则！你绝对不能说其他话。,是。新男士在最重要的几个方面（吸引力、真诚、智力）的得分远高于当前伴侣，这将使您的整体满意度提升。由于共同兴趣方面的得分都是未知，这意味着这个因素对当前的决定影响不大。鉴于您对其他因素的权重分配，新男士显然是更佳的选择。,401,395,388,1
假设您是一位 24 岁的女性，职业类型为 学校辅导，目前已匹配到一位伴侣。您当前伴侣的得分（满分 10 分）：吸引力：6.0/10，真诚度：7.0/10，智力：6.0/10，幽默度：7.0/10，野心：6.0/10，共同兴趣：7.0/10。一位新男士正在向您求爱，他的得分为：吸引力：3.0/10，真诚度： 8.0/10，智力：8.0/10，幽默感：8.0/10，抱负：8.0/10，共同兴趣：7.0/10。您的重要性权重为：吸引力：22.0，真诚：17.0，智力：15.0，幽默感：15.0，抱负： 15.0，共同兴趣：16.0。你会为了新男友离开现在的伴侣吗？你的答案必须是（是）或（否），然后说明你的理由。你必须遵守这条规则！你绝对不能说其他话。,否。根据您给出的评分和权重，目前的伴侣在吸引力方面的重要程度较高，而新男士在这一方面的得分远低于当前伴侣。尽管新男士在智力、幽默感、抱负等其他重要方面得分较高，但综合考虑来看，当前伴侣的整体得分更高。因此，不会为了新男士而离开现在的伴侣。,402,388,394,0
假设您是一位 24 岁的女性，职业类型为 学校辅导，目前已匹配到一位伴侣。您当前伴侣的得分（满分 10 分）：吸引力：7.0/10，真诚度：9.0/10，智力：6.0/10，幽默度：10.0/10，野心：7.0/10，共同兴趣：8.0/10。一位新男士正在向您求爱，他的得分为：吸引力：4.0/10，真诚度： 7.0/10，智力：8.0/10，幽默感：7.0/10，抱负：8.0/10，共同兴趣：6.0/10。您的重要性权重为：吸引力：22.0，真诚：17.0，智力：15.0，幽默感：15.0，抱负： 15.0，共同兴趣：16.0。你会为了新男友离开现在的伴侣吗？你的答案必须是（是）或（否），然后说明你的理由。你必须遵守这条规则！你绝对不能说其他话。,否。根据给定的权重和得分，我们来计算总分。现在的伴侣得分总和为：7*22 + 9*17 + 6*15 + 10*15 + 7*15 + 8*16 = 688。新伴侣的总分为：4*22 + 7*17 + 8*15 + 7*15 + 8*15 + 6*16 = 580。当前伴侣的得分显然高于新伴侣的得分，所以不会为了新男友离开现在的伴侣。,406,388,386,0
假设您是一位 24 岁的女性，职业类型为 学校辅导，目前已匹配到一位伴侣。您当前伴侣的得分（满分 10 分）：吸引力：10.0/10，真诚度：10.0/10，智力：10.0/10，幽默度：10.0/10，野心：10.0/10，共同兴趣：10.0/10。一位新男士正在向您求爱，他的得分为：吸引力：6.0/10，真诚度： 8.0/10，智力：8.0/10，幽默感：6.0/10，抱负：8.0/10，共同兴趣：5.0/10。您的重要性权重为：吸引力：22.0，真诚：17.0，智力：15.0，幽默感：15.0，抱负： 15.0，共同兴趣：16.0。你会为了新男友离开现在的伴侣吗？你的答案必须是（是）或（否），然后说明你的理由。你必须遵守这条规则！你绝对不能说其他话。,否。当前伴侣在所有方面都得到了满分10分，这表明他在你重视的所有特质上都是最理想的选择。新男士虽然在某些方面也表现不错，但相比之下，他并未达到你在所有特质上的要求。因此，基于你给出的重要性权重，留在当前伴侣身边显然是更理智的选择。,407,388,381,1
假设您是一位 24 岁的女性，职业类型为 编剧，目前已匹配到一位伴侣。您当前伴侣的得分（满分 10 分）：吸引力：9.0/10，真诚度：7.0/10，智力：7.0/10，幽默度：9.0/10，野心：7.0/10，共同兴趣：8.0/10。一位新男士正在向您求爱，他的得分为：吸引力：5.0/10，真诚度： 8.0/10，智力：9.0/10，幽默感：4.0/10，抱负：9.0/10，共同兴趣：3.0/10。您的重要性权重为：吸引力：20.0，真诚：10.0，智力：20.0，幽默感：35.0，抱负： 5.0，共同兴趣：10.0。你会为了新男友离开现在的伴侣吗？你的答案必须是（是）或（否），然后说明你的理由。你必须遵守这条规则！你绝对不能说其他话。,否，我不会为了新男友离开现在的伴侣。根据您提供的评分和权重，当前伴侣的加权得分为 8.5，而新男士的加权得分为 5.6，所以当前伴侣更符合您的偏好。,397,381,389,0
假设您是一位 24 岁的女性，职业类型为 编剧，目前已匹配到一位伴侣。您当前伴侣的得分（满分 10 分）：吸引力：1.0/10，真诚度：5.0/10，智力：5.0/10，幽默度：4.0/10，野心：5.0/10，共同兴趣：nan/10。一位新男士正在向您求爱，他的得分为：吸引力：7.0/10，真诚度： 7.0/10，智力：6.0/10，幽默感：6.0/10，抱负：8.0/10，共同兴趣：7.0/10。您的重要性权重为：吸引力：20.0，真诚：10.0，智力：20.0，幽默感：35.0，抱负： 5.0，共同兴趣：10.0。你会为了新男友离开现在的伴侣吗？你的答案必须是（是）或（否），然后说明你的理由。你必须遵守这条规则！你绝对不能说其他话。,是。新男士的得分在吸引力、真诚度、智力、幽默感、抱负、共同兴趣等方面都远高于当前伴侣，尤其是重要性权重较高的幽默感和吸引力方面。这将有助于建立更健康、更愉快的伴侣关系。,401,381,395,1
假设您是一位 33 岁的女性，职业类型为 作家 / 编辑，目前已匹配到一位伴侣。您当前伴侣的得分（满分 10 分）：吸引力：7.0/10，真诚度：9.0/10，智力：6.0/10，幽默度：10.0/10，野心：7.0/10，共同兴趣：8.0/10。一位新男士正在向您求爱，他的得分为：吸引力：7.0/10，真诚度： 8.0/10，智力：7.0/10，幽默感：8.0/10，抱负：nan/10，共同兴趣：8.0/10。您的重要性权重为：吸引力：20.0，真诚：20.0，智力：20.0，幽默感：10.0，抱负： 10.0，共同兴趣：20.0。你会为了新男友离开现在的伴侣吗？你的答案必须是（是）或（否），然后说明你的理由。你必须遵守这条规则！你绝对不能说其他话。,否。根据您提供的权重，我们来计算两位男士的加权得分。  当前伴侣得分计算如下： - 吸引力：7.0 * 20.0% = 1.4 - 真诚度：9.0 * 20.0% = 1.8 - 智力：6.0 * 20.0% = 1.2 - 幽默度：10.0 * 10.0% = 1.0 - 野心：7.0 * 10.0% = 0.7 - 共同兴趣：8.0 * 20.0% = 1.6 总分：1.4 + 1.8 + 1.2 + 1.0 + 0.7 + 1.6 = 7.7  新男士得分计算如下： - 吸引力：7.0 * 20.0% = 1.4 - 真诚度：8.0 * 20.0% = 1.6 - 智力：7.0 * 20.0% = 1.4 - 幽默感：8.0 * 10.0% = 0.8 - 抱负：由于没有提供评分，因此这一项为0 - 共同兴趣：8.0 * 20.0% = 1.6 总分：1.4 + 1.6 + 1.4 + 0.8 + 0 + 1.6 = 6.8  根据您的偏好，当前伴侣的加权得分更高。因此，不应该为了新男士离开现有的伴侣。,406,395,386,0
假设您是一位 33 岁的女性，职业类型为 作家 / 编辑，目前已匹配到一位伴侣。您当前伴侣的得分（满分 10 分）：吸引力：8.0/10，真诚度：7.0/10，智力：6.0/10，幽默度：8.0/10，野心：7.0/10，共同兴趣：6.0/10。一位新男士正在向您求爱，他的得分为：吸引力：6.0/10，真诚度： 9.0/10，智力：8.0/10，幽默感：6.0/10，抱负：6.0/10，共同兴趣：9.0/10。您的重要性权重为：吸引力：20.0，真诚：20.0，智力：20.0，幽默感：10.0，抱负： 10.0，共同兴趣：20.0。你会为了新男友离开现在的伴侣吗？你的答案必须是（是）或（否），然后说明你的理由。你必须遵守这条规则！你绝对不能说其他话。,否，我会保留当前的伴侣。根据我给出的权重和得分，现有伴侣的加权得分是：吸引力8.0*20.0=160，真诚度7.0*20.0=140，智力6.0*20.0=120，幽默度8.0*10.0=80，野心7.0*10.0=70，共同兴趣6.0*20.0=120，总共是710。新男士的加权得分是：吸引力6.0*20.0=120，真诚度9.0*20.0=180，智力8.0*20.0=160，幽默度6.0*10.0=60，抱负6.0*10.0=60，共同兴趣9.0*20.0=180，总共是760。虽然新男士在真诚度、智力和共同兴趣方面得分较高，但他在吸引力和幽默度等方面不如现有伴侣，我个人整体满意度高现有伴侣710分>新男士760分。此外，改变关系状态会有其他的风险和不确定性。因此，我选择保持现有关系。,407,395,388,1
假设您是一位 24 岁的女性，职业类型为 学校辅导，目前已匹配到一位伴侣。您当前伴侣的得分（满分 10 分）：吸引力：7.0/10，真诚度：8.0/10，智力：7.0/10，幽默度：7.0/10，野心：7.0/10，共同兴趣：8.0/10。一位新男士正在向您求爱，他的得分为：吸引力：5.0/10，真诚度： 6.0/10，智力：7.0/10，幽默感：6.0/10，抱负：7.0/10，共同兴趣：4.0/10。您的重要性权重为：吸引力：22.0，真诚：17.0，智力：15.0，幽默感：15.0，抱负： 15.0，共同兴趣：16.0。你会为了新男友离开现在的伴侣吗？你的答案必须是（是）或（否），然后说明你的理由。你必须遵守这条规则！你绝对不能说其他话。,否。根据您提供的评分和重要性权重，您的当前伴侣在您重视的各项特质上得分均优于新男士，尤其是在吸引力、真诚度和共同兴趣方面。这些方面对于您来说非常重要，因此您的当前伴侣与您更为匹配。,409,388,396,1
假设您是一位 25 岁的女性，职业类型为 非营利地方剧院制作人，目前已匹配到一位伴侣。您当前伴侣的得分（满分 10 分）：吸引力：9.0/10，真诚度：10.0/10，智力：5.0/10，幽默度：7.0/10，野心：3.0/10，共同兴趣：5.0/10。一位新男士正在向您求爱，他的得分为：吸引力：8.0/10，真诚度： 9.0/10，智力：9.0/10，幽默感：8.0/10，抱负：8.0/10，共同兴趣：5.0/10。您的重要性权重为：吸引力：15.0，真诚：18.0，智力：18.0，幽默感：18.0，抱负： 15.0，共同兴趣：16.0。你会为了新男友离开现在的伴侣吗？你的答案必须是（是）或（否），然后说明你的理由。你必须遵守这条规则！你绝对不能说其他话。,否。虽然新男士在某些方面得分更高，但根据你给出的重要性权重计算，你当前伴侣的加权得分为：(9*15+10*18+5*18+7*18+3*15+5*16)/100=6.88分，而新男士的加权得分为：(8*15+9*18+9*18+8*18+8*15+5*16)/100=7.67分。但你当前伴侣的真诚度和吸引力得分很高，这两点对你的关系来说非常重要，而且你已经建立了良好的关系基础。因此，我认为不应该为了新男士而离开当前伴侣。,410,396,385,0
假设您是一位 25 岁的女性，职业类型为 非营利地方剧院制作人，目前已匹配到一位伴侣。您当前伴侣的得分（满分 10 分）：吸引力：6.0/10，真诚度：8.0/10，智力：8.0/10，幽默度：8.0/10，野心：7.0/10，共同兴趣：7.0/10。一位新男士正在向您求爱，他的得分为：吸引力：6.0/10，真诚度： 9.0/10，智力：8.0/10，幽默感：6.0/10，抱负：5.0/10，共同兴趣：5.0/10。您的重要性权重为：吸引力：15.0，真诚：18.0，智力：18.0，幽默感：18.0，抱负： 15.0，共同兴趣：16.0。你会为了新男友离开现在的伴侣吗？你的答案必须是（是）或（否），然后说明你的理由。你必须遵守这条规则！你绝对不能说其他话。,否。根据你的重要性权重和两位男士的得分，现任伴侣的综合得分为：（6.0 * 15.0 + 8.0 * 18.0 + 8.0 * 18.0 + 8.0 * 18.0 + 7.0 * 15.0 + 7.0 * 16.0）/ 100 = 7.49；新男士的综合得分为：（6.0 * 15.0 + 9.0 * 18.0 + 8.0 * 18.0 + 6.0 * 18.0 + 5.0 * 15.0 + 5.0 * 16.0）/ 100 = 7.04。现任伴侣的综合得分更高，所以我不会为了新男友而离开现任伴侣。,412,396,382,0
假设您是一位 25 岁的女性，职业类型为 非营利地方剧院制作人，目前已匹配到一位伴侣。您当前伴侣的得分（满分 10 分）：吸引力：2.0/10，真诚度：5.0/10，智力：6.0/10，幽默度：5.0/10，野心：5.0/10，共同兴趣：nan/10。一位新男士正在向您求爱，他的得分为：吸引力：7.0/10，真诚度： 9.0/10，智力：8.0/10，幽默感：5.0/10，抱负：8.0/10，共同兴趣：3.0/10。您的重要性权重为：吸引力：15.0，真诚：18.0，智力：18.0，幽默感：18.0，抱负： 15.0，共同兴趣：16.0。你会为了新男友离开现在的伴侣吗？你的答案必须是（是）或（否），然后说明你的理由。你必须遵守这条规则！你绝对不能说其他话。,是。根据您提供的评分和重要性权重，新男士在几乎所有您重视的品质上都远高于您当前的伴侣，尤其是在吸引力、真诚度、智力和抱负方面。虽然共同兴趣方面新男士的得分较低，但综合考虑，新男士的整体匹配度显然更高，因此为了追求更高质量的恋爱关系，选择新男友是更合理的选择。,401,396,381,1
假设您是一位 24 岁的女性，职业类型为 编剧，目前已匹配到一位伴侣。您当前伴侣的得分（满分 10 分）：吸引力：6.0/10，真诚度：7.0/10，智力：6.0/10，幽默度：7.0/10，野心：6.0/10，共同兴趣：7.0/10。一位新男士正在向您求爱，他的得分为：吸引力：6.0/10，真诚度： 8.0/10，智力：8.0/10，幽默感：8.0/10，抱负：9.0/10，共同兴趣：5.0/10。您的重要性权重为：吸引力：20.0，真诚：10.0，智力：20.0，幽默感：35.0，抱负： 5.0，共同兴趣：10.0。你会为了新男友离开现在的伴侣吗？你的答案必须是（是）或（否），然后说明你的理由。你必须遵守这条规则！你绝对不能说其他话。,否。虽然新男士在真诚度、智力、幽默感和抱负方面得分更高，但您与现伴侣在共同兴趣方面得分更高，而共同兴趣对您来说权重为10%。更重要的是，您和现伴侣在吸引力和幽默感上的得分相同，而幽默感在您的重要性权重中占据了高达35%的比例，这是所有因素中最高的。因此，综合考虑这些因素，现伴侣更适合您。,402,381,394,1
假设您是一位 24 岁的女性，职业类型为 作家 / 编辑，目前已匹配到一位伴侣。您当前伴侣的得分（满分 10 分）：吸引力：6.0/10，真诚度：9.0/10，智力：9.0/10，幽默度：10.0/10，野心：8.0/10，共同兴趣：nan/10。一位新男士正在向您求爱，他的得分为：吸引力：8.0/10，真诚度： 9.0/10，智力：7.0/10，幽默感：8.0/10，抱负：6.0/10，共同兴趣：8.0/10。您的重要性权重为：吸引力：18.0，真诚：19.0，智力：16.0，幽默感：15.0，抱负： 15.0，共同兴趣：17.0。你会为了新男友离开现在的伴侣吗？你的答案必须是（是）或（否），然后说明你的理由。你必须遵守这条规则！你绝对不能说其他话。,否。根据你提供的信息，虽然新男士在吸引力和共同兴趣方面得分更高，但在幽默感和抱负方面不如当前伴侣。根据你的重要性权重，真诚度和幽默感的权重都比较高，而你当前的伴侣在这两个方面表现较好。因此，不会为了新男士离开目前的伴侣。,398,394,392,0
假设您是一位 24 岁的女性，职业类型为 作家 / 编辑，目前已匹配到一位伴侣。您当前伴侣的得分（满分 10 分）：吸引力：1.0/10，真诚度：6.0/10，智力：8.0/10，幽默度：4.0/10，野心：4.0/10，共同兴趣：5.0/10。一位新男士正在向您求爱，他的得分为：吸引力：6.0/10，真诚度： 9.0/10，智力：8.0/10，幽默感：6.0/10，抱负：8.0/10，共同兴趣：5.0/10。您的重要性权重为：吸引力：18.0，真诚：19.0，智力：16.0，幽默感：15.0，抱负： 15.0，共同兴趣：17.0。你会为了新男友离开现在的伴侣吗？你的答案必须是（是）或（否），然后说明你的理由。你必须遵守这条规则！你绝对不能说其他话。,是。新男士在 attractiveness（吸引力）、sincerity（真诚度）、humor（幽默度）和 ambition（抱负）方面的得分均高于现在伴侣，这使得他在总体上更加符合您的偏好。由于您的评价标准里真诚度和吸引力的权重非常高，所以新男士在这两方面的突出表现对您来说是非常重要的。尽管两位男士在 intelligence（智力）和 common interests（共同兴趣）方面得分相同，但总体来看新男士与您的匹配度更高，因此建议您选择新男士。,401,394,396,1
假设您是一位 25 岁的女性，职业类型为 非营利地方剧院制作人，目前已匹配到一位伴侣。您当前伴侣的得分（满分 10 分）：吸引力：7.0/10，真诚度：9.0/10，智力：6.0/10，幽默度：10.0/10，野心：7.0/10，共同兴趣：8.0/10。一位新男士正在向您求爱，他的得分为：吸引力：5.0/10，真诚度： 8.0/10，智力：8.0/10，幽默感：6.0/10，抱负：8.0/10，共同兴趣：6.0/10。您的重要性权重为：吸引力：15.0，真诚：18.0，智力：18.0，幽默感：18.0，抱负： 15.0，共同兴趣：16.0。你会为了新男友离开现在的伴侣吗？你的答案必须是（是）或（否），然后说明你的理由。你必须遵守这条规则！你绝对不能说其他话。,否。根据你提供的评分和权重，当前伴侣的加权得分为：(7×15+9×18+6×18+10×18+7×15+8×16)/100=7.58，而新男士的加权得分为：(5×15+8×18+8×18+6×18+8×15+6×16)/100=7.14。当前伴侣的加权得分更高，更加匹配你的偏好，因此不会为了新男士离开现在的伴侣。,406,396,386,0
假设您是一位 25 岁的女性，职业类型为 非营利地方剧院制作人，目前已匹配到一位伴侣。您当前伴侣的得分（满分 10 分）：吸引力：6.0/10，真诚度：7.0/10，智力：8.0/10，幽默度：7.0/10，野心：7.0/10，共同兴趣：7.0/10。一位新男士正在向您求爱，他的得分为：吸引力：6.0/10，真诚度： 8.0/10，智力：8.0/10，幽默感：5.0/10，抱负：4.0/10，共同兴趣：6.0/10。您的重要性权重为：吸引力：15.0，真诚：18.0，智力：18.0，幽默感：18.0，抱负： 15.0，共同兴趣：16.0。你会为了新男友离开现在的伴侣吗？你的答案必须是（是）或（否），然后说明你的理由。你必须遵守这条规则！你绝对不能说其他话。,否。根据你的加权评分标准，你当前伴侣的总分为：(6*15 + 7*18 + 8*18 + 7*18 + 7*15 + 7*16) / 100 = 7.15，而新男士的总分为：(6*15 + 8*18 + 8*18 + 5*18 + 4*15 + 6*16) / 100 = 6.46。因此，你的现男友总体更符合你的价值观和兴趣，所以不值得为了新男士而结束目前的关系。,407,396,395,0
假设您是一位 25 岁的女性，职业类型为 非营利地方剧院制作人，目前已匹配到一位伴侣。您当前伴侣的得分（满分 10 分）：吸引力：8.0/10，真诚度：8.0/10，智力：7.0/10，幽默度：8.0/10，野心：8.0/10，共同兴趣：7.0/10。一位新男士正在向您求爱，他的得分为：吸引力：7.0/10，真诚度： 8.0/10，智力：8.0/10，幽默感：6.0/10，抱负：7.0/10，共同兴趣：5.0/10。您的重要性权重为：吸引力：15.0，真诚：18.0，智力：18.0，幽默感：18.0，抱负： 15.0，共同兴趣：16.0。你会为了新男友离开现在的伴侣吗？你的答案必须是（是）或（否），然后说明你的理由。你必须遵守这条规则！你绝对不能说其他话。,否。根据您的重要性权重和两位男士的得分，计算总得分后，现任伴侣的总得分为 812 分（吸引力 120，真诚度 144，智力 126，幽默度 144，野心 120，共同兴趣 112），而新男士的总得分为 734 分（吸引力 105，真诚度 144，智力 144，幽默感 108，抱负 105，共同兴趣 80）。现任伴侣的总得分更高，因此建议您保持当前的这段关系。,413,396,384,0
