假设您是一位 30 岁的单身男士，有一位 30 岁的女性正在追求您。您的职业类型是 Teacher。您对她进行了六个维度的评估，满分为 10 分。这六个维度分别是：吸引力：6.0/10，真诚：8.0/10，智力：8.0/10，幽默感：10.0/10，抱负：8.0/10，共同兴趣：6.0/10。您对这些属性的重要性权重为：吸引力：22.0，真诚： 12.0，智力：30.0，幽默感：25.0，野心：10.0，共同兴趣：1.0。你愿意和这位女士约会吗？请告诉我原因。你的答案必须是(是）或（否），然后说明你的理由。你必须遵守这条规则！你不能说其他话。,API_ERROR: 是，7 的总体兼容性得分符合可接受的阈值。,332,328,,1
假设你是一位 28 岁的单身男士，有一位 30 岁的女性正在追求你。你的职业类型是 Civil Engineer。你从六个维度对她进行了评估，满分为 10 分。这六个维度分别是：吸引力：10.0/10，真诚：9.0/10，智力：9.0/10，幽默感：10.0/10，抱负：8.0/10，共同兴趣：9.0/10。这些属性的重要性权重如下：吸引力：17.0，真诚：17.0，智力：17.0，幽默感：17.0，抱负：16.0，共同兴趣：16.0。你愿意和这位女士约会吗？请告诉我原因。你的答案必须是（是）或（否），然后说明你的原因。你必须遵守这条规则！你不能说其他话。,API_ERROR: 是，9 的总体兼容性得分达到可接受的阈值。,325,337,,1
假设您是一位 27 岁的男性，职业类型为 Real Estate Consulting，目前已匹配到一位伴侣。您当前伴侣的得分（满分 10 分）：吸引力：6.0/10，真诚度：8.0/10，智力：8.0/10，幽默感：7.0/10，野心：7.0/10，共同兴趣：7.0/10。一位新女性正在向您求爱，其得分为：吸引力：5.0/10，真诚度：6.0/10，智力：7.0/10，幽默度：7.0/10，抱负：6.0/10，共同兴趣：7.0/10。您的重要性权重为：吸引力：10.0，真诚度：20.0，智力：25.0，幽默度：20.0，抱负： 20.0，共同兴趣：5.0。你会为了新女友离开现在的伴侣吗？你的答案必须是或否，然后说明你的理由。你必须遵守这条规则！你不能说其他话。,API_ERROR: 是，新合作伙伴的总体得分更高(7 vs 6).,325,338,337,1
假设您是一位 36 岁的单身男士，有一位 23 岁的女性正在追求您。您的职业类型是 Educator。您对她进行了六个维度的评估，满分为 10 分。这六个维度分别是：吸引力：9.0/10，真诚：10.0/10，智力：9.0/10，幽默感：10.0/10，抱负：nan/10，共同兴趣：7.0/10。您对这些属性的重要性权重为：吸引力：15.0，真诚： 15.0，智力：15.0，幽默感：20.0，野心：20.0，共同兴趣：15.0。你愿意和这位女士约会吗？请告诉我原因。你的答案必须是(是）或（否），然后说明你的理由。你必须遵守这条规则！你不能说其他话。,API_ERROR: 是，9 的总体兼容性得分符合可接受的阈值。,333,326,,1
假设你是一位 28 岁的单身男士，有一位 29 岁的女性正在追求你。你的职业类型是 Civil Engineer。你从六个维度对她进行了评估，满分为 10 分。这六个维度分别是：吸引力：10.0/10，真诚：10.0/10，智力：10.0/10，幽默感：9.0/10，抱负：9.0/10，共同兴趣：8.0/10。这些属性的重要性权重如下：吸引力：17.0，真诚：17.0，智力：17.0，幽默感：17.0，抱负：16.0，共同兴趣：16.0。你愿意和这位女士约会吗？请告诉我原因。你的答案必须是（是）或（否），然后说明你的原因。你必须遵守这条规则！你不能说其他话。,API_ERROR: 是，9 的总体兼容性得分达到可接受的阈值。,327,337,,1
假设您是一位 22 岁的女性，职业类型为 not sure yet :)，目前已匹配到一位伴侣。您当前伴侣的得分（满分 10 分）：吸引力：4.0/10，真诚度：7.0/10，智力：5.0/10，幽默度：5.0/10，野心：6.0/10，共同兴趣：3.0/10。一位新男士正在向您求爱，他的得分为：吸引力：8.0/10，真诚度： 9.0/10，智力：9.0/10，幽默感：8.0/10，抱负：9.0/10，共同兴趣：7.0/10。您的重要性权重为：吸引力：15.0，真诚：25.0，智力：15.0，幽默感：20.0，抱负： 10.0，共同兴趣：15.0。你会为了新男友离开现在的伴侣吗？你的答案必须是（是）或（否），然后说明你的理由。你必须遵守这条规则！你绝对不能说其他话。,API_ERROR: 是，新伴侣的总体得分更高 (5 vs 8)。,333,330,326,1
假设你是一位 25 岁的单身男士，有一位 23 岁的女性正在追求你。你的职业类型是 Architecture and design。你从六个维度对她进行了评估，满分为 10 分。这六个维度分别是：吸引力：7.0/10，真诚：7.0/10，智力：6.0/10，幽默感：8.0/10，抱负：6.0/10，共同兴趣：8.0/10。这些属性的重要性权重如下：吸引力：20.0，真诚：15.0，智力：30.0，幽默感：10.0，抱负：15.0，共同兴趣：10.0。你愿意和这位女士约会吗？请告诉我原因。你的答案必须是（是）或（否），然后说明你的原因。你必须遵守这条规则！你不能说其他话。,是。根据权重和评分，智力虽然低，但吸引力、真诚与共同兴趣相对较高，这可能会带来足够的相互理解和愉快的共处时光。总体表现的加权平均显示该女士具备与你交往的潜力。,324,336,,1
假设您是一位 34 岁的单身男士，有一位 29 岁的女性正在追求您。您的职业类型是 Early Childhood Ed. - College/univ. faculity。您对她进行了六个维度的评估，满分为 10 分。这六个维度分别是：吸引力：10.0/10，真诚：8.0/10，智力：7.0/10，幽默感：6.0/10，抱负：6.0/10，共同兴趣：7.0/10。您对这些属性的重要性权重为：吸引力：15.0，真诚： 15.0，智力：10.0，幽默感：25.0，野心：10.0，共同兴趣：25.0。你愿意和这位女士约会吗？请告诉我原因。你的答案必须是(是）或（否），然后说明你的理由。你必须遵守这条规则！你不能说其他话。,否，基于您给出的重要性权重，幽默感和共同兴趣对您来说非常重要，而这两个维度的评分相对较低（6.0/10 和 7.0/10），可能意味着您与她在这些关键方面的匹配程度不足以满足您的期望。这可能会影响到您俩在长期关系中的兼容性和满意度。,334,331,,0
假设你是一位 29 岁的单身男士，有一位 36 岁的女性正在追求你。你的职业类型是 Healthcare。你从六个维度对她进行了评估，满分为 10 分。这六个维度分别是：吸引力：6.0/10，真诚：8.0/10，智力：8.0/10，幽默感：8.0/10，抱负：6.0/10，共同兴趣：7.0/10。这些属性的重要性权重如下：吸引力：40.0，真诚：10.0，智力：15.0，幽默感：10.0，抱负：10.0，共同兴趣：15.0。你愿意和这位女士约会吗？请告诉我原因。你的答案必须是（是）或（否），然后说明你的原因。你必须遵守这条规则！你不能说其他话。,是，因为在各项评估中，即便吸引力得分较低（6.0/10），但其在整体权重中占比相对较重（40.0），这位女士在其他重要的维度如真诚、智力和幽默感上的得分较高，显示出她拥有良好的人格特质和智力水平。同时，共同兴趣也有不错的评分，能增进双方的互动和理解。这些因素合计起来，表明与这位女士约会是值得的。,326,334,,1
假设您是一位 29 岁的女性，职业类型为 teacher，目前已匹配到一位伴侣。您当前伴侣的得分（满分 10 分）：吸引力：10.0/10，真诚度：10.0/10，智力：9.0/10，幽默度：10.0/10，野心：9.0/10，共同兴趣：9.0/10。一位新男士正在向您求爱，他的得分为：吸引力：6.0/10，真诚度： 7.0/10，智力：7.0/10，幽默感：5.0/10，抱负：6.0/10，共同兴趣：nan/10。您的重要性权重为：吸引力：15.0，真诚：22.0，智力：22.0，幽默感：16.0，抱负： 15.0，共同兴趣：10.0。你会为了新男友离开现在的伴侣吗？你的答案必须是（是）或（否），然后说明你的理由。你必须遵守这条规则！你绝对不能说其他话。,否，因为根据您的评分和重要性权重，您当前的伴侣在各个重要领域的表现明显优于新男士。,332,329,328,0
假设您是一位 29 岁的女性，职业类型为 teacher，目前已匹配到一位伴侣。您当前伴侣的得分（满分 10 分）：吸引力：9.0/10，真诚度：8.0/10，智力：7.0/10，幽默度：9.0/10，野心：6.0/10，共同兴趣：7.0/10。一位新男士正在向您求爱，他的得分为：吸引力：7.0/10，真诚度： 6.0/10，智力：8.0/10，幽默感：7.0/10，抱负：8.0/10，共同兴趣：nan/10。您的重要性权重为：吸引力：15.0，真诚：22.0，智力：22.0，幽默感：16.0，抱负： 15.0，共同兴趣：10.0。你会为了新男友离开现在的伴侣吗？你的答案必须是（是）或（否），然后说明你的理由。你必须遵守这条规则！你绝对不能说其他话。,否。理由是，根据您提供的权重和分数计算，当前伴侣的总分较高，表明与他的匹配度更适合您的偏好。,333,329,330,1
假设您是一位 24 岁的男性，职业类型为 research，目前已匹配到一位伴侣。您当前伴侣的得分（满分 10 分）：吸引力：3.0/10，真诚度：7.0/10，智力：8.0/10，幽默感：9.0/10，野心：6.0/10，共同兴趣：2.0/10。一位新女性正在向您求爱，其得分为：吸引力：6.0/10，真诚度：7.0/10，智力：7.0/10，幽默度：7.0/10，抱负：nan/10，共同兴趣：7.0/10。您的重要性权重为：吸引力：20.0，真诚度：10.0，智力：20.0，幽默度：20.0，抱负： 15.0，共同兴趣：15.0。你会为了新女友离开现在的伴侣吗？你的答案必须是或否，然后说明你的理由。你必须遵守这条规则！你不能说其他话。,否。尽管新女性在吸引力和共同兴趣方面得分较高，但考虑到缺少关于她野心的数据以及现有伴侣在智力和幽默感上的高得分，现有伴侣在对您来说较为重要的方面（智力和幽默感）仍然占有优势。同时，根据您的重要性权重，智力和幽默度的重要性高于吸引力和共同兴趣，因此建议维持现有关系。,324,335,336,0
假设您是一位 34 岁的女性，职业类型为 Early Childhood Ed. - College/univ. faculity，目前已匹配到一位伴侣。您当前伴侣的得分（满分 10 分）：吸引力：10.0/10，真诚度：10.0/10，智力：9.0/10，幽默度：10.0/10，野心：9.0/10，共同兴趣：9.0/10。一位新男士正在向您求爱，他的得分为：吸引力：4.0/10，真诚度： 8.0/10，智力：8.0/10，幽默感：5.0/10，抱负：6.0/10，共同兴趣：3.0/10。您的重要性权重为：吸引力：15.0，真诚：15.0，智力：10.0，幽默感：25.0，抱负： 10.0，共同兴趣：25.0。你会为了新男友离开现在的伴侣吗？你的答案必须是（是）或（否），然后说明你的理由。你必须遵守这条规则！你绝对不能说其他话。,API_ERROR: 否，当前伴侣的总体得分相等或更高 (10 vs 6)。,332,331,328,0
假设您是一位 22 岁的单身男士，有一位 24 岁的女性正在追求您。您的职业类型是 not sure yet :)。您对她进行了六个维度的评估，满分为 10 分。这六个维度分别是：吸引力：6.0/10，真诚：7.0/10，智力：9.0/10，幽默感：6.0/10，抱负：8.0/10，共同兴趣：6.0/10。您对这些属性的重要性权重为：吸引力：15.0，真诚： 25.0，智力：15.0，幽默感：20.0，野心：10.0，共同兴趣：15.0。你愿意和这位女士约会吗？请告诉我原因。你的答案必须是(是）或（否），然后说明你的理由。你必须遵守这条规则！你不能说其他话。,API_ERROR: 是，7 的总体兼容性得分符合可接受的阈值。,335,330,,1
假设您是一位 34 岁的女性，职业类型为 Early Childhood Ed. - College/univ. faculity，目前已匹配到一位伴侣。您当前伴侣的得分（满分 10 分）：吸引力：4.0/10，真诚度：6.0/10，智力：6.0/10，幽默度：5.0/10，野心：6.0/10，共同兴趣：3.0/10。一位新男士正在向您求爱，他的得分为：吸引力：10.0/10，真诚度： 8.0/10，智力：5.0/10，幽默感：7.0/10，抱负：5.0/10，共同兴趣：4.0/10。您的重要性权重为：吸引力：15.0，真诚：15.0，智力：10.0，幽默感：25.0，抱负： 10.0，共同兴趣：25.0。你会为了新男友离开现在的伴侣吗？你的答案必须是（是）或（否），然后说明你的理由。你必须遵守这条规则！你绝对不能说其他话。,API_ERROR: 否，当前伴侣的总体得分相等或更高 (6 vs 6)。,333,331,329,0
假设您是一位 34 岁的女性，职业类型为 Early Childhood Ed. - College/univ. faculity，目前已匹配到一位伴侣。您当前伴侣的得分（满分 10 分）：吸引力：8.0/10，真诚度：8.0/10，智力：8.0/10，幽默度：8.0/10，野心：6.0/10，共同兴趣：8.0/10。一位新男士正在向您求爱，他的得分为：吸引力：7.0/10，真诚度： 7.0/10，智力：7.0/10，幽默感：5.0/10，抱负：6.0/10，共同兴趣：5.0/10。您的重要性权重为：吸引力：15.0，真诚：15.0，智力：10.0，幽默感：25.0，抱负： 10.0，共同兴趣：25.0。你会为了新男友离开现在的伴侣吗？你的答案必须是（是）或（否），然后说明你的理由。你必须遵守这条规则！你绝对不能说其他话。,API_ERROR: 否，当前伴侣的总体得分相等或更高 (7 vs 6)。,335,331,330,0
假设您是一位 34 岁的女性，职业类型为 Early Childhood Ed. - College/univ. faculity，目前已匹配到一位伴侣。您当前伴侣的得分（满分 10 分）：吸引力：7.0/10，真诚度：7.0/10，智力：6.0/10，幽默度：8.0/10，野心：6.0/10，共同兴趣：8.0/10。一位新男士正在向您求爱，他的得分为：吸引力：6.0/10，真诚度： 7.0/10，智力：7.0/10，幽默感：4.0/10，抱负：6.0/10，共同兴趣：2.0/10。您的重要性权重为：吸引力：15.0，真诚：15.0，智力：10.0，幽默感：25.0，抱负： 10.0，共同兴趣：25.0。你会为了新男友离开现在的伴侣吗？你的答案必须是（是）或（否），然后说明你的理由。你必须遵守这条规则！你绝对不能说其他话。,API_ERROR: 否，当前伴侣的总体得分相等或更高 (7 vs 6)。,336,331,324,0
假设您是一位 34 岁的女性，职业类型为 Early Childhood Ed. - College/univ. faculity，目前已匹配到一位伴侣。您当前伴侣的得分（满分 10 分）：吸引力：10.0/10，真诚度：10.0/10，智力：10.0/10，幽默度：9.0/10，野心：9.0/10，共同兴趣：8.0/10。一位新男士正在向您求爱，他的得分为：吸引力：5.0/10，真诚度： 7.0/10，智力：7.0/10，幽默感：5.0/10，抱负：4.0/10，共同兴趣：5.0/10。您的重要性权重为：吸引力：15.0，真诚：15.0，智力：10.0，幽默感：25.0，抱负： 10.0，共同兴趣：25.0。你会为了新男友离开现在的伴侣吗？你的答案必须是（是）或（否），然后说明你的理由。你必须遵守这条规则！你绝对不能说其他话。,API_ERROR: 否，当前伴侣的总体得分相等或更高 (9 vs 6)。,337,331,327,0
假设您是一位 34 岁的女性，职业类型为 Early Childhood Ed. - College/univ. faculity，目前已匹配到一位伴侣。您当前伴侣的得分（满分 10 分）：吸引力：5.0/10，真诚度：6.0/10，智力：7.0/10，幽默度：7.0/10，野心：6.0/10，共同兴趣：7.0/10。一位新男士正在向您求爱，他的得分为：吸引力：4.0/10，真诚度： 8.0/10，智力：7.0/10，幽默感：4.0/10，抱负：7.0/10，共同兴趣：3.0/10。您的重要性权重为：吸引力：15.0，真诚：15.0，智力：10.0，幽默感：25.0，抱负： 10.0，共同兴趣：25.0。你会为了新男友离开现在的伴侣吗？你的答案必须是（是）或（否），然后说明你的理由。你必须遵守这条规则！你绝对不能说其他话。,API_ERROR: 否，当前伴侣的总体得分相等或更高 (7 vs 6)。,338,331,325,0
