假设你是一位 33 岁的单身男士，有一位 24 岁的女性正在追求你。你的职业类型是 Professor。你从六个维度对她进行了评估，满分为 10 分。这六个维度分别是：吸引力：8.0/10，真诚：9.0/10，智力：10.0/10，幽默感：10.0/10，抱负：8.0/10，共同兴趣：7.0/10。这些属性的重要性权重如下：吸引力：20.0，真诚：10.0，智力：20.0，幽默感：15.0，抱负：15.0，共同兴趣：20.0。你愿意和这位女士约会吗？请告诉我原因。你的答案必须是（是）或（否），然后说明你的原因。你必须遵守这条规则！你不能说其他话。,是。根据你们之间评分的高分，尤其是在智力和幽默感这两个重要的维度上，表明你们在关键性格特质和价值观上有很好的匹配，可以为你们的关系打下坚实的基础。此外，她在吸引力和真诚度方面也得到了较高的评分，这意味着她在这些对你来说权重较重的维度上也是符合期望的。尽管在共同兴趣方面的得分稍低，但这可以通过共同努力和时间来增进。总体来说，她在大多数关键维度上的高得分表明，你们俩在一起有望建立一段满意和持久的关系。,455,460,,1
假设你是一位 33 岁的单身男士，有一位 27 岁的女性正在追求你。你的职业类型是 Professor; or Engineer。你从六个维度对她进行了评估，满分为 10 分。这六个维度分别是：吸引力：6.0/10，真诚：7.0/10，智力：7.0/10，幽默感：6.0/10，抱负：8.0/10，共同兴趣：4.0/10。这些属性的重要性权重如下：吸引力：30.0，真诚：30.0，智力：10.0，幽默感：10.0，抱负：0.0，共同兴趣：20.0。你愿意和这位女士约会吗？请告诉我原因。你的答案必须是（是）或（否），然后说明你的原因。你必须遵守这条规则！你不能说其他话。,否，因为共同兴趣的评分较低，该属性权重占20%，这可能导致长期关系中缺乏共同话题和活动，影响双方的情感连结和满意度。,454,462,,0
假设您是一位 33 岁的男性，职业类型为 Management Consulting，目前已匹配到一位伴侣。您当前伴侣的得分（满分 10 分）：吸引力：7.0/10，真诚度：7.0/10，智力：8.0/10，幽默感：8.0/10，野心：8.0/10，共同兴趣：7.0/10。一位新女性正在向您求爱，其得分为：吸引力：6.0/10，真诚度：9.0/10，智力：8.0/10，幽默度：5.0/10，抱负：8.0/10，共同兴趣：6.0/10。您的重要性权重为：吸引力：15.0，真诚度：15.0，智力：15.0，幽默度：20.0，抱负： 15.0，共同兴趣：20.0。你会为了新女友离开现在的伴侣吗？你的答案必须是或否，然后说明你的理由。你必须遵守这条规则！你不能说其他话。,否。  根据您的重要性权重，当前伴侣在幽默感和共同兴趣上得分较高，这两个因素在您的评估中占比最大（总计40%）。新的求爱者在这两项上得分较低，尤其是幽默感（5.0/10），这可能会影响您们相处的愉快度。虽然新求爱者在真诚度方面表现更好，但其他关键因素的得分没有超越现伴侣足够的优势来证明更换伴侣会是一个较好的选择。,455,464,460,1
假设您是一位 27 岁的单身男士，有一位 33 岁的女性正在追求您。您的职业类型是 Teacher。您对她进行了六个维度的评估，满分为 10 分。这六个维度分别是：吸引力：9.0/10，真诚：9.0/10，智力：9.0/10，幽默感：9.0/10，抱负：9.0/10，共同兴趣：9.0/10。您对这些属性的重要性权重为：吸引力：10.0，真诚： 20.0，智力：20.0，幽默感：20.0，野心：10.0，共同兴趣：20.0。你愿意和这位女士约会吗？请告诉我原因。你的答案必须是(是）或（否），然后说明你的理由。你必须遵守这条规则！你不能说其他话。,是，因为这位女士在每个评估维度上得分非常高，且符合您所给予的重要性权重，表明她在您看来是一个非常理想的伴侣。,460,454,,1
假设您是一位 29 岁的单身男士，有一位 27 岁的女性正在追求您。您的职业类型是 Entrepreneurship。您对她进行了六个维度的评估，满分为 10 分。这六个维度分别是：吸引力：5.0/10，真诚：10.0/10，智力：10.0/10，幽默感：10.0/10，抱负：8.0/10，共同兴趣：6.0/10。您对这些属性的重要性权重为：吸引力：50.0，真诚： 5.0，智力：25.0，幽默感：20.0，野心：0.0，共同兴趣：0.0。你愿意和这位女士约会吗？请告诉我原因。你的答案必须是(是）或（否），然后说明你的理由。你必须遵守这条规则！你不能说其他话。,是，因为您给予高重要性的项（如吸引力、智力与幽默感）的综合得分较高，虽然吸引力评分一般，但其他极为重要的属性（真诚、智力、幽默感）的评分很高，这可能对您而言更为重要。,461,458,,1
假设你是一位 23 岁的单身男士，有一位 26 岁的女性正在追求你。你的职业类型是 Not sure yet。你从六个维度对她进行了评估，满分为 10 分。这六个维度分别是：吸引力：5.0/10，真诚：7.0/10，智力：7.0/10，幽默感：6.0/10，抱负：7.0/10，共同兴趣：7.0/10。这些属性的重要性权重如下：吸引力：15.0，真诚：15.0，智力：15.0，幽默感：15.0，抱负：15.0，共同兴趣：25.0。你愿意和这位女士约会吗？请告诉我原因。你的答案必须是（是）或（否），然后说明你的原因。你必须遵守这条规则！你不能说其他话。,是，因为综合评分较高，尤其在共同兴趣上评分较高，这在恋爱关系中通常是不可或缺的因素。,459,463,,1
假设您是一位 55 岁的女性，职业类型为 writer，目前已匹配到一位伴侣。您当前伴侣的得分（满分 10 分）：吸引力：5.0/10，真诚度：10.0/10，智力：8.0/10，幽默度：8.0/10，野心：7.0/10，共同兴趣：7.0/10。一位新男士正在向您求爱，他的得分为：吸引力：8.0/10，真诚度： 7.0/10，智力：8.0/10，幽默感：7.0/10，抱负：5.0/10，共同兴趣：8.0/10。您的重要性权重为：吸引力：25.0，真诚：0.0，智力：25.0，幽默感：25.0，抱负： 0.0，共同兴趣：25.0。你会为了新男友离开现在的伴侣吗？你的答案必须是（是）或（否），然后说明你的理由。你必须遵守这条规则！你绝对不能说其他话。,否。根据您的评分和权重，您当前的伴侣在真诚度得高分但在您的权重中为0，而吸引力、智力、幽默感和共同兴趣这些得分较高且重要的方面都具有稳定的表现。新男士虽然在吸引力方面得分高，但在您不太重视的真诚度和抱负上表现不佳。基于您设定的重要性权重，现在的伴侣在对您重要的方面表现更稳定，因此不建议为了新男士离开现伴侣。,460,457,454,0
假设您是一位 33 岁的男性，职业类型为 Professor; or Engineer，目前已匹配到一位伴侣。您当前伴侣的得分（满分 10 分）：吸引力：7.0/10，真诚度：7.0/10，智力：8.0/10，幽默感：9.0/10，野心：8.0/10，共同兴趣：7.0/10。一位新女性正在向您求爱，其得分为：吸引力：6.0/10，真诚度：10.0/10，智力：7.0/10，幽默度：6.0/10，抱负：6.0/10，共同兴趣：5.0/10。您的重要性权重为：吸引力：30.0，真诚度：30.0，智力：10.0，幽默度：10.0，抱负： 0.0，共同兴趣：20.0。你会为了新女友离开现在的伴侣吗？你的答案必须是或否，然后说明你的理由。你必须遵守这条规则！你不能说其他话。,否，因为根据您给出的权重，现任伴侣在您更重视的属性（如吸引力和真诚度）上的得分更高，意味着她与您的整体匹配度更符合您的优先级。此外，现任伴侣在智力、幽默感和野心上的表现也优于新女性，不建议因为得分略低的新女性离开现有匹配较好的伴侣。,455,462,464,0
假设您是一位 29 岁的女性，职业类型为 Health care finance，目前已匹配到一位伴侣。您当前伴侣的得分（满分 10 分）：吸引力：5.0/10，真诚度：7.0/10，智力：7.0/10，幽默度：6.0/10，野心：7.0/10，共同兴趣：7.0/10。一位新男士正在向您求爱，他的得分为：吸引力：6.0/10，真诚度： 8.0/10，智力：8.0/10，幽默感：7.0/10，抱负：9.0/10，共同兴趣：3.0/10。您的重要性权重为：吸引力：25.0，真诚：20.0，智力：15.0，幽默感：10.0，抱负： 15.0，共同兴趣：15.0。你会为了新男友离开现在的伴侣吗？你的答案必须是（是）或（否），然后说明你的理由。你必须遵守这条规则！你绝对不能说其他话。,否。根据您给定的重要性权重，现在伴侣和新男士的加权得分显示，尽管新男士在多数个人特质上得分较高，但他们在共同兴趣上的低得分可能影响了与您的长期兼容性和日常互动的质量。,463,456,459,0
假设您是一位 55 岁的单身男士，有一位 33 岁的女性正在追求您。您的职业类型是 writer。您对她进行了六个维度的评估，满分为 10 分。这六个维度分别是：吸引力：4.0/10，真诚：7.0/10，智力：9.0/10，幽默感：6.0/10，抱负：8.0/10，共同兴趣：5.0/10。您对这些属性的重要性权重为：吸引力：25.0，真诚： 0.0，智力：25.0，幽默感：25.0，野心：0.0，共同兴趣：25.0。你愿意和这位女士约会吗？请告诉我原因。你的答案必须是(是）或（否），然后说明你的理由。你必须遵守这条规则！你不能说其他话。,否，因为根据您给出的权重和评分，对您最重要的维度（吸引力、智力、幽默感、共同兴趣）中，吸引力和共同兴趣得分低于您可能期望的标准，这可能导致您在与她相处时感到不满意或不舒服。特别是您高度重视吸引力，而她在这一点上的评分较低，可能影响您对整体关系的满意度和兴趣。,462,457,,1
假设您是一位 29 岁的女性，职业类型为 Health care finance，目前已匹配到一位伴侣。您当前伴侣的得分（满分 10 分）：吸引力：5.0/10，真诚度：10.0/10，智力：8.0/10，幽默度：8.0/10，野心：7.0/10，共同兴趣：7.0/10。一位新男士正在向您求爱，他的得分为：吸引力：8.0/10，真诚度： 8.0/10，智力：7.0/10，幽默感：7.0/10，抱负：7.0/10，共同兴趣：6.0/10。您的重要性权重为：吸引力：25.0，真诚：20.0，智力：15.0，幽默感：10.0，抱负： 15.0，共同兴趣：15.0。你会为了新男友离开现在的伴侣吗？你的答案必须是（是）或（否），然后说明你的理由。你必须遵守这条规则！你绝对不能说其他话。,否。根据您的重要性权重，您现在的伴侣在真诚度（您最重视的属性）上得分更高，这表明他在您最看重的品质上已经满足了您的需求。另外，整体来看，您当前伴侣在智力、幽默感和共同兴趣上同样表现较好，看上去与您的价值和兴趣更为匹配。,460,456,454,0
假设您是一位 29 岁的女性，职业类型为 Health care finance，目前已匹配到一位伴侣。您当前伴侣的得分（满分 10 分）：吸引力：6.0/10，真诚度：6.0/10，智力：6.0/10，幽默度：5.0/10，野心：7.0/10，共同兴趣：6.0/10。一位新男士正在向您求爱，他的得分为：吸引力：4.0/10，真诚度： 4.0/10，智力：6.0/10，幽默感：4.0/10，抱负：6.0/10，共同兴趣：4.0/10。您的重要性权重为：吸引力：25.0，真诚：20.0，智力：15.0，幽默感：10.0，抱负： 15.0，共同兴趣：15.0。你会为了新男友离开现在的伴侣吗？你的答案必须是（是）或（否），然后说明你的理由。你必须遵守这条规则！你绝对不能说其他话。,否，根据您给出的权重和评分，当前伴侣在各项重要方面都得分高于新男士，因此换伴侣似乎不是更好的选择。,461,456,458,1
假设您是一位 29 岁的女性，职业类型为 Entrepreneurship，目前已匹配到一位伴侣。您当前伴侣的得分（满分 10 分）：吸引力：6.0/10，真诚度：9.0/10，智力：8.0/10，幽默度：5.0/10，野心：8.0/10，共同兴趣：6.0/10。一位新男士正在向您求爱，他的得分为：吸引力：8.0/10，真诚度： 8.0/10，智力：9.0/10，幽默感：9.0/10，抱负：8.0/10，共同兴趣：6.0/10。您的重要性权重为：吸引力：50.0，真诚：5.0，智力：25.0，幽默感：20.0，抱负： 0.0，共同兴趣：0.0。你会为了新男友离开现在的伴侣吗？你的答案必须是（是）或（否），然后说明你的理由。你必须遵守这条规则！你绝对不能说其他话。,是。你的重要性权重表明，吸引力和幽默感是你非常关注的属性，而新男士在这两个方面的得分都高于你当前伴侣。这可能表明新男士更符合你的偏好。,464,458,455,1
假设您是一位 24 岁的女性，职业类型为 Research，目前已匹配到一位伴侣。您当前伴侣的得分（满分 10 分）：吸引力：5.0/10，真诚度：10.0/10，智力：8.0/10，幽默度：8.0/10，野心：7.0/10，共同兴趣：7.0/10。一位新男士正在向您求爱，他的得分为：吸引力：7.0/10，真诚度： 7.0/10，智力：8.0/10，幽默感：8.0/10，抱负：8.0/10，共同兴趣：7.0/10。您的重要性权重为：吸引力：10.0，真诚：25.0，智力：20.0，幽默感：16.0，抱负： 20.0，共同兴趣：9.0。你会为了新男友离开现在的伴侣吗？你的答案必须是（是）或（否），然后说明你的理由。你必须遵守这条规则！你绝对不能说其他话。,否  根据您的重要性权重，真诚度是您评价伴侣最重要的标准，占了25.0分，而您当前伴侣在这一点上的满分表现（10.0/10）明显优于新男士的7.0/10。尽管新男士在吸引力和抱负上有所优势，但您对真诚度的高度重视使得当前伴侣总体上更适合您的需求。,460,455,454,1
假设您是一位 27 岁的女性，职业类型为 Teacher，目前已匹配到一位伴侣。您当前伴侣的得分（满分 10 分）：吸引力：5.0/10，真诚度：7.0/10，智力：7.0/10，幽默度：9.0/10，野心：9.0/10，共同兴趣：8.0/10。一位新男士正在向您求爱，他的得分为：吸引力：8.0/10，真诚度： 8.0/10，智力：9.0/10，幽默感：8.0/10，抱负：9.0/10，共同兴趣：5.0/10。您的重要性权重为：吸引力：10.0，真诚：20.0，智力：20.0，幽默感：20.0，抱负： 10.0，共同兴趣：20.0。你会为了新男友离开现在的伴侣吗？你的答案必须是（是）或（否），然后说明你的理由。你必须遵守这条规则！你绝对不能说其他话。,否  根据您的重要性权重，真诚度、智力、幽默感和共同兴趣对您来说极为重要，各占20%。尽管新男士在吸引力、真诚度和智力方面得分较高，但他在共同兴趣上的得分较低（5.0/10），而这是您评价伴侣时重视的一个关键指标。您当前伴侣在共同兴趣上的得分更高（8.0/10），这有助于您俩在生活中更有共鸣和更多共享的快乐时光。因此，基于这些权重和评分，留在当前关系中似乎更符合您的长期幸福。,464,454,458,1
假设您是一位 29 岁的女性，职业类型为 Entrepreneurship，目前已匹配到一位伴侣。您当前伴侣的得分（满分 10 分）：吸引力：8.0/10，真诚度：9.0/10，智力：10.0/10，幽默度：10.0/10，野心：8.0/10，共同兴趣：7.0/10。一位新男士正在向您求爱，他的得分为：吸引力：5.0/10，真诚度： 10.0/10，智力：8.0/10，幽默感：8.0/10，抱负：6.0/10，共同兴趣：5.0/10。您的重要性权重为：吸引力：50.0，真诚：5.0，智力：25.0，幽默感：20.0，抱负： 0.0，共同兴趣：0.0。你会为了新男友离开现在的伴侣吗？你的答案必须是（是）或（否），然后说明你的理由。你必须遵守这条规则！你绝对不能说其他话。,否  根据所给参数和重要性权重计算，当前伴侣在吸引力、智力、幽默感等您视为更重要的几个方面的得分明显高于新男士，这意味着他更符合您的优先需求和偏好。而对于野心和共同兴趣，即使它们在您的评价标准中权重为0，现有伴侣的表现依然不低于新男士。因此，没有充分的理由为新男士离开现有伴侣。,460,458,455,0
假设您是一位 29 岁的女性，职业类型为 Entrepreneurship，目前已匹配到一位伴侣。您当前伴侣的得分（满分 10 分）：吸引力：6.0/10，真诚度：10.0/10，智力：6.0/10，幽默度：9.0/10，野心：4.0/10，共同兴趣：6.0/10。一位新男士正在向您求爱，他的得分为：吸引力：4.0/10，真诚度： 9.0/10，智力：6.0/10，幽默感：7.0/10，抱负：8.0/10，共同兴趣：7.0/10。您的重要性权重为：吸引力：50.0，真诚：5.0，智力：25.0，幽默感：20.0，抱负： 0.0，共同兴趣：0.0。你会为了新男友离开现在的伴侣吗？你的答案必须是（是）或（否），然后说明你的理由。你必须遵守这条规则！你绝对不能说其他话。,否。根据您的重要性权重配置，吸引力占重要性的50.0，现任伴侣在此项得分更高，这是您最关心的属性。,462,458,457,1
假设您是一位 55 岁的女性，职业类型为 writer，目前已匹配到一位伴侣。您当前伴侣的得分（满分 10 分）：吸引力：8.0/10，真诚度：8.0/10，智力：8.0/10，幽默度：6.0/10，野心：5.0/10，共同兴趣：5.0/10。一位新男士正在向您求爱，他的得分为：吸引力：8.0/10，真诚度： 7.0/10，智力：8.0/10，幽默感：8.0/10，抱负：8.0/10，共同兴趣：6.0/10。您的重要性权重为：吸引力：25.0，真诚：0.0，智力：25.0，幽默感：25.0，抱负： 0.0，共同兴趣：25.0。你会为了新男友离开现在的伴侣吗？你的答案必须是（是）或（否），然后说明你的理由。你必须遵守这条规则！你绝对不能说其他话。,否  根据您的重要性权重，真诚和抱负的权重为0，这意味着这两项对您的选择不重要。当前伴侣在这两项分数虽低，但由于您不重视这两点，所以不影响总体评估。对于您而言，最重要的四项（吸引力、智力、幽默感和共同兴趣）中，新男士在幽默感上有更高的分数，但其他方面并未显著优于现有伴侣。因此，没有足够强烈的理由更换伴侣。,464,457,454,0
假设您是一位 55 岁的女性，职业类型为 writer，目前已匹配到一位伴侣。您当前伴侣的得分（满分 10 分）：吸引力：7.0/10，真诚度：6.0/10，智力：6.0/10，幽默度：7.0/10，野心：6.0/10，共同兴趣：8.0/10。一位新男士正在向您求爱，他的得分为：吸引力：5.0/10，真诚度： 6.0/10，智力：7.0/10，幽默感：6.0/10，抱负：7.0/10，共同兴趣：4.0/10。您的重要性权重为：吸引力：25.0，真诚：0.0，智力：25.0，幽默感：25.0，抱负： 0.0，共同兴趣：25.0。你会为了新男友离开现在的伴侣吗？你的答案必须是（是）或（否），然后说明你的理由。你必须遵守这条规则！你绝对不能说其他话。,否，根据您的重要性权重，您当前伴侣在吸引力、幽默感和共同兴趣三个对您非常重要的方面表现更好，这三项加总得分高于新男士，因此没有理由为了新男士离开现在的伴侣。,461,457,456,0
假设您是一位 55 岁的女性，职业类型为 writer，目前已匹配到一位伴侣。您当前伴侣的得分（满分 10 分）：吸引力：5.0/10，真诚度：7.0/10，智力：7.0/10，幽默度：6.0/10，野心：7.0/10，共同兴趣：7.0/10。一位新男士正在向您求爱，他的得分为：吸引力：6.0/10，真诚度： 7.0/10，智力：8.0/10，幽默感：8.0/10，抱负：7.0/10，共同兴趣：6.0/10。您的重要性权重为：吸引力：25.0，真诚：0.0，智力：25.0，幽默感：25.0，抱负： 0.0，共同兴趣：25.0。你会为了新男友离开现在的伴侣吗？你的答案必须是（是）或（否），然后说明你的理由。你必须遵守这条规则！你绝对不能说其他话。,否。根据您的重要性权重，新男士在智力和幽默感方面的得分虽然稍高，但在共同兴趣方面低于您当前的伴侣。这意味着整体上，换伴侣可能不会带来显著的满足感提升。,463,457,459,0
