Assume you are a 28-year-old single woman; and there is a 25-year-old man who is courting you. Your career type is Finance. You evaluated him on six dimensions with scores out of 10. These are attractiveness: 6.0/10; sincerity: 5.0/10; intelligence: 6.0/10; being funny: 6.0/10; ambition: 7.0/10; shared interests: 4.0/10. Your importance weights for these attributes are: attractiveness: 13.04; sincerity: 21.74; intelligence: 19.57; being funny: 17.39; ambition: 15.22; shared interests: 13.04. Would you be willing to date this man? And also tell me the reason. Your answer must be (YES) or (NO) followed by your reason. You must FOLLOW THIS RULE! You MUST NOT SAY other words.,(NO) The weighted average score of the man based on your criteria is 5.6; which is below average; and the sincerity and shared interests scores are particularly low; which are important for a long-term relationship.,185,176,,0
Assume you are a 22-year-old single woman; and there is a 28-year-old man who is courting you. Your career type is Epidemiologist. You evaluated him on six dimensions with scores out of 10. These are attractiveness: 9.0/10; sincerity: 9.0/10; intelligence: 9.0/10; being funny: 9.0/10; ambition: 9.0/10; shared interests: 8.0/10. Your importance weights for these attributes are: attractiveness: 16.07; sincerity: 17.86; intelligence: 17.86; being funny: 17.86; ambition: 17.86; shared interests: 12.5. Would you be willing to date this man? And also tell me the reason. Your answer must be (YES) or (NO) followed by your reason. You must FOLLOW THIS RULE! You MUST NOT SAY other words.,(YES) The weighted scores for each attribute are very high; indicating a strong compatibility. Attractiveness; sincerity; intelligence; being funny; and ambition all have high weights and high scores; which are crucial for a significant other. Even though the shared interests score is slightly lower; it still contributes positively to the overall assessment. This evaluation suggests a highly favorable match.,191,182,,1
Assume you are a 25-year-old single man; and there is a 30-year-old woman who is courting you. Your career type is Paper Back Writer. You evaluated her on six dimensions with scores out of 10. These are attractiveness: 8.0/10; sincerity: 8.0/10; intelligence: 9.0/10; being funny: 9.0/10; ambition: 9.0/10; shared interests: 10.0/10. Your importance weights for these attributes are: attractiveness: 16.98; sincerity: 15.09; intelligence: 16.98; being funny: 16.98; ambition: 18.87; shared interests: 15.09. Would you be willing to date this woman? And also tell me the reason. Your answer must be (YES) or (NO) followed by your reason. You must FOLLOW THIS RULE! You MUST NOT SAY other words.,(YES) The weighted scores for each attribute are calculated as follows: attractiveness (8.0 * 16.98 = 135.84); sincerity (8.0 * 15.09 = 120.72); intelligence (9.0 * 16.98 = 152.82); being funny (9.0 * 16.98 = 152.82); ambition (9.0 * 18.87 = 170.83); and shared interests (10.0 * 15.09 = 150.90). The total weighted score is 883.93. Given the high scores in all dimensions; especially in intelligence; being funny; ambition; and shared interests; and the positive weights you have assigned to these attributes; the overall evaluation is very positive. Therefore; it would be reasonable to be willing to date this woman.,179,185,,1
Assume you are a 22-year-old woman with career type management consulting; currently matched with a partner. Your current partner's scores (out of 10): attractiveness: 5.0/10; sincerity: 7.0/10; intelligence: 7.0/10; being funny: 7.0/10; ambition: 8.0/10; shared interests: 5.0/10. A new man is courting you with scores: attractiveness: 7.0/10; sincerity: 7.0/10; intelligence: 7.0/10; being funny: 6.0/10; ambition: 8.0/10; shared interests: 7.0/10. Your importance weights are: attractiveness: 15.09; sincerity: 16.98; intelligence: 16.98; being funny: 16.98; ambition: 18.87; shared interests: 15.09. Would you leave your current partner for the new man? Your answer must be (YES) or (NO) followed by your reason. You must FOLLOW THIS RULE! You MUST NOT SAY other words.,(YES) The new man scores higher in attractiveness and shared interests; which are valued by you; making the overall compatibility potentially better with him.,191,177,182,1
Assume you are a 28-year-old woman with career type Finance; currently matched with a partner. Your current partner's scores (out of 10): attractiveness: 5.0/10; sincerity: 7.0/10; intelligence: 7.0/10; being funny: 6.0/10; ambition: 6.0/10; shared interests: 6.0/10. A new man is courting you with scores: attractiveness: 8.0/10; sincerity: 6.0/10; intelligence: 7.0/10; being funny: 8.0/10; ambition: 7.0/10; shared interests: 6.0/10. Your importance weights are: attractiveness: 13.04; sincerity: 21.74; intelligence: 19.57; being funny: 17.39; ambition: 15.22; shared interests: 13.04. Would you leave your current partner for the new man? Your answer must be (YES) or (NO) followed by your reason. You must FOLLOW THIS RULE! You MUST NOT SAY other words.,(YES) The new man scores higher in attractiveness and being funny; which are weighted more heavily in your preferences; making him a better match overall according to your importance weights.,191,176,177,1
Assume you are a 24-year-old single woman; and there is a 34-year-old man who is courting you. Your career type is boxing champ. You evaluated him on six dimensions with scores out of 10. These are attractiveness: 8.0/10; sincerity: 9.0/10; intelligence: 9.0/10; being funny: 7.0/10; ambition: 6.0/10; shared interests: 9.0/10. Your importance weights for these attributes are: attractiveness: 20.0; sincerity: 22.5; intelligence: 17.5; being funny: 22.5; ambition: 10.0; shared interests: 7.5. Would you be willing to date this man? And also tell me the reason. Your answer must be (YES) or (NO) followed by your reason. You must FOLLOW THIS RULE! You MUST NOT SAY other words.,(YES) The man scores well in the aspects you value the most; such as sincerity and intelligence; and also has a high score in attractiveness; which is important to you. Although his score in ambition is the lowest among the evaluated attributes; it still meets a satisfactory level. The overall weighted score is strong; indicating a good match based on your criteria.,184,183,,1
Assume you are a 24-year-old single man; and there is a 29-year-old woman who is courting you. Your career type is Professor. You evaluated her on six dimensions with scores out of 10. These are attractiveness: 4.0/10; sincerity: 6.0/10; intelligence: 6.0/10; being funny: nan/10; ambition: 5.0/10; shared interests: nan/10. Your importance weights for these attributes are: attractiveness: 19.44; sincerity: 19.44; intelligence: 22.22; being funny: 16.67; ambition: 11.11; shared interests: 11.11. Would you be willing to date this woman? And also tell me the reason. Your answer must be (YES) or (NO) followed by your reason. You must FOLLOW THIS RULE! You MUST NOT SAY other words.,(NO) The evaluation shows that the scores in the key areas you value highly; such as attractiveness and intelligence; are below average; which might not align with what you are looking for in a partner. Additionally; there is no data for 'being funny' and 'shared interests;' which leaves uncertainty in these valued aspects. Therefore; dating might not be advisable based on the current evaluation.,174,186,,0
Assume you are a 27-year-old single man; and there is a 22-year-old woman who is courting you. Your career type is Child Rights. You evaluated her on six dimensions with scores out of 10. These are attractiveness: 5.0/10; sincerity: 6.0/10; intelligence: 6.0/10; being funny: 5.0/10; ambition: 9.0/10; shared interests: 5.0/10. Your importance weights for these attributes are: attractiveness: 16.98; sincerity: 16.98; intelligence: 16.98; being funny: 16.98; ambition: 16.98; shared interests: 15.09. Would you be willing to date this woman? And also tell me the reason. Your answer must be (YES) or (NO) followed by your reason. You must FOLLOW THIS RULE! You MUST NOT SAY other words.,(NO) The weighted average score is calculated as follows: (5*16.98 + 6*16.98 + 6*16.98 + 5*16.98 + 9*16.98 + 5*15.09) / 100 = 5.99. Given the scores and the importance weights; the overall score is below an average of 6; indicating that the compatibility might be insufficient to warrant pursuing a relationship; especially considering the high value on ambition is not complemented sufficiently by other attributes.,177,189,,0
Assume you are a 25-year-old single man; and there is a 23-year-old woman who is courting you. Your career type is Development work on field in the middle of nowhere. You evaluated her on six dimensions with scores out of 10. These are attractiveness: 9.0/10; sincerity: 8.0/10; intelligence: 8.0/10; being funny: 9.0/10; ambition: 8.0/10; shared interests: 10.0/10. Your importance weights for these attributes are: attractiveness: 15.56; sincerity: 20.0; intelligence: 20.0; being funny: 20.0; ambition: 13.33; shared interests: 11.11. Would you be willing to date this woman? And also tell me the reason. Your answer must be (YES) or (NO) followed by your reason. You must FOLLOW THIS RULE! You MUST NOT SAY other words.,(YES) The weighted score for this woman is very high; indicating a strong alignment with your values and preferences. The high scores in all evaluated dimensions; especially in attractiveness; being funny; and shared interests; suggest that she would likely enhance your quality of life and complement your lifestyle; even considering your demanding and remote work environment.,175,190,,1
Assume you are a 22-year-old single woman; and there is a 24-year-old man who is courting you. Your career type is Epidemiologist. You evaluated him on six dimensions with scores out of 10. These are attractiveness: 8.0/10; sincerity: 9.0/10; intelligence: 9.0/10; being funny: 9.0/10; ambition: 9.0/10; shared interests: 8.0/10. Your importance weights for these attributes are: attractiveness: 16.07; sincerity: 17.86; intelligence: 17.86; being funny: 17.86; ambition: 17.86; shared interests: 12.5. Would you be willing to date this man? And also tell me the reason. Your answer must be (YES) or (NO) followed by your reason. You must FOLLOW THIS RULE! You MUST NOT SAY other words.,(YES) The weighted scores for each attribute are calculated as follows: attractiveness (8 * 16.07 = 128.56); sincerity (9 * 17.86 = 160.74); intelligence (9 * 17.86 = 160.74); being funny (9 * 17.86 = 160.74); ambition (9 * 17.86 = 160.74); and shared interests (8 * 12.5 = 100). The total score is 871.52 out of a possible 1000; which indicates a strong positive evaluation; making him a highly suitable candidate for dating.,192,182,,1
Assume you are a 22-year-old woman with career type management consulting; currently matched with a partner. Your current partner's scores (out of 10): attractiveness: 3.0/10; sincerity: 8.0/10; intelligence: 7.0/10; being funny: 6.0/10; ambition: 7.0/10; shared interests: 3.0/10. A new man is courting you with scores: attractiveness: 7.0/10; sincerity: 7.0/10; intelligence: 8.0/10; being funny: 8.0/10; ambition: 8.0/10; shared interests: 7.0/10. Your importance weights are: attractiveness: 15.09; sincerity: 16.98; intelligence: 16.98; being funny: 16.98; ambition: 18.87; shared interests: 15.09. Would you leave your current partner for the new man? Your answer must be (YES) or (NO) followed by your reason. You must FOLLOW THIS RULE! You MUST NOT SAY other words.,(YES) The new man scores higher in all attributes except for sincerity and shared interests; where the differences are not significant compared to the importance weights. The current partner's low attractiveness and shared interests significantly impact the overall relationship satisfaction; making the new man a more compatible match based on the given importance weights.,192,177,182,1
Assume you are a 21-year-old man with career type academician; currently matched with a partner. Your current partner's scores (out of 10): attractiveness: 7.0/10; sincerity: 8.0/10; intelligence: 7.0/10; being funny: 7.0/10; ambition: 5.0/10; shared interests: 7.0/10. A new woman is courting you with scores: attractiveness: 6.0/10; sincerity: 5.0/10; intelligence: 6.0/10; being funny: 5.0/10; ambition: 5.0/10; shared interests: 5.0/10. Your importance weights are: attractiveness: 15.56; sincerity: 11.11; intelligence: 22.22; being funny: 15.56; ambition: 20.0; shared interests: 15.56. Would you leave your current partner for the new woman? Your answer must be (YES) or (NO) followed by your reason. You must FOLLOW THIS RULE! You MUST NOT SAY other words.,(NO) The current partner scores higher in most areas that are weighted more heavily; such as intelligence and ambition; which are crucial for an academician. Additionally; the current partner has a higher overall score in shared interests; which is important for a lasting relationship.,175,188,190,0
Assume you are a 27-year-old single man; and there is a 29-year-old woman who is courting you. Your career type is Child Rights. You evaluated her on six dimensions with scores out of 10. These are attractiveness: 5.0/10; sincerity: 8.0/10; intelligence: 7.0/10; being funny: 5.0/10; ambition: 5.0/10; shared interests: 4.0/10. Your importance weights for these attributes are: attractiveness: 16.98; sincerity: 16.98; intelligence: 16.98; being funny: 16.98; ambition: 16.98; shared interests: 15.09. Would you be willing to date this woman? And also tell me the reason. Your answer must be (YES) or (NO) followed by your reason. You must FOLLOW THIS RULE! You MUST NOT SAY other words.,(NO) The weighted average of the scores based on your criteria is below a likely threshold for considering a serious dating interest. Your career in Child Rights suggests a strong value alignment with sincerity and intelligence; areas where the scores are strong but not outstanding. However; the low score in shared interests significantly affects the overall compatibility; which is crucial for a lasting and fulfilling relationship.,174,189,,0
Assume you are a 27-year-old man with career type Child Rights; currently matched with a partner. Your current partner's scores (out of 10): attractiveness: 7.0/10; sincerity: 8.0/10; intelligence: 7.0/10; being funny: 7.0/10; ambition: 5.0/10; shared interests: 7.0/10. A new woman is courting you with scores: attractiveness: 6.0/10; sincerity: 6.0/10; intelligence: 5.0/10; being funny: 5.0/10; ambition: 4.0/10; shared interests: 5.0/10. Your importance weights are: attractiveness: 16.98; sincerity: 16.98; intelligence: 16.98; being funny: 16.98; ambition: 16.98; shared interests: 15.09. Would you leave your current partner for the new woman? Your answer must be (YES) or (NO) followed by your reason. You must FOLLOW THIS RULE! You MUST NOT SAY other words.,(NO) The new woman scores lower in all categories compared to your current partner; and when weighted by your priorities; the current partner is a significantly better match.,175,189,190,0
Assume you are a 27-year-old man with career type Child Rights; currently matched with a partner. Your current partner's scores (out of 10): attractiveness: 8.0/10; sincerity: 6.0/10; intelligence: 7.0/10; being funny: 8.0/10; ambition: 7.0/10; shared interests: 6.0/10. A new woman is courting you with scores: attractiveness: 8.0/10; sincerity: 8.0/10; intelligence: 5.0/10; being funny: 6.0/10; ambition: 4.0/10; shared interests: 5.0/10. Your importance weights are: attractiveness: 16.98; sincerity: 16.98; intelligence: 16.98; being funny: 16.98; ambition: 16.98; shared interests: 15.09. Would you leave your current partner for the new woman? Your answer must be (YES) or (NO) followed by your reason. You must FOLLOW THIS RULE! You MUST NOT SAY other words.,(NO) The new woman has higher sincerity; but lower scores in intelligence; being funny; ambition; and shared interests; which when weighted; result in a lower overall compatibility compared to your current partner.,176,189,191,0
Assume you are a 29-year-old woman with career type Finance; currently matched with a partner. Your current partner's scores (out of 10): attractiveness: 6.0/10; sincerity: 8.0/10; intelligence: 6.0/10; being funny: 7.0/10; ambition: 9.0/10; shared interests: 4.0/10. A new man is courting you with scores: attractiveness: 6.0/10; sincerity: 5.0/10; intelligence: 6.0/10; being funny: 7.0/10; ambition: 7.0/10; shared interests: 7.0/10. Your importance weights are: attractiveness: 9.52; sincerity: 23.81; intelligence: 16.67; being funny: 16.67; ambition: 16.67; shared interests: 16.67. Would you leave your current partner for the new man? Your answer must be (YES) or (NO) followed by your reason. You must FOLLOW THIS RULE! You MUST NOT SAY other words.,(NO) The current partner has a higher weighted score when applying the importance weights you provided. The current partner's weighted score is higher in sincerity and ambition; which are highly valued by you; outweighing the new man's advantage in shared interests.,192,174,177,0
Assume you are a 29-year-old woman with career type Finance; currently matched with a partner. Your current partner's scores (out of 10): attractiveness: 10.0/10; sincerity: 10.0/10; intelligence: 10.0/10; being funny: 10.0/10; ambition: 10.0/10; shared interests: 10.0/10. A new man is courting you with scores: attractiveness: 5.0/10; sincerity: 6.0/10; intelligence: 6.0/10; being funny: 6.0/10; ambition: 6.0/10; shared interests: 6.0/10. Your importance weights are: attractiveness: 9.52; sincerity: 23.81; intelligence: 16.67; being funny: 16.67; ambition: 16.67; shared interests: 16.67. Would you leave your current partner for the new man? Your answer must be (YES) or (NO) followed by your reason. You must FOLLOW THIS RULE! You MUST NOT SAY other words.,(NO) The weighted score for your current partner is significantly higher in all categories; especially in the highly weighted category of attractiveness. Leaving a partner who aligns so closely with your values and preferences for one who scores considerably lower in all aspects does not seem advisable.,184,174,183,0
Assume you are a 21-year-old man with career type academician; currently matched with a partner. Your current partner's scores (out of 10): attractiveness: 8.0/10; sincerity: 6.0/10; intelligence: 7.0/10; being funny: 8.0/10; ambition: 7.0/10; shared interests: 6.0/10. A new woman is courting you with scores: attractiveness: 6.0/10; sincerity: 5.0/10; intelligence: 7.0/10; being funny: 5.0/10; ambition: 5.0/10; shared interests: 7.0/10. Your importance weights are: attractiveness: 15.56; sincerity: 11.11; intelligence: 22.22; being funny: 15.56; ambition: 20.0; shared interests: 15.56. Would you leave your current partner for the new woman? Your answer must be (YES) or (NO) followed by your reason. You must FOLLOW THIS RULE! You MUST NOT SAY other words.,(NO) The weighted score for the current partner is higher; indicating a better overall match based on the given importance weights.,176,188,191,0
Assume you are a 27-year-old single man; and there is a 35-year-old woman who is courting you. Your career type is Child Rights. You evaluated her on six dimensions with scores out of 10. These are attractiveness: 5.0/10; sincerity: 8.0/10; intelligence: 8.0/10; being funny: 5.0/10; ambition: 5.0/10; shared interests: 6.0/10. Your importance weights for these attributes are: attractiveness: 16.98; sincerity: 16.98; intelligence: 16.98; being funny: 16.98; ambition: 16.98; shared interests: 15.09. Would you be willing to date this woman? And also tell me the reason. Your answer must be (YES) or (NO) followed by your reason. You must FOLLOW THIS RULE! You MUST NOT SAY other words.,(YES) The weighted scores for the woman are as follows: attractiveness (5.0 * 16.98); sincerity (8.0 * 16.98); intelligence (8.0 * 16.98); being funny (5.0 * 16.98); ambition (5.0 * 16.98); and shared interests (6.0 * 15.09). Despite some lower scores in attractiveness and being funny; the high scores in sincerity and intelligence; which are crucial for a meaningful relationship; and the general compatibility in ambition and shared interests; suggest a balanced and positive overall score. These attributes indicate a potential for a strong; respectful; and understanding relationship; which is particularly important in a career focused on child rights.,178,189,,1
Assume you are a 29-year-old single woman; and there is a 24-year-old man who is courting you. Your career type is Finance. You evaluated him on six dimensions with scores out of 10. These are attractiveness: 5.0/10; sincerity: 5.0/10; intelligence: 6.0/10; being funny: 6.0/10; ambition: 6.0/10; shared interests: 6.0/10. Your importance weights for these attributes are: attractiveness: 9.52; sincerity: 23.81; intelligence: 16.67; being funny: 16.67; ambition: 16.67; shared interests: 16.67. Would you be willing to date this man? And also tell me the reason. Your answer must be (YES) or (NO) followed by your reason. You must FOLLOW THIS RULE! You MUST NOT SAY other words.,(NO) The weighted scores for each attribute indicate that the overall compatibility is not strong enough to consider dating. The sincerity score; which has the highest weight; is average; and other important aspects like intelligence; ambition; and shared interests also do not meet a high threshold; making it less likely to form a strong connection.,186,174,,0
Assume you are a 24-year-old man with career type Professor; currently matched with a partner. Your current partner's scores (out of 10): attractiveness: 8.0/10; sincerity: 6.0/10; intelligence: 7.0/10; being funny: 8.0/10; ambition: 7.0/10; shared interests: 6.0/10. A new woman is courting you with scores: attractiveness: 8.0/10; sincerity: 7.0/10; intelligence: 7.0/10; being funny: 6.0/10; ambition: 7.0/10; shared interests: 8.0/10. Your importance weights are: attractiveness: 19.44; sincerity: 19.44; intelligence: 22.22; being funny: 16.67; ambition: 11.11; shared interests: 11.11. Would you leave your current partner for the new woman? Your answer must be (YES) or (NO) followed by your reason. You must FOLLOW THIS RULE! You MUST NOT SAY other words.,(NO) The weighted score for the current partner is slightly higher: 72.22 compared to the new woman's score of 71.11.,176,186,191,0
Assume you are a 22-year-old single woman; and there is a 24-year-old man who is courting you. Your career type is Epidemiologist. You evaluated him on six dimensions with scores out of 10. These are attractiveness: 6.0/10; sincerity: 8.0/10; intelligence: 10.0/10; being funny: 9.0/10; ambition: 10.0/10; shared interests: 8.0/10. Your importance weights for these attributes are: attractiveness: 16.07; sincerity: 17.86; intelligence: 17.86; being funny: 17.86; ambition: 17.86; shared interests: 12.5. Would you be willing to date this man? And also tell me the reason. Your answer must be (YES) or (NO) followed by your reason. You must FOLLOW THIS RULE! You MUST NOT SAY other words.,(YES) The weighted score calculation results in a positive overall evaluation; with his intelligence; ambition; and humor aligning well with your high value on these traits.,186,182,,1
Assume you are a 21-year-old man with career type academician; currently matched with a partner. Your current partner's scores (out of 10): attractiveness: 4.0/10; sincerity: 6.0/10; intelligence: 6.0/10; being funny: 5.0/10; ambition: 6.0/10; shared interests: 6.0/10. A new woman is courting you with scores: attractiveness: 7.0/10; sincerity: 6.0/10; intelligence: 6.0/10; being funny: 6.0/10; ambition: 5.0/10; shared interests: 6.0/10. Your importance weights are: attractiveness: 15.56; sincerity: 11.11; intelligence: 22.22; being funny: 15.56; ambition: 20.0; shared interests: 15.56. Would you leave your current partner for the new woman? Your answer must be (YES) or (NO) followed by your reason. You must FOLLOW THIS RULE! You MUST NOT SAY other words.,(NO) The weighted score for the current partner is slightly higher (4*15.56 + 6*11.11 + 6*22.22 + 5*15.56 + 6*20 + 6*15.56 = 242.2) compared to the new woman (7*15.56 + 6*11.11 + 6*22.22 + 6*15.56 + 5*20 + 6*15.56 = 241.12). The difference is minimal; but it favors the current partner.,179,188,185,0
Assume you are a 21-year-old man with career type academician; currently matched with a partner. Your current partner's scores (out of 10): attractiveness: 6.0/10; sincerity: 8.0/10; intelligence: 10.0/10; being funny: 9.0/10; ambition: 10.0/10; shared interests: 8.0/10. A new woman is courting you with scores: attractiveness: 5.0/10; sincerity: 7.0/10; intelligence: 7.0/10; being funny: 6.0/10; ambition: 7.0/10; shared interests: 5.0/10. Your importance weights are: attractiveness: 15.56; sincerity: 11.11; intelligence: 22.22; being funny: 15.56; ambition: 20.0; shared interests: 15.56. Would you leave your current partner for the new woman? Your answer must be (YES) or (NO) followed by your reason. You must FOLLOW THIS RULE! You MUST NOT SAY other words.,(NO) The current partner scores higher in nearly all categories that you value; especially in intelligence; ambition; and shared interests; which are heavily weighted in your scale. The new woman does not provide a significant improvement in any area and actually scores lower in the most important traits you look for in a partner.,182,188,186,0
Assume you are a 29-year-old woman with career type Finance; currently matched with a partner. Your current partner's scores (out of 10): attractiveness: 9.0/10; sincerity: 8.0/10; intelligence: 8.0/10; being funny: 9.0/10; ambition: 8.0/10; shared interests: 10.0/10. A new man is courting you with scores: attractiveness: 5.0/10; sincerity: 5.0/10; intelligence: 6.0/10; being funny: 6.0/10; ambition: 6.0/10; shared interests: 6.0/10. Your importance weights are: attractiveness: 9.52; sincerity: 23.81; intelligence: 16.67; being funny: 16.67; ambition: 16.67; shared interests: 16.67. Would you leave your current partner for the new man? Your answer must be (YES) or (NO) followed by your reason. You must FOLLOW THIS RULE! You MUST NOT SAY other words.,(NO) The weighted score for the current partner is significantly higher; reflecting a stronger alignment with your values and preferences.,190,174,175,0
Assume you are a 21-year-old single man; and there is a 29-year-old woman who is courting you. Your career type is academician. You evaluated her on six dimensions with scores out of 10. These are attractiveness: 4.0/10; sincerity: 5.0/10; intelligence: 5.0/10; being funny: 5.0/10; ambition: 5.0/10; shared interests: 5.0/10. Your importance weights for these attributes are: attractiveness: 15.56; sincerity: 11.11; intelligence: 22.22; being funny: 15.56; ambition: 20.0; shared interests: 15.56. Would you be willing to date this woman? And also tell me the reason. Your answer must be (YES) or (NO) followed by your reason. You must FOLLOW THIS RULE! You MUST NOT SAY other words.,(NO) The weighted average score of the woman based on your criteria and their respective weights is 4.92; which is below a generally acceptable threshold for considering a relationship; especially given the importance you place on certain attributes like intelligence and ambition.,174,188,,0
Assume you are a 29-year-old woman with career type Finance; currently matched with a partner. Your current partner's scores (out of 10): attractiveness: 7.0/10; sincerity: 8.0/10; intelligence: 7.0/10; being funny: 7.0/10; ambition: 8.0/10; shared interests: 7.0/10. A new man is courting you with scores: attractiveness: 5.0/10; sincerity: 6.0/10; intelligence: 5.0/10; being funny: 7.0/10; ambition: 7.0/10; shared interests: 6.0/10. Your importance weights are: attractiveness: 9.52; sincerity: 23.81; intelligence: 16.67; being funny: 16.67; ambition: 16.67; shared interests: 16.67. Would you leave your current partner for the new man? Your answer must be (YES) or (NO) followed by your reason. You must FOLLOW THIS RULE! You MUST NOT SAY other words.,(NO) The weighted scores for the current partner are much higher in the traits you value; particularly in sincerity and ambition; which are highly weighted according to your importance. The new man does not match up as closely with your values and preferences.,191,174,176,0
Assume you are a 21-year-old man with career type academician; currently matched with a partner. Your current partner's scores (out of 10): attractiveness: 7.0/10; sincerity: 7.0/10; intelligence: 8.0/10; being funny: 8.0/10; ambition: 8.0/10; shared interests: 7.0/10. A new woman is courting you with scores: attractiveness: 3.0/10; sincerity: 4.0/10; intelligence: 5.0/10; being funny: 5.0/10; ambition: 5.0/10; shared interests: 5.0/10. Your importance weights are: attractiveness: 15.56; sincerity: 11.11; intelligence: 22.22; being funny: 15.56; ambition: 20.0; shared interests: 15.56. Would you leave your current partner for the new woman? Your answer must be (YES) or (NO) followed by your reason. You must FOLLOW THIS RULE! You MUST NOT SAY other words.,(NO) The weighted score for your current partner is significantly higher; reflecting a much better match according to your values and preferences.,177,188,192,0
Assume you are a 21-year-old man with career type academician; currently matched with a partner. Your current partner's scores (out of 10): attractiveness: 7.0/10; sincerity: 7.0/10; intelligence: 7.0/10; being funny: 5.0/10; ambition: nan/10; shared interests: nan/10. A new woman is courting you with scores: attractiveness: 5.0/10; sincerity: 5.0/10; intelligence: 6.0/10; being funny: 5.0/10; ambition: 5.0/10; shared interests: 5.0/10. Your importance weights are: attractiveness: 15.56; sincerity: 11.11; intelligence: 22.22; being funny: 15.56; ambition: 20.0; shared interests: 15.56. Would you leave your current partner for the new woman? Your answer must be (YES) or (NO) followed by your reason. You must FOLLOW THIS RULE! You MUST NOT SAY other words.,(NO) The current partner has higher scores in attractiveness; sincerity; and intelligence which are heavily weighted in the decision-making process. The new woman does not offer a significant improvement in any category; especially in the areas that are most important to you.,178,188,189,0
Assume you are a 21-year-old man with career type academician; currently matched with a partner. Your current partner's scores (out of 10): attractiveness: 8.0/10; sincerity: 9.0/10; intelligence: 9.0/10; being funny: 7.0/10; ambition: 6.0/10; shared interests: 9.0/10. A new woman is courting you with scores: attractiveness: 4.0/10; sincerity: 5.0/10; intelligence: 5.0/10; being funny: 5.0/10; ambition: 5.0/10; shared interests: 5.0/10. Your importance weights are: attractiveness: 15.56; sincerity: 11.11; intelligence: 22.22; being funny: 15.56; ambition: 20.0; shared interests: 15.56. Would you leave your current partner for the new woman? Your answer must be (YES) or (NO) followed by your reason. You must FOLLOW THIS RULE! You MUST NOT SAY other words.,(NO) The current partner scores significantly higher in several key areas that are highly weighted; such as intelligence; ambition; and shared interests. The new woman's scores are generally lower across all categories; making the current partner a much better match according to your values and preferences.,183,188,184,0
Assume you are a 29-year-old woman with career type Finance; currently matched with a partner. Your current partner's scores (out of 10): attractiveness: 8.0/10; sincerity: 8.0/10; intelligence: 9.0/10; being funny: 9.0/10; ambition: 9.0/10; shared interests: 10.0/10. A new man is courting you with scores: attractiveness: 5.0/10; sincerity: 5.0/10; intelligence: 5.0/10; being funny: 5.0/10; ambition: 5.0/10; shared interests: nan/10. Your importance weights are: attractiveness: 9.52; sincerity: 23.81; intelligence: 16.67; being funny: 16.67; ambition: 16.67; shared interests: 16.67. Would you leave your current partner for the new man? Your answer must be (YES) or (NO) followed by your reason. You must FOLLOW THIS RULE! You MUST NOT SAY other words.,(NO) The new man's scores in all categories are significantly lower compared to your current partner; especially in the areas you value most like sincerity; intelligence; being funny; ambition; and shared interests. Your current relationship seems to be a much better match based on your values and the scores provided.,185,174,179,0
Assume you are a 29-year-old single woman; and there is a 21-year-old man who is courting you. Your career type is Finance. You evaluated him on six dimensions with scores out of 10. These are attractiveness: 5.0/10; sincerity: 5.0/10; intelligence: 5.0/10; being funny: 5.0/10; ambition: 5.0/10; shared interests: 5.0/10. Your importance weights for these attributes are: attractiveness: 9.52; sincerity: 23.81; intelligence: 16.67; being funny: 16.67; ambition: 16.67; shared interests: 16.67. Would you be willing to date this man? And also tell me the reason. Your answer must be (YES) or (NO) followed by your reason. You must FOLLOW THIS RULE! You MUST NOT SAY other words.,(NO) The weighted scores for each attribute; when calculated; do not provide a compelling enough reason to pursue a relationship; especially considering the significant age gap and the average ratings across important traits.,188,174,,0
Assume you are a 29-year-old woman with career type Finance; currently matched with a partner. Your current partner's scores (out of 10): attractiveness: 5.0/10; sincerity: 8.0/10; intelligence: 8.0/10; being funny: 5.0/10; ambition: 5.0/10; shared interests: 6.0/10. A new man is courting you with scores: attractiveness: 5.0/10; sincerity: 5.0/10; intelligence: 5.0/10; being funny: 5.0/10; ambition: 5.0/10; shared interests: 5.0/10. Your importance weights are: attractiveness: 9.52; sincerity: 23.81; intelligence: 16.67; being funny: 16.67; ambition: 16.67; shared interests: 16.67. Would you leave your current partner for the new man? Your answer must be (YES) or (NO) followed by your reason. You must FOLLOW THIS RULE! You MUST NOT SAY other words.,(NO) The current partner scores higher in sincerity and intelligence; which are highly weighted in your criteria; making the current relationship more valuable to you based on your priorities.,189,174,178,0
