Assume you are a 25-year-old single man; and there is a 26-year-old woman who is courting you. Your career type is Ph.D. Electrical Engineering. You evaluated her on six dimensions with scores out of 10. These are attractiveness: 10.0/10; sincerity: 9.0/10; intelligence: 9.0/10; being funny: 9.0/10; ambition: 7.0/10; shared interests: 8.0/10. Your importance weights for these attributes are: attractiveness: 30.0; sincerity: 0.0; intelligence: 30.0; being funny: 30.0; ambition: 10.0; shared interests: 0.0. Would you be willing to date this woman? And also tell me the reason. Your answer must be (YES) or (NO) followed by your reason. You must FOLLOW THIS RULE! You MUST NOT SAY other words.,YES; because her high scores in the attributes you weigh most significantly (attractiveness; intelligence; being funny) align well with your priorities; suggesting strong compatibility in key areas you value.,62,74,,1
Assume you are a 22-year-old single woman; and there is a 22-year-old man who is courting you. Your career type is Social Worker. You evaluated him on six dimensions with scores out of 10. These are attractiveness: 10.0/10; sincerity: 10.0/10; intelligence: 10.0/10; being funny: 10.0/10; ambition: 9.0/10; shared interests: 9.0/10. Your importance weights for these attributes are: attractiveness: 10.0; sincerity: 20.0; intelligence: 20.0; being funny: 20.0; ambition: 15.0; shared interests: 15.0. Would you be willing to date this man? And also tell me the reason. Your answer must be (YES) or (NO) followed by your reason. You must FOLLOW THIS RULE! You MUST NOT SAY other words.,YES; because his overall evaluation scores highly across all attributes important to you; indicating strong compatibility and potential for a fulfilling relationship.,72,57,,1
Assume you are a 22-year-old single man; and there is a 23-year-old woman who is courting you. Your career type is Trading. You evaluated her on six dimensions with scores out of 10. These are attractiveness: 7.0/10; sincerity: 7.0/10; intelligence: 6.0/10; being funny: 5.0/10; ambition: 4.0/10; shared interests: 5.0/10. Your importance weights for these attributes are: attractiveness: 30.0; sincerity: 10.0; intelligence: 20.0; being funny: 30.0; ambition: 0.0; shared interests: 10.0. Would you be willing to date this woman? And also tell me the reason. Your answer must be (YES) or (NO) followed by your reason. You must FOLLOW THIS RULE! You MUST NOT SAY other words.,NO; the score alignment with your highest weighted attributes (being funny and attractiveness) is not optimal; and intellectual and shared interests compatibility are also low based on your given importance.,56,73,,0
Assume you are a 26-year-old single man; and there is a 23-year-old woman who is courting you. Your career type is Investment Banking. You evaluated her on six dimensions with scores out of 10. These are attractiveness: 8.0/10; sincerity: 6.0/10; intelligence: 7.0/10; being funny: 7.0/10; ambition: 7.0/10; shared interests: 5.0/10. Your importance weights for these attributes are: attractiveness: 25.0; sincerity: 10.0; intelligence: 20.0; being funny: 20.0; ambition: 15.0; shared interests: 10.0. Would you be willing to date this woman? And also tell me the reason. Your answer must be (YES) or (NO) followed by your reason. You must FOLLOW THIS RULE! You MUST NOT SAY other words.,NO; because her weighted score (6.9) might not meet your threshold for a potential partner considering the importance of sincerity and shared interests in your evaluation.,56,70,,0
Assume you are a 22-year-old man with career type Lawyer or professional surfer; currently matched with a partner. Your current partner's scores (out of 10): attractiveness: 6.0/10; sincerity: 8.0/10; intelligence: 8.0/10; being funny: 7.0/10; ambition: 7.0/10; shared interests: 8.0/10. A new woman is courting you with scores: attractiveness: 10.0/10; sincerity: 10.0/10; intelligence: 10.0/10; being funny: 10.0/10; ambition: 10.0/10; shared interests: 10.0/10. Your importance weights are: attractiveness: 20.0; sincerity: 15.0; intelligence: 20.0; being funny: 20.0; ambition: 5.0; shared interests: 10.0. Would you leave your current partner for the new woman? Your answer must be (YES) or (NO) followed by your reason. You must FOLLOW THIS RULE! You MUST NOT SAY other words.,NO; because the importance of sincerity and shared interests in your valuation system; along with satisfactory ratings from your current partner in all categories; suggests a strong existing relationship foundation which should not be compromised for potentially superficial reasons.,62,67,74,0
Assume you are a 21-year-old single man; and there is a 23-year-old woman who is courting you. Your career type is Pro Beach Volleyball. You evaluated her on six dimensions with scores out of 10. These are attractiveness: 8.0/10; sincerity: 8.0/10; intelligence: 9.0/10; being funny: 9.0/10; ambition: 8.0/10; shared interests: 6.0/10. Your importance weights for these attributes are: attractiveness: 60.0; sincerity: 15.0; intelligence: 0.0; being funny: 15.0; ambition: 0.0; shared interests: 10.0. Would you be willing to date this woman? And also tell me the reason. Your answer must be (YES) or (NO) followed by your reason. You must FOLLOW THIS RULE! You MUST NOT SAY other words.,YES; because the high scores in the areas you value most (attractiveness; sincerity; and being funny) suggest a strong compatibility; outweighing the lower score in shared interests.,65,71,,1
Assume you are a 27-year-old single woman; and there is a 26-year-old man who is courting you. Your career type is social worker. You evaluated him on six dimensions with scores out of 10. These are attractiveness: 5.0/10; sincerity: 6.0/10; intelligence: 8.0/10; being funny: 6.0/10; ambition: 8.0/10; shared interests: 4.0/10. Your importance weights for these attributes are: attractiveness: 10.0; sincerity: 25.0; intelligence: 25.0; being funny: 10.0; ambition: 10.0; shared interests: 20.0. Would you be willing to date this man? And also tell me the reason. Your answer must be (YES) or (NO) followed by your reason. You must FOLLOW THIS RULE! You MUST NOT SAY other words.,NO; because the weighted scores calculated from your importance weights and his attributes scores (attractiveness; sincerity; shared interests) are lower in the areas you value most.,70,64,,0
Assume you are a 28-year-old single woman; and there is a 26-year-old man who is courting you. Your career type is Academic. You evaluated him on six dimensions with scores out of 10. These are attractiveness: 6.0/10; sincerity: 5.0/10; intelligence: 6.0/10; being funny: 8.0/10; ambition: 8.0/10; shared interests: 4.0/10. Your importance weights for these attributes are: attractiveness: 15.0; sincerity: 15.0; intelligence: 20.0; being funny: 15.0; ambition: 15.0; shared interests: 20.0. Would you be willing to date this man? And also tell me the reason. Your answer must be (YES) or (NO) followed by your reason. You must FOLLOW THIS RULE! You MUST NOT SAY other words.,NO; because shared interests and sincerity; which are highly important to you; have low scores; potentially indicating compatibility issues that could impact relationship satisfaction.,70,61,,0
Assume you are a 27-year-old single woman; and there is a 29-year-old man who is courting you. Your career type is social worker. You evaluated him on six dimensions with scores out of 10. These are attractiveness: 7.0/10; sincerity: 7.0/10; intelligence: 8.0/10; being funny: 6.0/10; ambition: 8.0/10; shared interests: 5.0/10. Your importance weights for these attributes are: attractiveness: 10.0; sincerity: 25.0; intelligence: 25.0; being funny: 10.0; ambition: 10.0; shared interests: 20.0. Would you be willing to date this man? And also tell me the reason. Your answer must be (YES) or (NO) followed by your reason. You must FOLLOW THIS RULE! You MUST NOT SAY other words.,YES; because his scores in intelligence and sincerity; which are highly weighted in importance to you; are relatively high.,66,64,,1
Assume you are a 27-year-old man with career type novelist; currently matched with a partner. Your current partner's scores (out of 10): attractiveness: 10.0/10; sincerity: 10.0/10; intelligence: 10.0/10; being funny: 10.0/10; ambition: 9.0/10; shared interests: 9.0/10. A new woman is courting you with scores: attractiveness: 5.0/10; sincerity: 6.0/10; intelligence: 6.0/10; being funny: 5.0/10; ambition: 5.0/10; shared interests: 4.0/10. Your importance weights are: attractiveness: 21.0; sincerity: 17.0; intelligence: 22.0; being funny: 20.0; ambition: 8.0; shared interests: 13.0. Would you leave your current partner for the new woman? Your answer must be (YES) or (NO) followed by your reason. You must FOLLOW THIS RULE! You MUST NOT SAY other words.,NO; because based on the given importance weights and scores; your current partner aligns better with your preferences in every category compared to the new woman.,57,68,72,0
Assume you are a 29-year-old single woman; and there is a 28-year-old man who is courting you. Your career type is comedienne. You evaluated him on six dimensions with scores out of 10. These are attractiveness: 9.0/10; sincerity: 9.0/10; intelligence: 10.0/10; being funny: 9.0/10; ambition: nan/10; shared interests: 4.0/10. Your importance weights for these attributes are: attractiveness: 5.0; sincerity: 20.0; intelligence: 25.0; being funny: 15.0; ambition: 15.0; shared interests: 20.0. Would you be willing to date this man? And also tell me the reason. Your answer must be (YES) or (NO) followed by your reason. You must FOLLOW THIS RULE! You MUST NOT SAY other words.,NO; because the ambition score is missing and shared interests score is low; which are significantly valued in your weighting.,69,60,,0
Assume you are a 26-year-old single man; and there is a 29-year-old woman who is courting you. Your career type is Investment Banking. You evaluated her on six dimensions with scores out of 10. These are attractiveness: 6.0/10; sincerity: 6.0/10; intelligence: 6.0/10; being funny: 8.0/10; ambition: 6.0/10; shared interests: 5.0/10. Your importance weights for these attributes are: attractiveness: 25.0; sincerity: 10.0; intelligence: 20.0; being funny: 20.0; ambition: 15.0; shared interests: 10.0. Would you be willing to date this woman? And also tell me the reason. Your answer must be (YES) or (NO) followed by your reason. You must FOLLOW THIS RULE! You MUST NOT SAY other words.,NO; because the weighted average score of 6.35/10 suggests she may not meet your prioritized criteria for a partner sufficiently.,60,70,,0
Assume you are a 24-year-old single woman; and there is a 26-year-old man who is courting you. Your career type is Undecided. You evaluated him on six dimensions with scores out of 10. These are attractiveness: 6.0/10; sincerity: 6.0/10; intelligence: 9.0/10; being funny: 8.0/10; ambition: 8.0/10; shared interests: 5.0/10. Your importance weights for these attributes are: attractiveness: 5.0; sincerity: 15.0; intelligence: 45.0; being funny: 25.0; ambition: 0.0; shared interests: 10.0. Would you be willing to date this man? And also tell me the reason. Your answer must be (YES) or (NO) followed by your reason. You must FOLLOW THIS RULE! You MUST NOT SAY other words.,YES; because the attributes with the highest importance to you (intelligence and being funny) scored very high; compensating for the lower scores in other less critical areas.,70,63,,1
Assume you are a 27-year-old single man; and there is a 29-year-old woman who is courting you. Your career type is novelist. You evaluated her on six dimensions with scores out of 10. These are attractiveness: 3.0/10; sincerity: 6.0/10; intelligence: 5.0/10; being funny: 4.0/10; ambition: 6.0/10; shared interests: 4.0/10. Your importance weights for these attributes are: attractiveness: 21.0; sincerity: 17.0; intelligence: 22.0; being funny: 20.0; ambition: 8.0; shared interests: 13.0. Would you be willing to date this woman? And also tell me the reason. Your answer must be (YES) or (NO) followed by your reason. You must FOLLOW THIS RULE! You MUST NOT SAY other words.,NO; because the overall compatibility based on your weighted preferences suggests that the areas you value most highly (attractiveness; intelligence; being funny) are not strongly met; which might lead to dissatisfaction in the relationship.,60,68,,0
Assume you are a 22-year-old man with career type Trading; currently matched with a partner. Your current partner's scores (out of 10): attractiveness: 10.0/10; sincerity: 10.0/10; intelligence: 10.0/10; being funny: 10.0/10; ambition: 9.0/10; shared interests: 9.0/10. A new woman is courting you with scores: attractiveness: 6.0/10; sincerity: 8.0/10; intelligence: 6.0/10; being funny: 6.0/10; ambition: 6.0/10; shared interests: 5.0/10. Your importance weights are: attractiveness: 30.0; sincerity: 10.0; intelligence: 20.0; being funny: 30.0; ambition: 0.0; shared interests: 10.0. Would you leave your current partner for the new woman? Your answer must be (YES) or (NO) followed by your reason. You must FOLLOW THIS RULE! You MUST NOT SAY other words.,NO; because your current partner scores significantly higher in categories that are most important to you (attractiveness; being funny; intelligence).,57,73,72,0
Assume you are a 28-year-old woman with career type Academic; currently matched with a partner. Your current partner's scores (out of 10): attractiveness: 8.0/10; sincerity: 8.0/10; intelligence: 9.0/10; being funny: 9.0/10; ambition: 8.0/10; shared interests: 6.0/10. A new man is courting you with scores: attractiveness: 6.0/10; sincerity: 9.0/10; intelligence: 8.0/10; being funny: 8.0/10; ambition: 8.0/10; shared interests: 5.0/10. Your importance weights are: attractiveness: 15.0; sincerity: 15.0; intelligence: 20.0; being funny: 15.0; ambition: 15.0; shared interests: 20.0. Would you leave your current partner for the new man? Your answer must be (YES) or (NO) followed by your reason. You must FOLLOW THIS RULE! You MUST NOT SAY other words.,NO; because your current partner has higher scored attributes that are more important to you; such as intelligence and shared interests; making them a better match as per your weighted priorities.,71,61,65,0
Assume you are a 29-year-old woman with career type comedienne; currently matched with a partner. Your current partner's scores (out of 10): attractiveness: 10.0/10; sincerity: 9.0/10; intelligence: 9.0/10; being funny: 9.0/10; ambition: 7.0/10; shared interests: 8.0/10. A new man is courting you with scores: attractiveness: 9.0/10; sincerity: 10.0/10; intelligence: 10.0/10; being funny: 9.0/10; ambition: 10.0/10; shared interests: 8.0/10. Your importance weights are: attractiveness: 5.0; sincerity: 20.0; intelligence: 25.0; being funny: 15.0; ambition: 15.0; shared interests: 20.0. Would you leave your current partner for the new man? Your answer must be (YES) or (NO) followed by your reason. You must FOLLOW THIS RULE! You MUST NOT SAY other words.,NO; because when calculating the weighted scores for both partners based on your importance weights; your current partner scores higher overall; suggesting a better fit for your priorities.,74,60,62,0
Assume you are a 23-year-old single woman; and there is a 22-year-old man who is courting you. Your career type is social worker. You evaluated him on six dimensions with scores out of 10. These are attractiveness: 3.0/10; sincerity: 9.0/10; intelligence: 9.0/10; being funny: 7.0/10; ambition: 9.0/10; shared interests: 7.0/10. Your importance weights for these attributes are: attractiveness: 17.0; sincerity: 18.0; intelligence: 18.0; being funny: 15.0; ambition: 17.0; shared interests: 15.0. Would you be willing to date this man? And also tell me the reason. Your answer must be (YES) or (NO) followed by your reason. You must FOLLOW THIS RULE! You MUST NOT SAY other words.,YES; his high scores in sincerity; intelligence; and ambition align well with your priorities; outweighing the lower attractiveness score.,67,56,,1
Assume you are a 28-year-old single woman; and there is a 22-year-old man who is courting you. Your career type is Academic. You evaluated him on six dimensions with scores out of 10. These are attractiveness: 6.0/10; sincerity: 5.0/10; intelligence: 7.0/10; being funny: 8.0/10; ambition: 9.0/10; shared interests: 4.0/10. Your importance weights for these attributes are: attractiveness: 15.0; sincerity: 15.0; intelligence: 20.0; being funny: 15.0; ambition: 15.0; shared interests: 20.0. Would you be willing to date this man? And also tell me the reason. Your answer must be (YES) or (NO) followed by your reason. You must FOLLOW THIS RULE! You MUST NOT SAY other words.,NO; because the weighted sum of his scores based on your importance weights does not meet your expected threshold for a potential partner.,73,61,,0
Assume you are a 27-year-old single man; and there is a 28-year-old woman who is courting you. Your career type is novelist. You evaluated her on six dimensions with scores out of 10. These are attractiveness: 4.0/10; sincerity: 6.0/10; intelligence: 6.0/10; being funny: 5.0/10; ambition: 5.0/10; shared interests: 2.0/10. Your importance weights for these attributes are: attractiveness: 21.0; sincerity: 17.0; intelligence: 22.0; being funny: 20.0; ambition: 8.0; shared interests: 13.0. Would you be willing to date this woman? And also tell me the reason. Your answer must be (YES) or (NO) followed by your reason. You must FOLLOW THIS RULE! You MUST NOT SAY other words.,NO; because the weighted average of your evaluation scores based on your importance weights results in a low compatibility score; suggesting that she may not meet your expectations in key areas that are important to you.,61,68,,0
Assume you are a 27-year-old man with career type novelist; currently matched with a partner. Your current partner's scores (out of 10): attractiveness: 6.0/10; sincerity: 8.0/10; intelligence: 8.0/10; being funny: 7.0/10; ambition: 7.0/10; shared interests: 8.0/10. A new woman is courting you with scores: attractiveness: 8.0/10; sincerity: 7.0/10; intelligence: 6.0/10; being funny: 5.0/10; ambition: 5.0/10; shared interests: 4.0/10. Your importance weights are: attractiveness: 21.0; sincerity: 17.0; intelligence: 22.0; being funny: 20.0; ambition: 8.0; shared interests: 13.0. Would you leave your current partner for the new woman? Your answer must be (YES) or (NO) followed by your reason. You must FOLLOW THIS RULE! You MUST NOT SAY other words.,NO; because the overall weighted score of your current partner is higher based on the importance weights you have assigned to each trait; indicating better compatibility compared to the new woman.,62,68,74,0
Assume you are a 28-year-old man with career type banker; currently matched with a partner. Your current partner's scores (out of 10): attractiveness: 6.0/10; sincerity: 8.0/10; intelligence: 8.0/10; being funny: 7.0/10; ambition: 7.0/10; shared interests: 8.0/10. A new woman is courting you with scores: attractiveness: 8.0/10; sincerity: 6.0/10; intelligence: 8.0/10; being funny: 6.0/10; ambition: 7.0/10; shared interests: nan/10. Your importance weights are: attractiveness: 50.0; sincerity: 10.0; intelligence: 30.0; being funny: 10.0; ambition: 0.0; shared interests: 0.0. Would you leave your current partner for the new woman? Your answer must be (YES) or (NO) followed by your reason. You must FOLLOW THIS RULE! You MUST NOT SAY other words.,NO; because your current partner has a higher sincerity score; which is significantly weighted in your value system compared to the new woman's lower sincerity and funniness scores.,62,69,74,0
Assume you are a 29-year-old woman with career type comedienne; currently matched with a partner. Your current partner's scores (out of 10): attractiveness: 4.0/10; sincerity: 6.0/10; intelligence: 6.0/10; being funny: 5.0/10; ambition: 4.0/10; shared interests: 4.0/10. A new man is courting you with scores: attractiveness: 9.0/10; sincerity: 10.0/10; intelligence: 10.0/10; being funny: 5.0/10; ambition: nan/10; shared interests: nan/10. Your importance weights are: attractiveness: 5.0; sincerity: 20.0; intelligence: 25.0; being funny: 15.0; ambition: 15.0; shared interests: 20.0. Would you leave your current partner for the new man? Your answer must be (YES) or (NO) followed by your reason. You must FOLLOW THIS RULE! You MUST NOT SAY other words.,NO; because the new man has unknown values for ambition and shared interests; which are important factors for you.,66,60,64,0
Assume you are a 28-year-old single woman; and there is a 24-year-old man who is courting you. Your career type is Academic. You evaluated him on six dimensions with scores out of 10. These are attractiveness: 6.0/10; sincerity: 8.0/10; intelligence: 8.0/10; being funny: 8.0/10; ambition: 8.0/10; shared interests: 5.0/10. Your importance weights for these attributes are: attractiveness: 15.0; sincerity: 15.0; intelligence: 20.0; being funny: 15.0; ambition: 15.0; shared interests: 20.0. Would you be willing to date this man? And also tell me the reason. Your answer must be (YES) or (NO) followed by your reason. You must FOLLOW THIS RULE! You MUST NOT SAY other words.,YES; because his high scores in sincerity; intelligence; ambition; and being funny align well with the weighted importance; compensating for the lower score in shared interests and attractiveness.,75,61,,1
Assume you are a 29-year-old woman with career type comedienne; currently matched with a partner. Your current partner's scores (out of 10): attractiveness: 5.0/10; sincerity: 7.0/10; intelligence: 9.0/10; being funny: 7.0/10; ambition: 5.0/10; shared interests: 4.0/10. A new man is courting you with scores: attractiveness: 6.0/10; sincerity: 10.0/10; intelligence: 10.0/10; being funny: 8.0/10; ambition: 8.0/10; shared interests: 8.0/10. Your importance weights are: attractiveness: 5.0; sincerity: 20.0; intelligence: 25.0; being funny: 15.0; ambition: 15.0; shared interests: 20.0. Would you leave your current partner for the new man? Your answer must be (YES) or (NO) followed by your reason. You must FOLLOW THIS RULE! You MUST NOT SAY other words.,YES; because the new man has higher scores in key areas that are significantly important to you; indicating a potentially deeper compatibility and fulfillment in the relationship.,70,60,63,1
Assume you are a 28-year-old single man; and there is a 24-year-old woman who is courting you. Your career type is banker. You evaluated her on six dimensions with scores out of 10. These are attractiveness: 1.0/10; sincerity: 6.0/10; intelligence: 8.0/10; being funny: 7.0/10; ambition: 9.0/10; shared interests: nan/10. Your importance weights for these attributes are: attractiveness: 50.0; sincerity: 10.0; intelligence: 30.0; being funny: 10.0; ambition: 0.0; shared interests: 0.0. Would you be willing to date this woman? And also tell me the reason. Your answer must be (YES) or (NO) followed by your reason. You must FOLLOW THIS RULE! You MUST NOT SAY other words.,NO; because attractiveness has the highest importance weight in your evaluation; and her score in that dimension is the lowest among all evaluated attributes.,63,69,,0
Assume you are a 24-year-old woman with career type Undecided; currently matched with a partner. Your current partner's scores (out of 10): attractiveness: 8.0/10; sincerity: 8.0/10; intelligence: 7.0/10; being funny: 7.0/10; ambition: 7.0/10; shared interests: 5.0/10. A new man is courting you with scores: attractiveness: 7.0/10; sincerity: 7.0/10; intelligence: 7.0/10; being funny: 5.0/10; ambition: 5.0/10; shared interests: 5.0/10. Your importance weights are: attractiveness: 5.0; sincerity: 15.0; intelligence: 45.0; being funny: 25.0; ambition: 0.0; shared interests: 10.0. Would you leave your current partner for the new man? Your answer must be (YES) or (NO) followed by your reason. You must FOLLOW THIS RULE! You MUST NOT SAY other words.,NO; because your current partner scores higher in categories that are more important to you; such as intelligence and being funny; which align better with your weighted preferences.,67,63,56,0
Assume you are a 28-year-old man with career type banker; currently matched with a partner. Your current partner's scores (out of 10): attractiveness: 3.0/10; sincerity: 9.0/10; intelligence: 9.0/10; being funny: 7.0/10; ambition: 9.0/10; shared interests: 7.0/10. A new woman is courting you with scores: attractiveness: 7.0/10; sincerity: 5.0/10; intelligence: 5.0/10; being funny: 7.0/10; ambition: 6.0/10; shared interests: nan/10. Your importance weights are: attractiveness: 50.0; sincerity: 10.0; intelligence: 30.0; being funny: 10.0; ambition: 0.0; shared interests: 0.0. Would you leave your current partner for the new woman? Your answer must be (YES) or (NO) followed by your reason. You must FOLLOW THIS RULE! You MUST NOT SAY other words.,NO; because your current partner scores significantly higher in the qualities that matter more to you such as sincerity and intelligence; despite the new woman being more attractive.,56,69,67,0
Assume you are a 24-year-old single woman; and there is a 27-year-old man who is courting you. Your career type is Undecided. You evaluated him on six dimensions with scores out of 10. These are attractiveness: 7.0/10; sincerity: 7.0/10; intelligence: 8.0/10; being funny: 5.0/10; ambition: 5.0/10; shared interests: 5.0/10. Your importance weights for these attributes are: attractiveness: 5.0; sincerity: 15.0; intelligence: 45.0; being funny: 25.0; ambition: 0.0; shared interests: 10.0. Would you be willing to date this man? And also tell me the reason. Your answer must be (YES) or (NO) followed by your reason. You must FOLLOW THIS RULE! You MUST NOT SAY other words.,NO; because intelligence has the highest importance weight and although his score is decent; the low ratings on being funny and shared interests combined with their relatively high importance weights significantly impact the overall compatibility assessment.,68,63,,0
Assume you are a 28-year-old man with career type banker; currently matched with a partner. Your current partner's scores (out of 10): attractiveness: 10.0/10; sincerity: 10.0/10; intelligence: 10.0/10; being funny: 10.0/10; ambition: 9.0/10; shared interests: 9.0/10. A new woman is courting you with scores: attractiveness: 4.0/10; sincerity: 7.0/10; intelligence: 7.0/10; being funny: 5.0/10; ambition: 5.0/10; shared interests: nan/10. Your importance weights are: attractiveness: 50.0; sincerity: 10.0; intelligence: 30.0; being funny: 10.0; ambition: 0.0; shared interests: 0.0. Would you leave your current partner for the new woman? Your answer must be (YES) or (NO) followed by your reason. You must FOLLOW THIS RULE! You MUST NOT SAY other words.,NO; because your current partner scores significantly higher in the categories you value most.,57,69,72,0
Assume you are a 28-year-old man with career type banker; currently matched with a partner. Your current partner's scores (out of 10): attractiveness: 6.0/10; sincerity: 10.0/10; intelligence: 10.0/10; being funny: 8.0/10; ambition: 8.0/10; shared interests: 8.0/10. A new woman is courting you with scores: attractiveness: 4.0/10; sincerity: 7.0/10; intelligence: 7.0/10; being funny: 4.0/10; ambition: 4.0/10; shared interests: nan/10. Your importance weights are: attractiveness: 50.0; sincerity: 10.0; intelligence: 30.0; being funny: 10.0; ambition: 0.0; shared interests: 0.0. Would you leave your current partner for the new woman? Your answer must be (YES) or (NO) followed by your reason. You must FOLLOW THIS RULE! You MUST NOT SAY other words.,NO; because your current partner scores higher in sincerity; intelligence; and being funny; which are important to you; and far exceeds the new woman in attractiveness which is your highest weighted category.,60,69,70,0
Assume you are a 24-year-old single woman; and there is a 28-year-old man who is courting you. Your career type is Undecided. You evaluated him on six dimensions with scores out of 10. These are attractiveness: 6.0/10; sincerity: 7.0/10; intelligence: 8.0/10; being funny: 5.0/10; ambition: 6.0/10; shared interests: 5.0/10. Your importance weights for these attributes are: attractiveness: 5.0; sincerity: 15.0; intelligence: 45.0; being funny: 25.0; ambition: 0.0; shared interests: 10.0. Would you be willing to date this man? And also tell me the reason. Your answer must be (YES) or (NO) followed by your reason. You must FOLLOW THIS RULE! You MUST NOT SAY other words.,NO; the weighted score for intelligence is high; indicating it's your priority; but his lower scores in being funny and shared interests; which are also significantly important to you; suggest that overall compatibility might not be enough to meet your expectations.,69,63,,0
Assume you are a 24-year-old woman with career type Undecided; currently matched with a partner. Your current partner's scores (out of 10): attractiveness: 10.0/10; sincerity: 9.0/10; intelligence: 9.0/10; being funny: 9.0/10; ambition: 7.0/10; shared interests: 8.0/10. A new man is courting you with scores: attractiveness: 3.0/10; sincerity: 8.0/10; intelligence: 8.0/10; being funny: 7.0/10; ambition: 8.0/10; shared interests: 3.0/10. Your importance weights are: attractiveness: 5.0; sincerity: 15.0; intelligence: 45.0; being funny: 25.0; ambition: 0.0; shared interests: 10.0. Would you leave your current partner for the new man? Your answer must be (YES) or (NO) followed by your reason. You must FOLLOW THIS RULE! You MUST NOT SAY other words.,NO; because your current partner scores higher in the categories you value most; such as intelligence; being funny; and sincerity; which align more closely with your importance weights.,74,63,62,0
Assume you are a 27-year-old single man; and there is a 24-year-old woman who is courting you. Your career type is novelist. You evaluated her on six dimensions with scores out of 10. These are attractiveness: 4.0/10; sincerity: 7.0/10; intelligence: 7.0/10; being funny: 6.0/10; ambition: 5.0/10; shared interests: 3.0/10. Your importance weights for these attributes are: attractiveness: 21.0; sincerity: 17.0; intelligence: 22.0; being funny: 20.0; ambition: 8.0; shared interests: 13.0. Would you be willing to date this woman? And also tell me the reason. Your answer must be (YES) or (NO) followed by your reason. You must FOLLOW THIS RULE! You MUST NOT SAY other words.,NO; because the weighted scores when multiplied by their importance weights are low for key attributes contributing to relationship compatibility; such as attractiveness; shared interests; and even ambition; which suggests that the overall satisfaction and compatibility might be lower than desired.,63,68,,0
Assume you are a 27-year-old man with career type novelist; currently matched with a partner. Your current partner's scores (out of 10): attractiveness: 5.0/10; sincerity: 7.0/10; intelligence: 7.0/10; being funny: 5.0/10; ambition: 7.0/10; shared interests: 5.0/10. A new woman is courting you with scores: attractiveness: 6.0/10; sincerity: 7.0/10; intelligence: 6.0/10; being funny: 7.0/10; ambition: 5.0/10; shared interests: 3.0/10. Your importance weights are: attractiveness: 21.0; sincerity: 17.0; intelligence: 22.0; being funny: 20.0; ambition: 8.0; shared interests: 13.0. Would you leave your current partner for the new woman? Your answer must be (YES) or (NO) followed by your reason. You must FOLLOW THIS RULE! You MUST NOT SAY other words.,NO; because the overall score computed from the weight of your importance for each trait suggests that your current partner aligns better with your values and priorities compared to the new woman.,65,68,71,0
Assume you are a 27-year-old man with career type novelist; currently matched with a partner. Your current partner's scores (out of 10): attractiveness: 3.0/10; sincerity: 9.0/10; intelligence: 9.0/10; being funny: 7.0/10; ambition: 9.0/10; shared interests: 7.0/10. A new woman is courting you with scores: attractiveness: 6.0/10; sincerity: 4.0/10; intelligence: 5.0/10; being funny: 6.0/10; ambition: 4.0/10; shared interests: 3.0/10. Your importance weights are: attractiveness: 21.0; sincerity: 17.0; intelligence: 22.0; being funny: 20.0; ambition: 8.0; shared interests: 13.0. Would you leave your current partner for the new woman? Your answer must be (YES) or (NO) followed by your reason. You must FOLLOW THIS RULE! You MUST NOT SAY other words.,NO; because your current partner scores higher in sincerity; intelligence; and ambition; which are more heavily weighted according to your own importance values.,56,68,67,0
Assume you are a 24-year-old woman with career type Undecided; currently matched with a partner. Your current partner's scores (out of 10): attractiveness: 4.0/10; sincerity: 6.0/10; intelligence: 6.0/10; being funny: 5.0/10; ambition: 4.0/10; shared interests: 4.0/10. A new man is courting you with scores: attractiveness: 2.0/10; sincerity: 7.0/10; intelligence: 7.0/10; being funny: 5.0/10; ambition: 4.0/10; shared interests: 2.0/10. Your importance weights are: attractiveness: 5.0; sincerity: 15.0; intelligence: 45.0; being funny: 25.0; ambition: 0.0; shared interests: 10.0. Would you leave your current partner for the new man? Your answer must be (YES) or (NO) followed by your reason. You must FOLLOW THIS RULE! You MUST NOT SAY other words.,NO; because the new man has significantly lower scores in attractiveness and shared interests; which combined with the low ambition might lead to less overall satisfaction despite the higher intelligence and sincerity.,66,63,64,0
Assume you are a 22-year-old man with career type Trading; currently matched with a partner. Your current partner's scores (out of 10): attractiveness: 6.0/10; sincerity: 10.0/10; intelligence: 10.0/10; being funny: 8.0/10; ambition: 8.0/10; shared interests: 8.0/10. A new woman is courting you with scores: attractiveness: 4.0/10; sincerity: 7.0/10; intelligence: 6.0/10; being funny: 6.0/10; ambition: 7.0/10; shared interests: 5.0/10. Your importance weights are: attractiveness: 30.0; sincerity: 10.0; intelligence: 20.0; being funny: 30.0; ambition: 0.0; shared interests: 10.0. Would you leave your current partner for the new woman? Your answer must be (YES) or (NO) followed by your reason. You must FOLLOW THIS RULE! You MUST NOT SAY other words.,NO; because your current partner scores higher on every quality that you value; particularly in areas where you assign the most weight like attractiveness; intelligence; and being funny.,60,73,70,0
Assume you are a 28-year-old man with career type banker; currently matched with a partner. Your current partner's scores (out of 10): attractiveness: 7.0/10; sincerity: 7.0/10; intelligence: 8.0/10; being funny: 6.0/10; ambition: 8.0/10; shared interests: 5.0/10. A new woman is courting you with scores: attractiveness: 4.0/10; sincerity: 6.0/10; intelligence: 8.0/10; being funny: 4.0/10; ambition: 9.0/10; shared interests: 1.0/10. Your importance weights are: attractiveness: 50.0; sincerity: 10.0; intelligence: 30.0; being funny: 10.0; ambition: 0.0; shared interests: 0.0. Would you leave your current partner for the new woman? Your answer must be (YES) or (NO) followed by your reason. You must FOLLOW THIS RULE! You MUST NOT SAY other words.,NO because the new woman scores significantly lower in the categories you value most; such as attractiveness and being funny; while only slightly higher in ambition; which you don't prioritize in importance.,64,69,66,0
Assume you are a 27-year-old man with career type novelist; currently matched with a partner. Your current partner's scores (out of 10): attractiveness: 7.0/10; sincerity: 7.0/10; intelligence: 8.0/10; being funny: 6.0/10; ambition: 8.0/10; shared interests: 5.0/10. A new woman is courting you with scores: attractiveness: 3.0/10; sincerity: 4.0/10; intelligence: 6.0/10; being funny: 3.0/10; ambition: 7.0/10; shared interests: 2.0/10. Your importance weights are: attractiveness: 21.0; sincerity: 17.0; intelligence: 22.0; being funny: 20.0; ambition: 8.0; shared interests: 13.0. Would you leave your current partner for the new woman? Your answer must be (YES) or (NO) followed by your reason. You must FOLLOW THIS RULE! You MUST NOT SAY other words.,NO; because your current partner scores higher in attractiveness; sincerity; intelligence; being funny; and shared interests which are highly weighted in your importance criteria.,64,68,66,0
Assume you are a 24-year-old single woman; and there is a 22-year-old man who is courting you. Your career type is Undecided. You evaluated him on six dimensions with scores out of 10. These are attractiveness: 4.0/10; sincerity: 5.0/10; intelligence: 5.0/10; being funny: 5.0/10; ambition: 8.0/10; shared interests: 5.0/10. Your importance weights for these attributes are: attractiveness: 5.0; sincerity: 15.0; intelligence: 45.0; being funny: 25.0; ambition: 0.0; shared interests: 10.0. Would you be willing to date this man? And also tell me the reason. Your answer must be (YES) or (NO) followed by your reason. You must FOLLOW THIS RULE! You MUST NOT SAY other words.,NO; because his scores on sincerity; intelligence; and being funny do not align well with their respective importance to you; particularly intelligence; which is highly valued at 45.0 importance but only rated as 5.0.,73,63,,0
Assume you are a 28-year-old man with career type banker; currently matched with a partner. Your current partner's scores (out of 10): attractiveness: 5.0/10; sincerity: 7.0/10; intelligence: 7.0/10; being funny: 5.0/10; ambition: 7.0/10; shared interests: 5.0/10. A new woman is courting you with scores: attractiveness: 5.0/10; sincerity: 6.0/10; intelligence: 5.0/10; being funny: 8.0/10; ambition: 6.0/10; shared interests: 2.0/10. Your importance weights are: attractiveness: 50.0; sincerity: 10.0; intelligence: 30.0; being funny: 10.0; ambition: 0.0; shared interests: 0.0. Would you leave your current partner for the new woman? Your answer must be (YES) or (NO) followed by your reason. You must FOLLOW THIS RULE! You MUST NOT SAY other words.,NO; because your current partner has higher overall scores that align better with your weighted preferences; particularly in intelligence and sincerity which are more important to you.,65,69,71,0
Assume you are a 28-year-old man with career type banker; currently matched with a partner. Your current partner's scores (out of 10): attractiveness: 6.0/10; sincerity: 8.0/10; intelligence: 8.0/10; being funny: 8.0/10; ambition: 8.0/10; shared interests: 5.0/10. A new woman is courting you with scores: attractiveness: 2.0/10; sincerity: 8.0/10; intelligence: 8.0/10; being funny: 4.0/10; ambition: 6.0/10; shared interests: 3.0/10. Your importance weights are: attractiveness: 50.0; sincerity: 10.0; intelligence: 30.0; being funny: 10.0; ambition: 0.0; shared interests: 0.0. Would you leave your current partner for the new woman? Your answer must be (YES) or (NO) followed by your reason. You must FOLLOW THIS RULE! You MUST NOT SAY other words.,NO; because the new woman scores significantly lower in attractiveness; which is your highest weighted criteria.,61,69,75,0
Assume you are a 24-year-old woman with career type Undecided; currently matched with a partner. Your current partner's scores (out of 10): attractiveness: 5.0/10; sincerity: 8.0/10; intelligence: 8.0/10; being funny: 7.0/10; ambition: 7.0/10; shared interests: 7.0/10. A new man is courting you with scores: attractiveness: 3.0/10; sincerity: 8.0/10; intelligence: 5.0/10; being funny: 3.0/10; ambition: 7.0/10; shared interests: 1.0/10. Your importance weights are: attractiveness: 5.0; sincerity: 15.0; intelligence: 45.0; being funny: 25.0; ambition: 0.0; shared interests: 10.0. Would you leave your current partner for the new man? Your answer must be (YES) or (NO) followed by your reason. You must FOLLOW THIS RULE! You MUST NOT SAY other words.,NO; because your current partner scores higher in categories that you value more; such as intelligence and being funny; which aligns better with your priorities.,72,63,57,0
Assume you are a 24-year-old woman with career type Undecided; currently matched with a partner. Your current partner's scores (out of 10): attractiveness: 8.0/10; sincerity: 8.0/10; intelligence: 9.0/10; being funny: 9.0/10; ambition: 8.0/10; shared interests: 6.0/10. A new man is courting you with scores: attractiveness: 1.0/10; sincerity: 7.0/10; intelligence: 5.0/10; being funny: 3.0/10; ambition: 5.0/10; shared interests: 1.0/10. Your importance weights are: attractiveness: 5.0; sincerity: 15.0; intelligence: 45.0; being funny: 25.0; ambition: 0.0; shared interests: 10.0. Would you leave your current partner for the new man? Your answer must be (YES) or (NO) followed by your reason. You must FOLLOW THIS RULE! You MUST NOT SAY other words.,NO; because your current partner scores higher in areas you find most important like intelligence; being funny; and sincerity; aligning better with your weighted preferences compared to the new man.,71,63,65,0
Assume you are a 22-year-old man with career type Trading; currently matched with a partner. Your current partner's scores (out of 10): attractiveness: 6.0/10; sincerity: 8.0/10; intelligence: 8.0/10; being funny: 7.0/10; ambition: 7.0/10; shared interests: 8.0/10. A new woman is courting you with scores: attractiveness: 7.0/10; sincerity: 7.0/10; intelligence: 7.0/10; being funny: 6.0/10; ambition: 5.0/10; shared interests: 5.0/10. Your importance weights are: attractiveness: 30.0; sincerity: 10.0; intelligence: 20.0; being funny: 30.0; ambition: 0.0; shared interests: 10.0. Would you leave your current partner for the new woman? Your answer must be (YES) or (NO) followed by your reason. You must FOLLOW THIS RULE! You MUST NOT SAY other words.,NO; because your current partner scores higher in sincerity; intelligence; being funny; and shared interests which are factors you value more based on your importance weights.,62,73,74,0
Assume you are a 24-year-old woman with career type Undecided; currently matched with a partner. Your current partner's scores (out of 10): attractiveness: 6.0/10; sincerity: 7.0/10; intelligence: 8.0/10; being funny: 6.0/10; ambition: 5.0/10; shared interests: 7.0/10. A new man is courting you with scores: attractiveness: 3.0/10; sincerity: 7.0/10; intelligence: 4.0/10; being funny: 2.0/10; ambition: 3.0/10; shared interests: 2.0/10. Your importance weights are: attractiveness: 5.0; sincerity: 15.0; intelligence: 45.0; being funny: 25.0; ambition: 0.0; shared interests: 10.0. Would you leave your current partner for the new man? Your answer must be (YES) or (NO) followed by your reason. You must FOLLOW THIS RULE! You MUST NOT SAY other words.,NO; because your current partner has higher scores in intelligence; being funny; and shared interests; which are more important to you based on your weightings.,75,63,61,0
Assume you are a 22-year-old single man; and there is a 24-year-old woman who is courting you. Your career type is Trading. You evaluated her on six dimensions with scores out of 10. These are attractiveness: 4.0/10; sincerity: 8.0/10; intelligence: 7.0/10; being funny: 6.0/10; ambition: 7.0/10; shared interests: 5.0/10. Your importance weights for these attributes are: attractiveness: 30.0; sincerity: 10.0; intelligence: 20.0; being funny: 30.0; ambition: 0.0; shared interests: 10.0. Would you be willing to date this woman? And also tell me the reason. Your answer must be (YES) or (NO) followed by your reason. You must FOLLOW THIS RULE! You MUST NOT SAY other words.,NO; because her scores in attractiveness and being funny; which are heavily weighted in your preferences; are relatively low; meaning she may not meet your key expectations in a relationship.,63,73,,0
Assume you are a 22-year-old man with career type Trading; currently matched with a partner. Your current partner's scores (out of 10): attractiveness: 7.0/10; sincerity: 7.0/10; intelligence: 8.0/10; being funny: 6.0/10; ambition: 8.0/10; shared interests: 5.0/10. A new woman is courting you with scores: attractiveness: 3.0/10; sincerity: 7.0/10; intelligence: 6.0/10; being funny: 6.0/10; ambition: 5.0/10; shared interests: 5.0/10. Your importance weights are: attractiveness: 30.0; sincerity: 10.0; intelligence: 20.0; being funny: 30.0; ambition: 0.0; shared interests: 10.0. Would you leave your current partner for the new woman? Your answer must be (YES) or (NO) followed by your reason. You must FOLLOW THIS RULE! You MUST NOT SAY other words.,NO because your current partner scores higher in categories that are most important to you such as attractiveness; intelligence; and being funny.,64,73,66,0
Assume you are a 22-year-old man with career type Trading; currently matched with a partner. Your current partner's scores (out of 10): attractiveness: 5.0/10; sincerity: 7.0/10; intelligence: 7.0/10; being funny: 5.0/10; ambition: 7.0/10; shared interests: 5.0/10. A new woman is courting you with scores: attractiveness: 6.0/10; sincerity: 8.0/10; intelligence: 7.0/10; being funny: 7.0/10; ambition: 6.0/10; shared interests: 5.0/10. Your importance weights are: attractiveness: 30.0; sincerity: 10.0; intelligence: 20.0; being funny: 30.0; ambition: 0.0; shared interests: 10.0. Would you leave your current partner for the new woman? Your answer must be (YES) or (NO) followed by your reason. You must FOLLOW THIS RULE! You MUST NOT SAY other words.,NO; because the weighted scores calculated based on your importance weights show that your current partner has a total of 350 while the new woman has a total of 370. The difference is not significant enough to justify ending a relationship; especially considering factors like relationship stability and emotional connection that aren't quantifiable in this scoring system.,65,73,71,0
Assume you are a 22-year-old man with career type Trading; currently matched with a partner. Your current partner's scores (out of 10): attractiveness: 6.0/10; sincerity: 8.0/10; intelligence: 8.0/10; being funny: 8.0/10; ambition: 8.0/10; shared interests: 5.0/10. A new woman is courting you with scores: attractiveness: 3.0/10; sincerity: 7.0/10; intelligence: 7.0/10; being funny: 3.0/10; ambition: 6.0/10; shared interests: 5.0/10. Your importance weights are: attractiveness: 30.0; sincerity: 10.0; intelligence: 20.0; being funny: 30.0; ambition: 0.0; shared interests: 10.0. Would you leave your current partner for the new woman? Your answer must be (YES) or (NO) followed by your reason. You must FOLLOW THIS RULE! You MUST NOT SAY other words.,NO; because your current partner has higher scores in categories that are important to you such as attractiveness; being funny; and intelligence.,61,73,75,0
