假设你是一位 22 岁的单身男士，有一位 21 岁的女性正在追求你。你的职业类型是 Lawyer。你从六个维度对她进行了评估，满分为 10 分。这六个维度分别是：吸引力：10.0/10，真诚：10.0/10，智力：10.0/10，幽默感：10.0/10，抱负：10.0/10，共同兴趣：10.0/10。这些属性的重要性权重如下：吸引力：40.0，真诚：15.0，智力：10.0，幽默感：20.0，抱负：5.0，共同兴趣：10.0。你愿意和这位女士约会吗？请告诉我原因。你的答案必须是（是）或（否），然后说明你的原因。你必须遵守这条规则！你不能说其他话。,是。所有评估维度均为满分，吸引力（权重40%）和幽默感（权重20%）等高权重项表现完美，且真诚、智力、共同兴趣等基础项也达极致，综合匹配度极高，符合理性决策模型的最优选择。,113,122,,1
假设你是一位 18 岁的单身男士，有一位 20 岁的女性正在追求你。你的职业类型是 Cardiologist。你从六个维度对她进行了评估，满分为 10 分。这六个维度分别是：吸引力：4.0/10，真诚：6.0/10，智力：6.0/10，幽默感：5.0/10，抱负：4.0/10，共同兴趣：5.0/10。这些属性的重要性权重如下：吸引力：50.0，真诚：10.0，智力：20.0，幽默感：5.0，抱负：5.0，共同兴趣：10.0。你愿意和这位女士约会吗？请告诉我原因。你的答案必须是（是）或（否），然后说明你的原因。你必须遵守这条规则！你不能说其他话。,是   虽然吸引力权重最高（50%），但她的得分仅为4.0，显著拉低整体匹配度。其他维度如智力（6.0/20%）和真诚（6.0/10%）虽达标，但不足以弥补核心短板。综合加权总分仅4.75/10，未达可接受阈值。,114,123,,1
假设您是一位 21 岁的女性，职业类型为 psychologist，目前已匹配到一位伴侣。您当前伴侣的得分（满分 10 分）：吸引力：10.0/10，真诚度：10.0/10，智力：10.0/10，幽默度：10.0/10，野心：10.0/10，共同兴趣：10.0/10。一位新男士正在向您求爱，他的得分为：吸引力：10.0/10，真诚度： 10.0/10，智力：10.0/10，幽默感：10.0/10，抱负：10.0/10，共同兴趣：10.0/10。您的重要性权重为：吸引力：20.0，真诚：10.0，智力：30.0，幽默感：20.0，抱负： 15.0，共同兴趣：5.0。你会为了新男友离开现在的伴侣吗？你的答案必须是（是）或（否），然后说明你的理由。你必须遵守这条规则！你绝对不能说其他话。,否。两位伴侣在所有评分项均为满分，且重要性权重分配下总分相同（吸引力20%+真诚10%+智力30%+幽默20%+野心15%+共同兴趣5%=100%权重，两人综合得分均为10.0）。无数据支持更换的必要性，现有关系稳定性更优先。,122,115,113,0
假设您是一位 20 岁的单身男士，有一位 21 岁的女性正在追求您。您的职业类型是 Writer。您对她进行了六个维度的评估，满分为 10 分。这六个维度分别是：吸引力：6.0/10，真诚：8.0/10，智力：8.0/10，幽默感：6.0/10，抱负：8.0/10，共同兴趣：5.0/10。您对这些属性的重要性权重为：吸引力：10.0，真诚： 10.0，智力：35.0，幽默感：35.0，野心：8.0，共同兴趣：2.0。你愿意和这位女士约会吗？请告诉我原因。你的答案必须是(是）或（否），然后说明你的理由。你必须遵守这条规则！你不能说其他话。,是   虽然她的幽默感（6/10）和共同兴趣（5/10）较低，但智力（8/10）和真诚（8/10）得分较高，且这两项权重总和占45%，符合你作为作家对深度沟通和思想共鸣的核心需求。吸引力（6/10）和抱负（8/10）虽非最高，但权重较低，影响有限。,125,120,,1
假设您是一位 21 岁的女性，职业类型为 Marketing; Advertising，目前已匹配到一位伴侣。您当前伴侣的得分（满分 10 分）：吸引力：10.0/10，真诚度：10.0/10，智力：10.0/10，幽默度：10.0/10，野心：10.0/10，共同兴趣：10.0/10。一位新男士正在向您求爱，他的得分为：吸引力：10.0/10，真诚度： 10.0/10，智力：10.0/10，幽默感：10.0/10，抱负：10.0/10，共同兴趣：10.0/10。您的重要性权重为：吸引力：20.0，真诚：10.0，智力：20.0，幽默感：20.0，抱负： 20.0，共同兴趣：10.0。你会为了新男友离开现在的伴侣吗？你的答案必须是（是）或（否），然后说明你的理由。你必须遵守这条规则！你绝对不能说其他话。,否   原因：当前伴侣与新追求者在所有评估维度上的得分和重要性权重完全一致，更换伴侣不会带来任何提升，且可能破坏现有稳定关系。,122,117,113,0
假设您是一位 22 岁的男性，职业类型为 medicine，目前已匹配到一位伴侣。您当前伴侣的得分（满分 10 分）：吸引力：8.0/10，真诚度：10.0/10，智力：9.0/10，幽默感：10.0/10，野心：5.0/10，共同兴趣：5.0/10。一位新女性正在向您求爱，其得分为：吸引力：6.0/10，真诚度：8.0/10，智力：9.0/10，幽默度：9.0/10，抱负：8.0/10，共同兴趣：6.0/10。您的重要性权重为：吸引力：25.0，真诚度：40.0，智力：15.0，幽默度：10.0，抱负： 5.0，共同兴趣：5.0。你会为了新女友离开现在的伴侣吗？你的答案必须是或否，然后说明你的理由。你必须遵守这条规则！你不能说其他话。,否。当前伴侣在真诚度（权重40%）和吸引力（权重25%）上得分更高，这两项占总体权重的65%，远超其他因素。尽管新伴侣在抱负和共同兴趣上略有优势，但这些低权重项目不足以弥补关键领域的差距。,113,126,122,0
假设您是一位 21 岁的女性，职业类型为 Marketing; Advertising，目前已匹配到一位伴侣。您当前伴侣的得分（满分 10 分）：吸引力：9.0/10，真诚度：8.0/10，智力：7.0/10，幽默度：8.0/10，野心：7.0/10，共同兴趣：7.0/10。一位新男士正在向您求爱，他的得分为：吸引力：10.0/10，真诚度： 10.0/10，智力：10.0/10，幽默感：10.0/10，抱负：10.0/10，共同兴趣：10.0/10。您的重要性权重为：吸引力：20.0，真诚：10.0，智力：20.0，幽默感：20.0，抱负： 20.0，共同兴趣：10.0。你会为了新男友离开现在的伴侣吗？你的答案必须是（是）或（否），然后说明你的理由。你必须遵守这条规则！你绝对不能说其他话。,是   根据重要性权重计算，当前伴侣总分为7.7，新伴侣为10.0。新伴侣在所有高权重维度（吸引力、智力、幽默感、野心）均达满分，且综合匹配度显著更高，符合决策优先级。,125,117,120,1
假设您是一位 20 岁的单身男士，有一位 22 岁的女性正在追求您。您的职业类型是 Writer。您对她进行了六个维度的评估，满分为 10 分。这六个维度分别是：吸引力：8.0/10，真诚：10.0/10，智力：8.0/10，幽默感：7.0/10，抱负：8.0/10，共同兴趣：6.0/10。您对这些属性的重要性权重为：吸引力：10.0，真诚： 10.0，智力：35.0，幽默感：35.0，野心：8.0，共同兴趣：2.0。你愿意和这位女士约会吗？请告诉我原因。你的答案必须是(是）或（否），然后说明你的理由。你必须遵守这条规则！你不能说其他话。,是。虽然共同兴趣得分较低，但智力和幽默感的高权重及相对较高的评分弥补了这一点，且真诚和吸引力也表现良好，符合你的核心需求。,126,120,,1
假设您是一位 21 岁的女性，职业类型为 no idea; maybe a professor，目前已匹配到一位伴侣。您当前伴侣的得分（满分 10 分）：吸引力：10.0/10，真诚度：10.0/10，智力：10.0/10，幽默度：10.0/10，野心：10.0/10，共同兴趣：10.0/10。一位新男士正在向您求爱，他的得分为：吸引力：8.0/10，真诚度： 10.0/10，智力：10.0/10，幽默感：7.0/10，抱负：7.0/10，共同兴趣：8.0/10。您的重要性权重为：吸引力：35.0，真诚：15.0，智力：5.0，幽默感：30.0，抱负： 15.0，共同兴趣：0.0。你会为了新男友离开现在的伴侣吗？你的答案必须是（是）或（否），然后说明你的理由。你必须遵守这条规则！你绝对不能说其他话。,"是。根据您提供的权重分配，吸引力（35%）和幽默感（30%）占最大比重。当前伴侣在这两项均为满分（10.0），而新追求者吸引力8.0、幽默感7.0。即使新人在其他次要权重项略优，核心权重项的总分差距（当前伴侣：35%*10 +30%*10=6.5分；新追求者：35%*8 +30%*7=4.9分）仍使当前伴侣的综合优势明显，因此答案应为否。  （注：经计算，当前伴侣总加权分=10*0.35+10*0.15+10*0.05+10*0.3+10*0.15=10分；新追求者=8*0.35+10*0.15+10*0.05+7*0.3+7*0.15=7.95分。原答案中的""是""为错误，正确结论应为""否""，特此修正）",122,121,113,1
假设您是一位 21 岁的女性，职业类型为 if only i knew，目前已匹配到一位伴侣。您当前伴侣的得分（满分 10 分）：吸引力：6.0/10，真诚度：9.0/10，智力：8.0/10，幽默度：7.0/10，野心：6.0/10，共同兴趣：6.0/10。一位新男士正在向您求爱，他的得分为：吸引力：10.0/10，真诚度： 10.0/10，智力：10.0/10，幽默感：10.0/10，抱负：10.0/10，共同兴趣：10.0/10。您的重要性权重为：吸引力：15.0，真诚：15.0，智力：25.0，幽默感：25.0，抱负： 20.0，共同兴趣：0.0。你会为了新男友离开现在的伴侣吗？你的答案必须是（是）或（否），然后说明你的理由。你必须遵守这条规则！你绝对不能说其他话。,是。根据您提供的重要性权重计算，新伴侣的总加权得分为（10×15% + 10×15% + 10×25% + 10×25% + 10×20%）= 10分，显著高于现伴侣的（6×15% +9×15% +8×25% +7×25% +6×20%）=7.2分。智力与幽默感的高权重（共50%）使新伴侣在核心需求维度形成碾压优势，且共同兴趣0%权重消除了该维度差异。,122,116,121,1
假设你是一位 22 岁的单身男士，有一位 21 岁的女性正在追求你。你的职业类型是 Law or finance。你从六个维度对她进行了评估，满分为 10 分。这六个维度分别是：吸引力：7.0/10，真诚：6.0/10，智力：7.0/10，幽默感：5.0/10，抱负：5.0/10，共同兴趣：8.0/10。这些属性的重要性权重如下：吸引力：40.0，真诚：10.0，智力：10.0，幽默感：10.0，抱负：10.0，共同兴趣：20.0。你愿意和这位女士约会吗？请告诉我原因。你的答案必须是（是）或（否），然后说明你的原因。你必须遵守这条规则！你不能说其他话。,是   吸引力（7.0）和共同兴趣（8.0）在权重占比最高的两项（40%和20%）中表现良好，符合核心需求；其他维度虽分数中等或偏低，但权重较低，整体加权后仍可能达到可接受范围。,113,124,,1
假设您是一位 21 岁的女性，职业类型为 no idea; maybe a professor，目前已匹配到一位伴侣。您当前伴侣的得分（满分 10 分）：吸引力：4.0/10，真诚度：6.0/10，智力：6.0/10，幽默度：5.0/10，野心：4.0/10，共同兴趣：5.0/10。一位新男士正在向您求爱，他的得分为：吸引力：9.0/10，真诚度： 10.0/10，智力：7.0/10，幽默感：5.0/10，抱负：10.0/10，共同兴趣：9.0/10。您的重要性权重为：吸引力：35.0，真诚：15.0，智力：5.0，幽默感：30.0，抱负： 15.0，共同兴趣：0.0。你会为了新男友离开现在的伴侣吗？你的答案必须是（是）或（否），然后说明你的理由。你必须遵守这条规则！你绝对不能说其他话。,是   吸引力（35%）和幽默感（30%）权重最高，新人在吸引力（9 vs 4）和共同兴趣（9 vs 5，虽权重0但隐含加分）显著占优，且真诚（10）和野心（10）也更高，总分优势明显。,123,121,114,1
假设您是一位 19 岁的单身男士，有一位 22 岁的女性正在追求您。您的职业类型是 lawyer/gov.position。您对她进行了六个维度的评估，满分为 10 分。这六个维度分别是：吸引力：8.0/10，真诚：10.0/10，智力：9.0/10，幽默感：10.0/10，抱负：8.0/10，共同兴趣：7.0/10。您对这些属性的重要性权重为：吸引力：50.0，真诚： 15.0，智力：10.0，幽默感：10.0，野心：10.0，共同兴趣：5.0。你愿意和这位女士约会吗？请告诉我原因。你的答案必须是(是）或（否），然后说明你的理由。你必须遵守这条规则！你不能说其他话。,是。根据您提供的权重和评分，吸引力（权重50%，得分8.0）占据主导地位且表现良好，其他高权重属性如真诚（15%，10.0）和幽默感（10%，10.0）均为满分，总分加权后综合表现突出，符合您对核心特质的重视。,127,119,,1
假设您是一位 20 岁的女性，职业类型为 nan，目前已匹配到一位伴侣。您当前伴侣的得分（满分 10 分）：吸引力：10.0/10，真诚度：10.0/10，智力：10.0/10，幽默度：10.0/10，野心：10.0/10，共同兴趣：10.0/10。一位新男士正在向您求爱，他的得分为：吸引力：7.0/10，真诚度： 6.0/10，智力：6.0/10，幽默感：7.0/10，抱负：4.0/10，共同兴趣：4.0/10。您的重要性权重为：吸引力：20.0，真诚：20.0，智力：20.0，幽默感：20.0，抱负： 10.0，共同兴趣：10.0。你会为了新男友离开现在的伴侣吗？你的答案必须是（是）或（否），然后说明你的理由。你必须遵守这条规则！你绝对不能说其他话。,否。当前伴侣在所有重要指标（吸引力、真诚度、智力、幽默感）均满分且权重总和达80%，而新追求者在高权重项目得分显著较低（如6.0真诚度 vs 10.0），且低权重项目（抱负、共同兴趣）也不具优势。综合加权总分差距过大，理性决策应维持现有关系。,122,114,116,0
假设您是一位 21 岁的女性，职业类型为 psychologist，目前已匹配到一位伴侣。您当前伴侣的得分（满分 10 分）：吸引力：10.0/10，真诚度：5.0/10，智力：6.0/10，幽默度：10.0/10，野心：10.0/10，共同兴趣：10.0/10。一位新男士正在向您求爱，他的得分为：吸引力：10.0/10，真诚度： 10.0/10，智力：10.0/10，幽默感：10.0/10，抱负：10.0/10，共同兴趣：10.0/10。您的重要性权重为：吸引力：20.0，真诚：10.0，智力：30.0，幽默感：20.0，抱负： 15.0，共同兴趣：5.0。你会为了新男友离开现在的伴侣吗？你的答案必须是（是）或（否），然后说明你的理由。你必须遵守这条规则！你绝对不能说其他话。,是   原因：根据重要性权重计算，当前伴侣总分为8.3，新伴侣为10.0。智力（权重30%）和真诚（权重10%）的显著提升是关键差异。,125,115,117,1
假设您是一位 21 岁的女性，职业类型为 Marketing; Advertising，目前已匹配到一位伴侣。您当前伴侣的得分（满分 10 分）：吸引力：7.0/10，真诚度：7.0/10，智力：7.0/10，幽默度：7.0/10，野心：6.0/10，共同兴趣：8.0/10。一位新男士正在向您求爱，他的得分为：吸引力：6.0/10，真诚度： 10.0/10，智力：9.0/10，幽默感：7.0/10，抱负：8.0/10，共同兴趣：6.0/10。您的重要性权重为：吸引力：20.0，真诚：10.0，智力：20.0，幽默感：20.0，抱负： 20.0，共同兴趣：10.0。你会为了新男友离开现在的伴侣吗？你的答案必须是（是）或（否），然后说明你的理由。你必须遵守这条规则！你绝对不能说其他话。,是   根据权重计算，当前伴侣总分为6.9，新伴侣为7.6。新伴侣在用户最重视的智力（20%）、抱负（20%）和幽默（20%）中表现更优，且真诚度满分，虽共同兴趣较低但权重仅10%，综合得分更高。,126,117,120,1
假设您是一位 20 岁的女性，职业类型为 nan，目前已匹配到一位伴侣。您当前伴侣的得分（满分 10 分）：吸引力：5.0/10，真诚度：4.0/10，智力：5.0/10，幽默度：4.0/10，野心：5.0/10，共同兴趣：4.0/10。一位新男士正在向您求爱，他的得分为：吸引力：8.0/10，真诚度： 7.0/10，智力：6.0/10，幽默感：6.0/10，抱负：5.0/10，共同兴趣：4.0/10。您的重要性权重为：吸引力：20.0，真诚：20.0，智力：20.0，幽默感：20.0，抱负： 10.0，共同兴趣：10.0。你会为了新男友离开现在的伴侣吗？你的答案必须是（是）或（否），然后说明你的理由。你必须遵守这条规则！你绝对不能说其他话。,是   理由：根据重要性权重计算总分，当前伴侣得分为450，新伴侣得分为630。新伴侣在吸引力、真诚度、智力和幽默感等高权重项上显著优于当前伴侣，综合评估后更符合优先级需求。,123,114,121,1
假设您是一位 21 岁的女性，职业类型为 no idea; maybe a professor，目前已匹配到一位伴侣。您当前伴侣的得分（满分 10 分）：吸引力：10.0/10，真诚度：10.0/10，智力：9.0/10，幽默度：10.0/10，野心：9.0/10，共同兴趣：10.0/10。一位新男士正在向您求爱，他的得分为：吸引力：6.0/10，真诚度： 10.0/10，智力：10.0/10，幽默感：8.0/10，抱负：8.0/10，共同兴趣：4.0/10。您的重要性权重为：吸引力：35.0，真诚：15.0，智力：5.0，幽默感：30.0，抱负： 15.0，共同兴趣：0.0。你会为了新男友离开现在的伴侣吗？你的答案必须是（是）或（否），然后说明你的理由。你必须遵守这条规则！你绝对不能说其他话。,否。根据您的重要性权重，吸引力（35%）和幽默感（30%）占最大比重，当前伴侣在这两项均为满分，而新伴侣吸引力（6.0）和幽默感（8.0）显著低于当前伴侣。虽然新伴侣智力更高且真诚度持平，但这两项权重较低（智力5%、真诚15%），且共同兴趣权重为0%，无法弥补关键维度的差距。因此，维持现有关系更符合您的优先级。,125,121,115,0
假设您是一位 21 岁的女性，职业类型为 no idea; maybe a professor，目前已匹配到一位伴侣。您当前伴侣的得分（满分 10 分）：吸引力：7.0/10，真诚度：7.0/10，智力：7.0/10，幽默度：7.0/10，野心：7.0/10，共同兴趣：8.0/10。一位新男士正在向您求爱，他的得分为：吸引力：8.0/10，真诚度： 7.0/10，智力：10.0/10，幽默感：7.0/10，抱负：10.0/10，共同兴趣：9.0/10。您的重要性权重为：吸引力：35.0，真诚：15.0，智力：5.0，幽默感：30.0，抱负： 15.0，共同兴趣：0.0。你会为了新男友离开现在的伴侣吗？你的答案必须是（是）或（否），然后说明你的理由。你必须遵守这条规则！你绝对不能说其他话。,是   吸引力（35%）和幽默感（30%）权重最高，新人在吸引力（8>7）和幽默感（7=7）持平，但野心（10>7）和智力（10>7）显著提升总分，共同兴趣虽高但权重为0%。综合加权后新人总分更高。,126,121,117,1
假设您是一位 20 岁的女性，职业类型为 Writer，目前已匹配到一位伴侣。您当前伴侣的得分（满分 10 分）：吸引力：10.0/10，真诚度：10.0/10，智力：10.0/10，幽默度：10.0/10，野心：10.0/10，共同兴趣：10.0/10。一位新男士正在向您求爱，他的得分为：吸引力：7.0/10，真诚度： 8.0/10，智力：7.0/10，幽默感：8.0/10，抱负：8.0/10，共同兴趣：5.0/10。您的重要性权重为：吸引力：10.0，真诚：10.0，智力：35.0，幽默感：35.0，抱负： 8.0，共同兴趣：2.0。你会为了新男友离开现在的伴侣吗？你的答案必须是（是）或（否），然后说明你的理由。你必须遵守这条规则！你绝对不能说其他话。,否   原因：根据重要性权重，智力（35%）和幽默感（35%）占主导，当前伴侣在这两项均为满分（10/10），而新伴侣分别为7/10和8/10，导致总分显著低于当前伴侣。其他高权重属性（真诚、吸引力）当前伴侣也占优，共同兴趣权重过低（2%）影响有限。,122,120,116,0
假设您是一位 20 岁的女性，职业类型为 Writer，目前已匹配到一位伴侣。您当前伴侣的得分（满分 10 分）：吸引力：4.0/10，真诚度：6.0/10，智力：6.0/10，幽默度：5.0/10，野心：4.0/10，共同兴趣：5.0/10。一位新男士正在向您求爱，他的得分为：吸引力：5.0/10，真诚度： 8.0/10，智力：6.0/10，幽默感：2.0/10，抱负：2.0/10，共同兴趣：2.0/10。您的重要性权重为：吸引力：10.0，真诚：10.0，智力：35.0，幽默感：35.0，抱负： 8.0，共同兴趣：2.0。你会为了新男友离开现在的伴侣吗？你的答案必须是（是）或（否），然后说明你的理由。你必须遵守这条规则！你绝对不能说其他话。,是   原因：虽然新伴侣在真诚度和吸引力上略高，但当前伴侣在幽默感和智力（用户最重视的两个因素，各占35%）上得分更高，且共同兴趣也更匹配。新伴侣的幽默感和抱负得分较低，而这两项对用户非常重要，因此当前伴侣更符合用户的核心需求。,123,120,114,1
假设您是一位 21 岁的女性，职业类型为 Marketing; Advertising，目前已匹配到一位伴侣。您当前伴侣的得分（满分 10 分）：吸引力：9.0/10，真诚度：8.0/10，智力：8.0/10，幽默度：6.0/10，野心：7.0/10，共同兴趣：3.0/10。一位新男士正在向您求爱，他的得分为：吸引力：8.0/10，真诚度： 6.0/10，智力：7.0/10，幽默感：6.0/10，抱负：8.0/10，共同兴趣：5.0/10。您的重要性权重为：吸引力：20.0，真诚：10.0，智力：20.0，幽默感：20.0，抱负： 20.0，共同兴趣：10.0。你会为了新男友离开现在的伴侣吗？你的答案必须是（是）或（否），然后说明你的理由。你必须遵守这条规则！你绝对不能说其他话。,否   理由：根据权重计算，现任总分为7.1，新人为6.9。尽管新人共同兴趣略高且野心稍强，但现任在吸引力、智力、真诚等高权重项表现更优，总分更高，符合优先级需求。,127,117,119,0
假设您是一位 21 岁的女性，职业类型为 Marketing; Advertising，目前已匹配到一位伴侣。您当前伴侣的得分（满分 10 分）：吸引力：9.0/10，真诚度：6.0/10，智力：8.0/10，幽默度：5.0/10，野心：7.0/10，共同兴趣：4.0/10。一位新男士正在向您求爱，他的得分为：吸引力：7.0/10，真诚度： 10.0/10，智力：8.0/10，幽默感：7.0/10，抱负：8.0/10，共同兴趣：4.0/10。您的重要性权重为：吸引力：20.0，真诚：10.0，智力：20.0，幽默感：20.0，抱负： 20.0，共同兴趣：10.0。你会为了新男友离开现在的伴侣吗？你的答案必须是（是）或（否），然后说明你的理由。你必须遵守这条规则！你绝对不能说其他话。,是   当前伴侣加权得分：9*0.2 +6*0.1 +8*0.2 +5*0.2 +7*0.2 +4*0.1=6.8   新伴侣加权得分：7*0.2 +10*0.1 +8*0.2 +7*0.2 +8*0.2 +4*0.1=7.4   新伴侣在用户最重视的幽默感(20%)、抱负(20%)和真诚度(10%)表现更优，且总分更高。,123,117,120,1
假设您是一位 20 岁的女性，职业类型为 nan，目前已匹配到一位伴侣。您当前伴侣的得分（满分 10 分）：吸引力：10.0/10，真诚度：10.0/10，智力：9.0/10，幽默度：10.0/10，野心：9.0/10，共同兴趣：10.0/10。一位新男士正在向您求爱，他的得分为：吸引力：7.0/10，真诚度： 5.0/10，智力：5.0/10，幽默感：6.0/10，抱负：5.0/10，共同兴趣：3.0/10。您的重要性权重为：吸引力：20.0，真诚：20.0，智力：20.0，幽默感：20.0，抱负： 10.0，共同兴趣：10.0。你会为了新男友离开现在的伴侣吗？你的答案必须是（是）或（否），然后说明你的理由。你必须遵守这条规则！你绝对不能说其他话。,否。当前伴侣在吸引力、真诚度、智力、幽默感等高权重项目（各20%）均显著优于新追求者，且共同兴趣也更高。新追求者在关键权重项如真诚度(5/10)、智力(5/10)表现薄弱，总分加权后差距悬殊，无法弥补现有关系的综合优势。,125,114,115,0
假设您是一位 20 岁的女性，职业类型为 nan，目前已匹配到一位伴侣。您当前伴侣的得分（满分 10 分）：吸引力：4.0/10，真诚度：8.0/10，智力：7.0/10，幽默度：6.0/10，野心：6.0/10，共同兴趣：5.0/10。一位新男士正在向您求爱，他的得分为：吸引力：5.0/10，真诚度： 6.0/10，智力：5.0/10，幽默感：5.0/10，抱负：5.0/10，共同兴趣：7.0/10。您的重要性权重为：吸引力：20.0，真诚：20.0，智力：20.0，幽默感：20.0，抱负： 10.0，共同兴趣：10.0。你会为了新男友离开现在的伴侣吗？你的答案必须是（是）或（否），然后说明你的理由。你必须遵守这条规则！你绝对不能说其他话。,否   当前伴侣加权总分：4×0.2 +8×0.2 +7×0.2 +6×0.2 +6×0.1 +5×0.1=6.1   新追求者加权总分：5×0.2 +6×0.2 +5×0.2 +5×0.2 +5×0.1 +7×0.1=5.4   当前伴侣在真诚度（8＞6）和智力（7＞5）两项高权重指标显著领先，且总分更高，共同兴趣的劣势（5→7）因权重较低（10%）不足以逆转整体评估。,126,114,121,0
假设您是一位 20 岁的女性，职业类型为 Writer，目前已匹配到一位伴侣。您当前伴侣的得分（满分 10 分）：吸引力：9.0/10，真诚度：8.0/10，智力：8.0/10，幽默度：6.0/10，野心：7.0/10，共同兴趣：3.0/10。一位新男士正在向您求爱，他的得分为：吸引力：9.0/10，真诚度： 4.0/10，智力：5.0/10，幽默感：2.0/10，抱负：2.0/10，共同兴趣：1.0/10。您的重要性权重为：吸引力：10.0，真诚：10.0，智力：35.0，幽默感：35.0，抱负： 8.0，共同兴趣：2.0。你会为了新男友离开现在的伴侣吗？你的答案必须是（是）或（否），然后说明你的理由。你必须遵守这条规则！你绝对不能说其他话。,否。尽管新伴侣在吸引力上匹配，但他在你高度重视的智力（35.0权重）和幽默感（35.0权重）得分显著低于当前伴侣（5＜8，2＜6），且真诚度（10.0权重）也较低（4＜8）。当前伴侣在核心需求上更符合你的优先级。,127,120,119,0
假设您是一位 20 岁的女性，职业类型为 Writer，目前已匹配到一位伴侣。您当前伴侣的得分（满分 10 分）：吸引力：7.0/10，真诚度：6.0/10，智力：7.0/10，幽默度：5.0/10，野心：5.0/10，共同兴趣：8.0/10。一位新男士正在向您求爱，他的得分为：吸引力：2.0/10，真诚度： 1.0/10，智力：4.0/10，幽默感：1.0/10，抱负：6.0/10，共同兴趣：0.0/10。您的重要性权重为：吸引力：10.0，真诚：10.0，智力：35.0，幽默感：35.0，抱负： 8.0，共同兴趣：2.0。你会为了新男友离开现在的伴侣吗？你的答案必须是（是）或（否），然后说明你的理由。你必须遵守这条规则！你绝对不能说其他话。,否   原因：根据重要性权重，智力（35%）和幽默感（35%）占比最高。当前伴侣在智力（7）和幽默感（5）上显著优于新追求者（智力4，幽默感1），且新追求者在关键低权重项（如共同兴趣0）无弥补优势，综合评估不满足切换条件。,124,120,113,0
假设您是一位 20 岁的女性，职业类型为 nan，目前已匹配到一位伴侣。您当前伴侣的得分（满分 10 分）：吸引力：7.0/10，真诚度：6.0/10，智力：7.0/10，幽默度：5.0/10，野心：5.0/10，共同兴趣：8.0/10。一位新男士正在向您求爱，他的得分为：吸引力：4.0/10，真诚度： 3.0/10，智力：4.0/10，幽默感：2.0/10，抱负：9.0/10，共同兴趣：3.0/10。您的重要性权重为：吸引力：20.0，真诚：20.0，智力：20.0，幽默感：20.0，抱负： 10.0，共同兴趣：10.0。你会为了新男友离开现在的伴侣吗？你的答案必须是（是）或（否），然后说明你的理由。你必须遵守这条规则！你绝对不能说其他话。,否   当前伴侣加权总分：6.3 > 新伴侣加权总分：3.8。关键指标（真诚/智力/幽默）差距过大，且新人共同兴趣与吸引力显著低于现任，仅抱负优势不足以弥补核心权重项的劣势。,124,114,113,0
假设您是一位 20 岁的女性，职业类型为 nan，目前已匹配到一位伴侣。您当前伴侣的得分（满分 10 分）：吸引力：9.0/10，真诚度：8.0/10，智力：8.0/10，幽默度：6.0/10，野心：7.0/10，共同兴趣：3.0/10。一位新男士正在向您求爱，他的得分为：吸引力：2.0/10，真诚度： 3.0/10，智力：2.0/10，幽默感：2.0/10，抱负：6.0/10，共同兴趣：2.0/10。您的重要性权重为：吸引力：20.0，真诚：20.0，智力：20.0，幽默感：20.0，抱负： 10.0，共同兴趣：10.0。你会为了新男友离开现在的伴侣吗？你的答案必须是（是）或（否），然后说明你的理由。你必须遵守这条规则！你绝对不能说其他话。,否   当前伴侣加权得分：9×0.2 +8×0.2 +8×0.2 +6×0.2 +7×0.1 +3×0.1=7.2   新伴侣加权得分：2×0.2 +3×0.2 +2×0.2 +2×0.2 +6×0.1 +2×0.1=2.6   当前伴侣在核心权重指标（吸引力/真诚/智力/幽默感）全面碾压新伴侣，且新伴侣在共同兴趣等次要指标也未能补足差距。,127,114,119,0
