假设你是一位 21 岁的单身男士，有一位 23 岁的女性正在追求你。你的职业类型是 academician。你从六个维度对她进行了评估，满分为 10 分。这六个维度分别是：吸引力：6.0/10，真诚：5.0/10，智力：6.0/10，幽默感：5.0/10，抱负：5.0/10，共同兴趣：5.0/10。这些属性的重要性权重如下：吸引力：15.56，真诚：11.11，智力：22.22，幽默感：15.56，抱负：20.0，共同兴趣：15.56。你愿意和这位女士约会吗？请告诉我原因。你的答案必须是（是）或（否），然后说明你的原因。你必须遵守这条规则！你不能说其他话。,否。加权总分较低（5.38/10），关键高权重维度（智力22.22%、抱负20%）仅达及格线，未达学术背景者潜在期待值。,175,188,,0
假设您是一位 35 岁的单身男士，有一位 25 岁的女性正在追求您。您的职业类型是 health policy。您对她进行了六个维度的评估，满分为 10 分。这六个维度分别是：吸引力：7.0/10，真诚：7.0/10，智力：7.0/10，幽默感：6.0/10，抱负：nan/10，共同兴趣：nan/10。您对这些属性的重要性权重为：吸引力：15.22，真诚： 17.39，智力：17.39，幽默感：17.39，野心：15.22，共同兴趣：17.39。你愿意和这位女士约会吗？请告诉我原因。你的答案必须是(是）或（否），然后说明你的理由。你必须遵守这条规则！你不能说其他话。,否，因为关键维度（野心、共同兴趣）缺乏评估，而它们在总权重中占32.61%，无法全面判断兼容性。现有维度得分中等，但幽默感略低，不足以弥补缺失信息带来的不确定性。,185,178,,0
假设您是一位 35 岁的单身男士，有一位 21 岁的女性正在追求您。您的职业类型是 health policy。您对她进行了六个维度的评估，满分为 10 分。这六个维度分别是：吸引力：5.0/10，真诚：6.0/10，智力：7.0/10，幽默感：5.0/10，抱负：nan/10，共同兴趣：nan/10。您对这些属性的重要性权重为：吸引力：15.22，真诚： 17.39，智力：17.39，幽默感：17.39，野心：15.22，共同兴趣：17.39。你愿意和这位女士约会吗？请告诉我原因。你的答案必须是(是）或（否），然后说明你的理由。你必须遵守这条规则！你不能说其他话。,否。关键维度（野心、共同兴趣）缺乏评估，且现有评分在真诚、智力等权重较高的方面未达显著优势，年龄差距可能影响长期契合度。,188,178,,0
假设你是一位 27 岁的单身男士，有一位 22 岁的女性正在追求你。你的职业类型是 Child Rights。你从六个维度对她进行了评估，满分为 10 分。这六个维度分别是：吸引力：5.0/10，真诚：6.0/10，智力：6.0/10，幽默感：5.0/10，抱负：9.0/10，共同兴趣：5.0/10。这些属性的重要性权重如下：吸引力：16.98，真诚：16.98，智力：16.98，幽默感：16.98，抱负：16.98，共同兴趣：15.09。你愿意和这位女士约会吗？请告诉我原因。你的答案必须是（是）或（否），然后说明你的原因。你必须遵守这条规则！你不能说其他话。,否。虽然她的抱负（9.0/10）与你的职业（Child Rights）高度契合，但其他关键维度（吸引力、真诚、智力、幽默感、共同兴趣）评分中等或偏低，且这些维度的权重均较高（16.98%）。共同兴趣（5.0/10）不足可能影响长期互动，综合评估后匹配度未达理想水平。,177,189,,0
假设您是一位 22 岁的单身男士，有一位 28 岁的女性正在追求您。您的职业类型是 Epidemiologist。您对她进行了六个维度的评估，满分为 10 分。这六个维度分别是：吸引力：9.0/10，真诚：9.0/10，智力：9.0/10，幽默感：9.0/10，抱负：9.0/10，共同兴趣：8.0/10。您对这些属性的重要性权重为：吸引力：16.07，真诚： 17.86，智力：17.86，幽默感：17.86，野心：17.86，共同兴趣：12.5。你愿意和这位女士约会吗？请告诉我原因。你的答案必须是(是）或（否），然后说明你的理由。你必须遵守这条规则！你不能说其他话。,是。各高权重维度（真诚、智力、幽默感、抱负）均获9分，符合核心需求，共同兴趣虽略低但权重最低，整体适配度高。,191,182,,1
假设您是一位 30 岁的单身男士，有一位 24 岁的女性正在追求您。您的职业类型是 academics。您对她进行了六个维度的评估，满分为 10 分。这六个维度分别是：吸引力：4.0/10，真诚：8.0/10，智力：7.0/10，幽默感：6.0/10，抱负：6.0/10，共同兴趣：7.0/10。您对这些属性的重要性权重为：吸引力：19.15，真诚： 21.28，智力：17.02，幽默感：17.02，野心：12.77，共同兴趣：12.77。你愿意和这位女士约会吗？请告诉我原因。你的答案必须是(是）或（否），然后说明你的理由。你必须遵守这条规则！你不能说其他话。,是。尽管吸引力较低（4.0），但真诚（8.0）和智力（7.0）的高分与高权重（21.28% 和 17.02%）显著提升了整体匹配度，符合您作为 academics 对核心价值的重视。其他维度（幽默感、抱负、共同兴趣）均达及格以上，支持进一步尝试。,186,179,,1
假设您是一位 29 岁的单身男士，有一位 24 岁的女性正在追求您。您的职业类型是 Finance。您对她进行了六个维度的评估，满分为 10 分。这六个维度分别是：吸引力：6.0/10，真诚：5.0/10，智力：6.0/10，幽默感：7.0/10，抱负：7.0/10，共同兴趣：7.0/10。您对这些属性的重要性权重为：吸引力：9.52，真诚： 23.81，智力：16.67，幽默感：16.67，野心：16.67，共同兴趣：16.67。你愿意和这位女士约会吗？请告诉我原因。你的答案必须是(是）或（否），然后说明你的理由。你必须遵守这条规则！你不能说其他话。,否。真诚的权重最高（23.81），但她的真诚得分仅为5.0/10，显著低于其他核心维度（如幽默感、抱负等均7.0）。尽管其他属性符合或接近预期，但真诚不足可能影响信任与长期关系的基础，因此不符合核心需求。,192,174,,0
假设你是一位 24 岁的单身男士，有一位 28 岁的女性正在追求你。你的职业类型是 Investment Management。你从六个维度对她进行了评估，满分为 10 分。这六个维度分别是：吸引力：7.0/10，真诚：8.0/10，智力：9.0/10，幽默感：3.0/10，抱负：9.0/10，共同兴趣：3.0/10。这些属性的重要性权重如下：吸引力：19.57，真诚：19.57，智力：15.22，幽默感：17.39，抱负：15.22，共同兴趣：13.04。你愿意和这位女士约会吗？请告诉我原因。你的答案必须是（是）或（否），然后说明你的原因。你必须遵守这条规则！你不能说其他话。,否。尽管她在真诚、智力和抱负方面得分较高，但幽默感（3.0/10，权重17.39%）和共同兴趣（3.0/10，权重13.04%）的严重不足，可能影响长期相处的兼容性与情感联结，尤其幽默感在权重中占关键地位。理性权衡后，短板风险超过优势收益。,176,192,,0
假设你是一位 34 岁的单身男士，有一位 24 岁的女性正在追求你。你的职业类型是 International Business。你从六个维度对她进行了评估，满分为 10 分。这六个维度分别是：吸引力：10.0/10，真诚：10.0/10，智力：10.0/10，幽默感：10.0/10，抱负：10.0/10，共同兴趣：10.0/10。这些属性的重要性权重如下：吸引力：16.67，真诚：16.67，智力：16.67，幽默感：16.67，抱负：16.67，共同兴趣：16.67。你愿意和这位女士约会吗？请告诉我原因。你的答案必须是（是）或（否），然后说明你的原因。你必须遵守这条规则！你不能说其他话。,是。所有评估维度均为满分且权重均等，显示她在各方面均完美契合，无潜在顾虑，年龄差异在全面契合下不构成障碍。,183,184,,1
假设你是一位 25 岁的单身男士，有一位 23 岁的女性正在追求你。你的职业类型是 Development work on field in the middle of nowhere。你从六个维度对她进行了评估，满分为 10 分。这六个维度分别是：吸引力：9.0/10，真诚：8.0/10，智力：8.0/10，幽默感：9.0/10，抱负：8.0/10，共同兴趣：10.0/10。这些属性的重要性权重如下：吸引力：15.56，真诚：20.0，智力：20.0，幽默感：20.0，抱负：13.33，共同兴趣：11.11。你愿意和这位女士约会吗？请告诉我原因。你的答案必须是（是）或（否），然后说明你的原因。你必须遵守这条规则！你不能说其他话。,是。真诚、智力和幽默感（各20%权重）得分较高（8.0/8.0/9.0），吸引力（15.56%权重）达9.0，共同兴趣满分（11.11%权重），虽抱负（13.33%）略低但权重最低，综合加权后符合核心需求。,175,190,,1
假设您是一位 35 岁的单身男士，有一位 27 岁的女性正在追求您。您的职业类型是 health policy。您对她进行了六个维度的评估，满分为 10 分。这六个维度分别是：吸引力：7.0/10，真诚：7.0/10，智力：7.0/10，幽默感：5.0/10，抱负：nan/10，共同兴趣：nan/10。您对这些属性的重要性权重为：吸引力：15.22，真诚： 17.39，智力：17.39，幽默感：17.39，野心：15.22，共同兴趣：17.39。你愿意和这位女士约会吗？请告诉我原因。你的答案必须是(是）或（否），然后说明你的理由。你必须遵守这条规则！你不能说其他话。,否。关键维度（共同兴趣、抱负）缺乏评估，且幽默感得分低于权重较高的期望值，可能影响长期相容性。需更多信息或改进幽默互动。,189,178,,0
假设你是一位 27 岁的单身男士，有一位 29 岁的女性正在追求你。你的职业类型是 Child Rights。你从六个维度对她进行了评估，满分为 10 分。这六个维度分别是：吸引力：5.0/10，真诚：8.0/10，智力：7.0/10，幽默感：5.0/10，抱负：5.0/10，共同兴趣：4.0/10。这些属性的重要性权重如下：吸引力：16.98，真诚：16.98，智力：16.98，幽默感：16.98，抱负：16.98，共同兴趣：15.09。你愿意和这位女士约会吗？请告诉我原因。你的答案必须是（是）或（否），然后说明你的原因。你必须遵守这条规则！你不能说其他话。,否。虽然她在真诚和智力方面得分较高，但其他关键维度如吸引力、幽默感、抱负和共同兴趣均低于平均水平，且权重相近。共同兴趣的低分（4.0）尤其可能影响长期互动，而职业属性（Child Rights）暗示对价值观契合的需求较高，综合评估未达均衡匹配。,174,189,,0
假设您是一位 29 岁的女性，职业类型为 Finance，目前已匹配到一位伴侣。您当前伴侣的得分（满分 10 分）：吸引力：10.0/10，真诚度：10.0/10，智力：10.0/10，幽默度：10.0/10，野心：10.0/10，共同兴趣：10.0/10。一位新男士正在向您求爱，他的得分为：吸引力：5.0/10，真诚度： 6.0/10，智力：6.0/10，幽默感：6.0/10，抱负：6.0/10，共同兴趣：6.0/10。您的重要性权重为：吸引力：9.52，真诚：23.81，智力：16.67，幽默感：16.67，抱负： 16.67，共同兴趣：16.67。你会为了新男友离开现在的伴侣吗？你的答案必须是（是）或（否），然后说明你的理由。你必须遵守这条规则！你绝对不能说其他话。,否。当前伴侣在所有高权重维度（真诚度23.81，智力/幽默感/野心/共同兴趣各16.67）均获满分，加权总分显著高于新追求者。新人在关键真诚度（6/10）和核心特质（均6/10）表现平庸，吸引力（5/10）虽权重最低但仍低于现任。理性决策应维持现有关系。,184,174,183,0
假设你是一位 21 岁的单身男士，有一位 28 岁的女性正在追求你。你的职业类型是 academician。你从六个维度对她进行了评估，满分为 10 分。这六个维度分别是：吸引力：6.0/10，真诚：5.0/10，智力：7.0/10，幽默感：5.0/10，抱负：5.0/10，共同兴趣：7.0/10。这些属性的重要性权重如下：吸引力：15.56，真诚：11.11，智力：22.22，幽默感：15.56，抱负：20.0，共同兴趣：15.56。你愿意和这位女士约会吗？请告诉我原因。你的答案必须是（是）或（否），然后说明你的原因。你必须遵守这条规则！你不能说其他话。,否。虽然智力和共同兴趣得分较高，但真诚、幽默感和抱负的分数较低，尤其是抱负权重最高却仅得5分，可能影响长期发展。作为重视学术的人，对方在关键维度上的不足可能难以满足你的核心需求。,176,188,,1
假设你是一位 24 岁的单身男士，有一位 22 岁的女性正在追求你。你的职业类型是 Investment Management。你从六个维度对她进行了评估，满分为 10 分。这六个维度分别是：吸引力：6.0/10，真诚：8.0/10，智力：6.0/10，幽默感：7.0/10，抱负：9.0/10，共同兴趣：4.0/10。这些属性的重要性权重如下：吸引力：19.57，真诚：19.57，智力：15.22，幽默感：17.39，抱负：15.22，共同兴趣：13.04。你愿意和这位女士约会吗？请告诉我原因。你的答案必须是（是）或（否），然后说明你的原因。你必须遵守这条规则！你不能说其他话。,是。尽管共同兴趣较低，但权重最低），真诚和抱负得分高（权重较高），吸引力中等但可接受，幽默感尚可，符合主要价值观。,177,192,,1
假设您是一位 35 岁的女性，职业类型为 health policy，目前已匹配到一位伴侣。您当前伴侣的得分（满分 10 分）：吸引力：5.0/10，真诚度：7.0/10，智力：7.0/10，幽默度：7.0/10，野心：8.0/10，共同兴趣：5.0/10。一位新男士正在向您求爱，他的得分为：吸引力：8.0/10，真诚度： 7.0/10，智力：7.0/10，幽默感：7.0/10，抱负：7.0/10，共同兴趣：nan/10。您的重要性权重为：吸引力：15.22，真诚：17.39，智力：17.39，幽默感：17.39，抱负： 15.22，共同兴趣：17.39。你会为了新男友离开现在的伴侣吗？你的答案必须是（是）或（否），然后说明你的理由。你必须遵守这条规则！你绝对不能说其他话。,否。当前伴侣在真诚、智力、幽默感和共同兴趣（权重更高）上表现稳定，且野心突出，综合加权总分更高。新伴侣吸引力更高，但共同兴趣未知（可能风险），且其他关键项未显著超越当前伴侣，整体优势不足。,191,178,182,0
假设您是一位 29 岁的女性，职业类型为 Finance，目前已匹配到一位伴侣。您当前伴侣的得分（满分 10 分）：吸引力：7.0/10，真诚度：7.0/10，智力：7.0/10，幽默度：8.0/10，野心：7.0/10，共同兴趣：6.0/10。一位新男士正在向您求爱，他的得分为：吸引力：5.0/10，真诚度： 5.0/10，智力：6.0/10，幽默感：6.0/10，抱负：6.0/10，共同兴趣：6.0/10。您的重要性权重为：吸引力：9.52，真诚：23.81，智力：16.67，幽默感：16.67，抱负： 16.67，共同兴趣：16.67。你会为了新男友离开现在的伴侣吗？你的答案必须是（是）或（否），然后说明你的理由。你必须遵守这条规则！你绝对不能说其他话。,否。根据重要性权重，真诚度（23.81%）是决定性因素，现任真诚度得分（7.0）显著高于新追求者（5.0）。虽然新追求者在共同兴趣（6.0）与现任持平，但其他关键指标（吸引力、智力、幽默感、抱负）均低于或等于现任，加权总分（现任7.0 vs 新5.67）显示现任综合价值更高。,186,174,179,1
假设你是一位 25 岁的单身男士，有一位 30 岁的女性正在追求你。你的职业类型是 Paper Back Writer。你从六个维度对她进行了评估，满分为 10 分。这六个维度分别是：吸引力：8.0/10，真诚：8.0/10，智力：9.0/10，幽默感：9.0/10，抱负：9.0/10，共同兴趣：10.0/10。这些属性的重要性权重如下：吸引力：16.98，真诚：15.09，智力：16.98，幽默感：16.98，抱负：18.87，共同兴趣：15.09。你愿意和这位女士约会吗？请告诉我原因。你的答案必须是（是）或（否），然后说明你的原因。你必须遵守这条规则！你不能说其他话。,是。该女士在权重最高的抱负（9.0/18.87）、智力与幽默感（9.0/16.98）均表现优异，共同兴趣更是满分（10.0/15.09）。吸引力（8.0/16.98）和真诚（8.0/15.09）虽略低但仍在优质区间，综合加权后核心价值远超基准线，符合长期关系需求。,179,185,,1
假设您是一位 27 岁的男性，职业类型为 Child Rights，目前已匹配到一位伴侣。您当前伴侣的得分（满分 10 分）：吸引力：7.0/10，真诚度：8.0/10，智力：7.0/10，幽默感：7.0/10，野心：5.0/10，共同兴趣：7.0/10。一位新女性正在向您求爱，其得分为：吸引力：6.0/10，真诚度：6.0/10，智力：5.0/10，幽默度：5.0/10，抱负：4.0/10，共同兴趣：5.0/10。您的重要性权重为：吸引力：16.98，真诚度：16.98，智力：16.98，幽默度：16.98，抱负： 16.98，共同兴趣：15.09。你会为了新女友离开现在的伴侣吗？你的答案必须是或否，然后说明你的理由。你必须遵守这条规则！你不能说其他话。,否。根据重要性权重计算，当前伴侣的总分为682.95，而新追求者的总分为516.93。现任在所有加权核心指标（真诚度、智力、幽默感）及综合匹配度上显著优于新人，且新人未在任何关键领域形成压倒性优势。,175,189,190,0
假设您是一位 27 岁的男性，职业类型为 Child Rights，目前已匹配到一位伴侣。您当前伴侣的得分（满分 10 分）：吸引力：7.0/10，真诚度：5.0/10，智力：6.0/10，幽默感：8.0/10，野心：6.0/10，共同兴趣：4.0/10。一位新女性正在向您求爱，其得分为：吸引力：8.0/10，真诚度：8.0/10，智力：5.0/10，幽默度：6.0/10，抱负：4.0/10，共同兴趣：5.0/10。您的重要性权重为：吸引力：16.98，真诚度：16.98，智力：16.98，幽默度：16.98，抱负： 16.98，共同兴趣：15.09。你会为了新女友离开现在的伴侣吗？你的答案必须是或否，然后说明你的理由。你必须遵守这条规则！你不能说其他话。,否。根据加权计算，当前伴侣得分为6.04，新伴侣为6.02。虽然新伴侣在吸引力和真诚度上更高，但当前伴侣在幽默感和综合匹配上略微胜出，且总分差距极小。长期关系需考量稳定性而非单纯数值差异。,176,189,188,0
假设你是一位 27 岁的单身男士，有一位 35 岁的女性正在追求你。你的职业类型是 Child Rights。你从六个维度对她进行了评估，满分为 10 分。这六个维度分别是：吸引力：5.0/10，真诚：8.0/10，智力：8.0/10，幽默感：5.0/10，抱负：5.0/10，共同兴趣：6.0/10。这些属性的重要性权重如下：吸引力：16.98，真诚：16.98，智力：16.98，幽默感：16.98，抱负：16.98，共同兴趣：15.09。你愿意和这位女士约会吗？请告诉我原因。你的答案必须是（是）或（否），然后说明你的原因。你必须遵守这条规则！你不能说其他话。,是。真诚和智力得分高（均为8/10），这两个高权重维度（各16.98%）显示她具备可靠性和价值观匹配，符合儿童权益职业对同理心与深度的需求。尽管吸引力、幽默感、抱负略低，但核心特质优势显著，年龄差异未显性影响评估。,178,189,,1
