Assume you are a 25-year-old single man; and there is a 23-year-old woman who is courting you. Your career type is Architecture and design. You evaluated her on six dimensions with scores out of 10. These are attractiveness: 7.0/10; sincerity: 7.0/10; intelligence: 6.0/10; being funny: 8.0/10; ambition: 6.0/10; shared interests: 8.0/10. Your importance weights for these attributes are: attractiveness: 20.0; sincerity: 15.0; intelligence: 30.0; being funny: 10.0; ambition: 15.0; shared interests: 10.0. Would you be willing to date this woman? And also tell me the reason. Your answer must be (YES) or (NO) followed by your reason. You must FOLLOW THIS RULE! You MUST NOT SAY other words.,NO - The weighted score for intelligence (a top priority at 30.0 weight) is too low (6.0/10); which outweighs her strengths in other areas.,324,336,,0
Assume you are a 34-year-old single woman; and there is a 29-year-old man who is courting you. Your career type is Early Childhood Ed. - College/univ. faculity. You evaluated him on six dimensions with scores out of 10. These are attractiveness: 10.0/10; sincerity: 8.0/10; intelligence: 7.0/10; being funny: 6.0/10; ambition: 6.0/10; shared interests: 7.0/10. Your importance weights for these attributes are: attractiveness: 15.0; sincerity: 15.0; intelligence: 10.0; being funny: 25.0; ambition: 10.0; shared interests: 25.0. Would you be willing to date this man? And also tell me the reason. Your answer must be (YES) or (NO) followed by your reason. You must FOLLOW THIS RULE! You MUST NOT SAY other words.,NO. The weighted score for being funny (a top priority at 25%) is low (6.0/10); and shared interests (also 25%) is only moderately scored (7.0/10); which significantly impacts overall compatibility.,334,331,,0
Assume you are a 34-year-old single woman; and there is a 30-year-old man who is courting you. Your career type is Early Childhood Ed. - College/univ. faculity. You evaluated him on six dimensions with scores out of 10. These are attractiveness: 4.0/10; sincerity: 8.0/10; intelligence: 8.0/10; being funny: 5.0/10; ambition: 6.0/10; shared interests: 3.0/10. Your importance weights for these attributes are: attractiveness: 15.0; sincerity: 15.0; intelligence: 10.0; being funny: 25.0; ambition: 10.0; shared interests: 25.0. Would you be willing to date this man? And also tell me the reason. Your answer must be (YES) or (NO) followed by your reason. You must FOLLOW THIS RULE! You MUST NOT SAY other words.,NO. The low scores in shared interests (3.0/10) and being funny (5.0/10); which are your highest-weighted attributes (25.0 each); outweigh his strengths in sincerity and intelligence. The lack of alignment with your key priorities makes him a poor match.,332,331,,0
Assume you are a 29-year-old single man; and there is a 36-year-old woman who is courting you. Your career type is Healthcare. You evaluated her on six dimensions with scores out of 10. These are attractiveness: 6.0/10; sincerity: 8.0/10; intelligence: 8.0/10; being funny: 8.0/10; ambition: 6.0/10; shared interests: 7.0/10. Your importance weights for these attributes are: attractiveness: 40.0; sincerity: 10.0; intelligence: 15.0; being funny: 10.0; ambition: 10.0; shared interests: 15.0. Would you be willing to date this woman? And also tell me the reason. Your answer must be (YES) or (NO) followed by your reason. You must FOLLOW THIS RULE! You MUST NOT SAY other words.,YES. The weighted score (6.0*0.40 + 8.0*0.10 + 8.0*0.15 + 8.0*0.10 + 6.0*0.10 + 7.0*0.15) = 6.85/10 is above average; and her high scores in sincerity; intelligence; and humor compensate for lower attractiveness and ambition.,326,334,,1
Assume you are a 34-year-old single woman; and there is a 23-year-old man who is courting you. Your career type is Early Childhood Ed. - College/univ. faculity. You evaluated him on six dimensions with scores out of 10. These are attractiveness: 10.0/10; sincerity: 8.0/10; intelligence: 5.0/10; being funny: 7.0/10; ambition: 5.0/10; shared interests: 4.0/10. Your importance weights for these attributes are: attractiveness: 15.0; sincerity: 15.0; intelligence: 10.0; being funny: 25.0; ambition: 10.0; shared interests: 25.0. Would you be willing to date this man? And also tell me the reason. Your answer must be (YES) or (NO) followed by your reason. You must FOLLOW THIS RULE! You MUST NOT SAY other words.,NO. The low scores in shared interests (4.0/10) and intelligence (5.0/10); combined with their high importance weights (25.0 and 10.0 respectively); outweigh the high attractiveness and sincerity scores. The lack of alignment in key areas makes the match unsuitable.,333,331,,0
Assume you are a 30-year-old single woman; and there is a 30-year-old man who is courting you. Your career type is Teacher. You evaluated him on six dimensions with scores out of 10. These are attractiveness: 6.0/10; sincerity: 8.0/10; intelligence: 8.0/10; being funny: 10.0/10; ambition: 8.0/10; shared interests: 6.0/10. Your importance weights for these attributes are: attractiveness: 22.0; sincerity: 12.0; intelligence: 30.0; being funny: 25.0; ambition: 10.0; shared interests: 1.0. Would you be willing to date this man? And also tell me the reason. Your answer must be (YES) or (NO) followed by your reason. You must FOLLOW THIS RULE! You MUST NOT SAY other words.,YES. His high scores in intelligence (weighted heavily at 30.0) and being funny (weighted at 25.0) align well with your priorities; outweighing the lower scores in attractiveness and shared interests.,332,328,,1
Assume you are a 29-year-old single woman; and there is a 23-year-old man who is courting you. Your career type is Consulting. You evaluated him on six dimensions with scores out of 10. These are attractiveness: 8.0/10; sincerity: 8.0/10; intelligence: 8.0/10; being funny: 10.0/10; ambition: nan/10; shared interests: 10.0/10. Your importance weights for these attributes are: attractiveness: 15.0; sincerity: 10.0; intelligence: 20.0; being funny: 20.0; ambition: 20.0; shared interests: 15.0. Would you be willing to date this man? And also tell me the reason. Your answer must be (YES) or (NO) followed by your reason. You must FOLLOW THIS RULE! You MUST NOT SAY other words.,NO. Ambition is a critical factor (weight: 20.0) but is unrated (nan/10); making it impossible to assess overall compatibility despite strong scores in other areas.,333,327,,0
Assume you are a 25-year-old single man; and there is a 30-year-old woman who is courting you. Your career type is Architecture and design. You evaluated her on six dimensions with scores out of 10. These are attractiveness: 6.0/10; sincerity: 8.0/10; intelligence: 8.0/10; being funny: 7.0/10; ambition: 5.0/10; shared interests: 6.0/10. Your importance weights for these attributes are: attractiveness: 20.0; sincerity: 15.0; intelligence: 30.0; being funny: 10.0; ambition: 15.0; shared interests: 10.0. Would you be willing to date this woman? And also tell me the reason. Your answer must be (YES) or (NO) followed by your reason. You must FOLLOW THIS RULE! You MUST NOT SAY other words.,YES. The weighted score (attractiveness: 1.2; sincerity: 1.2; intelligence: 2.4; being funny: 0.7; ambition: 0.75; shared interests: 0.6) totals 6.85/10; which meets a reasonable threshold for dating; especially with high scores in sincerity and intelligence; which are highly weighted for you.,325,336,,1
Assume you are a 24-year-old single man; and there is a 23-year-old woman who is courting you. Your career type is research. You evaluated her on six dimensions with scores out of 10. These are attractiveness: 6.0/10; sincerity: 7.0/10; intelligence: 7.0/10; being funny: 7.0/10; ambition: nan/10; shared interests: 7.0/10. Your importance weights for these attributes are: attractiveness: 20.0; sincerity: 10.0; intelligence: 20.0; being funny: 20.0; ambition: 15.0; shared interests: 15.0. Would you be willing to date this woman? And also tell me the reason. Your answer must be (YES) or (NO) followed by your reason. You must FOLLOW THIS RULE! You MUST NOT SAY other words.,YES. The woman scores moderately to highly in most dimensions you value (intelligence; being funny; shared interests); and while attractiveness is slightly lower; it is still acceptable. Ambition is unknown (nan); but other positive traits may compensate. The weighted evaluation suggests she meets enough of your criteria to consider dating.,324,335,,1
Assume you are a 34-year-old woman with career type Early Childhood Ed. - College/univ. faculity; currently matched with a partner. Your current partner's scores (out of 10): attractiveness: 6.0/10; sincerity: 7.0/10; intelligence: 7.0/10; being funny: 7.0/10; ambition: nan/10; shared interests: 7.0/10. A new man is courting you with scores: attractiveness: 7.0/10; sincerity: 7.0/10; intelligence: 7.0/10; being funny: 5.0/10; ambition: 6.0/10; shared interests: 5.0/10. Your importance weights are: attractiveness: 15.0; sincerity: 15.0; intelligence: 10.0; being funny: 25.0; ambition: 10.0; shared interests: 25.0. Would you leave your current partner for the new man? Your answer must be (YES) or (NO) followed by your reason. You must FOLLOW THIS RULE! You MUST NOT SAY other words.,"NO. The new man scores significantly lower in ""being funny"" and ""shared interests;"" which are your highest-weighted priorities (25.0 each). The slight improvements in attractiveness and ambition don't outweigh these key drawbacks.",335,331,324,0
Assume you are a 22-year-old single woman; and there is a 23-year-old man who is courting you. Your career type is not sure yet :). You evaluated him on six dimensions with scores out of 10. These are attractiveness: 8.0/10; sincerity: 9.0/10; intelligence: 9.0/10; being funny: 8.0/10; ambition: 9.0/10; shared interests: 7.0/10. Your importance weights for these attributes are: attractiveness: 15.0; sincerity: 25.0; intelligence: 15.0; being funny: 20.0; ambition: 10.0; shared interests: 15.0. Would you be willing to date this man? And also tell me the reason. Your answer must be (YES) or (NO) followed by your reason. You must FOLLOW THIS RULE! You MUST NOT SAY other words.,YES. His high scores in sincerity (9.0); intelligence (9.0); and being funny (8.0); which are weighted heavily in your priorities (25.0; 15.0; and 20.0 respectively); outweigh the slightly lower score in shared interests (7.0). His attractiveness (8.0) and ambition (9.0) also align well with your preferences.,333,330,,1
Assume you are a 28-year-old man with career type Civil Engineer; currently matched with a partner. Your current partner's scores (out of 10): attractiveness: 6.0/10; sincerity: 7.0/10; intelligence: 6.0/10; being funny: 8.0/10; ambition: 5.0/10; shared interests: 5.0/10. A new woman is courting you with scores: attractiveness: 10.0/10; sincerity: 9.0/10; intelligence: 9.0/10; being funny: 10.0/10; ambition: 8.0/10; shared interests: 9.0/10. Your importance weights are: attractiveness: 17.0; sincerity: 17.0; intelligence: 17.0; being funny: 17.0; ambition: 16.0; shared interests: 16.0. Would you leave your current partner for the new woman? Your answer must be (YES) or (NO) followed by your reason. You must FOLLOW THIS RULE! You MUST NOT SAY other words.,YES. The new woman significantly outperforms your current partner in all weighted categories; making her a substantially better match based on your priorities.,325,337,336,1
Assume you are a 25-year-old man with career type Architecture and design; currently matched with a partner. Your current partner's scores (out of 10): attractiveness: 8.0/10; sincerity: 10.0/10; intelligence: 9.0/10; being funny: 10.0/10; ambition: 7.0/10; shared interests: 6.0/10. A new woman is courting you with scores: attractiveness: 4.0/10; sincerity: 8.0/10; intelligence: 7.0/10; being funny: 8.0/10; ambition: 7.0/10; shared interests: 6.0/10. Your importance weights are: attractiveness: 20.0; sincerity: 15.0; intelligence: 30.0; being funny: 10.0; ambition: 15.0; shared interests: 10.0. Would you leave your current partner for the new woman? Your answer must be (YES) or (NO) followed by your reason. You must FOLLOW THIS RULE! You MUST NOT SAY other words.,NO. The current partner scores higher in key weighted categories like intelligence (30.0 weight) and attractiveness (20.0 weight); outweighing the new woman's slightly higher sincerity and being funny scores. The overall compatibility is better with the current partner.,326,336,334,0
Assume you are a 29-year-old woman with career type Consulting; currently matched with a partner. Your current partner's scores (out of 10): attractiveness: 6.0/10; sincerity: 7.0/10; intelligence: 7.0/10; being funny: 7.0/10; ambition: nan/10; shared interests: 7.0/10. A new man is courting you with scores: attractiveness: 8.0/10; sincerity: 10.0/10; intelligence: 8.0/10; being funny: 8.0/10; ambition: 8.0/10; shared interests: 8.0/10. Your importance weights are: attractiveness: 15.0; sincerity: 10.0; intelligence: 20.0; being funny: 20.0; ambition: 20.0; shared interests: 15.0. Would you leave your current partner for the new man? Your answer must be (YES) or (NO) followed by your reason. You must FOLLOW THIS RULE! You MUST NOT SAY other words.,YES. The new man scores higher in all weighted categories; especially in intelligence; being funny; and ambition; which are your top priorities (20.0 weight each). His overall compatibility is significantly better.,335,327,324,1
Assume you are a 23-year-old woman with career type school psychologist; currently matched with a partner. Your current partner's scores (out of 10): attractiveness: 10.0/10; sincerity: 10.0/10; intelligence: 9.0/10; being funny: 10.0/10; ambition: 9.0/10; shared interests: 9.0/10. A new man is courting you with scores: attractiveness: 1.0/10; sincerity: 10.0/10; intelligence: 10.0/10; being funny: 6.0/10; ambition: 5.0/10; shared interests: 1.0/10. Your importance weights are: attractiveness: 40.0; sincerity: 10.0; intelligence: 15.0; being funny: 20.0; ambition: 10.0; shared interests: 5.0. Would you leave your current partner for the new man? Your answer must be (YES) or (NO) followed by your reason. You must FOLLOW THIS RULE! You MUST NOT SAY other words.,NO. The current partner scores significantly higher in attractiveness; being funny; and shared interests; which are weighted heavily in your priorities. The new man's lower scores in these key areas outweigh his strengths in sincerity and intelligence.,332,324,328,0
Assume you are a 27-year-old man with career type Real Estate Consulting; currently matched with a partner. Your current partner's scores (out of 10): attractiveness: 6.0/10; sincerity: 8.0/10; intelligence: 8.0/10; being funny: 7.0/10; ambition: 7.0/10; shared interests: 7.0/10. A new woman is courting you with scores: attractiveness: 5.0/10; sincerity: 6.0/10; intelligence: 7.0/10; being funny: 7.0/10; ambition: 6.0/10; shared interests: 7.0/10. Your importance weights are: attractiveness: 10.0; sincerity: 20.0; intelligence: 25.0; being funny: 20.0; ambition: 20.0; shared interests: 5.0. Would you leave your current partner for the new woman? Your answer must be (YES) or (NO) followed by your reason. You must FOLLOW THIS RULE! You MUST NOT SAY other words.,NO. The current partner has higher weighted scores in sincerity; intelligence; and ambition; which are more important to you based on your importance weights. The new woman does not offer a significant enough improvement in any key area to justify leaving.,325,338,337,0
Assume you are a 34-year-old single woman; and there is a 25-year-old man who is courting you. Your career type is Early Childhood Ed. - College/univ. faculity. You evaluated him on six dimensions with scores out of 10. These are attractiveness: 6.0/10; sincerity: 7.0/10; intelligence: 7.0/10; being funny: 4.0/10; ambition: 6.0/10; shared interests: 2.0/10. Your importance weights for these attributes are: attractiveness: 15.0; sincerity: 15.0; intelligence: 10.0; being funny: 25.0; ambition: 10.0; shared interests: 25.0. Would you be willing to date this man? And also tell me the reason. Your answer must be (YES) or (NO) followed by your reason. You must FOLLOW THIS RULE! You MUST NOT SAY other words.,NO. The low scores in being funny (4.0/10) and shared interests (2.0/10); which are your highest-weighted attributes (25.0 each); make this match unsuitable despite his decent scores in other areas.,336,331,,0
Assume you are a 29-year-old woman with career type teacher; currently matched with a partner. Your current partner's scores (out of 10): attractiveness: 10.0/10; sincerity: 10.0/10; intelligence: 9.0/10; being funny: 10.0/10; ambition: 9.0/10; shared interests: 9.0/10. A new man is courting you with scores: attractiveness: 6.0/10; sincerity: 7.0/10; intelligence: 7.0/10; being funny: 5.0/10; ambition: 6.0/10; shared interests: nan/10. Your importance weights are: attractiveness: 15.0; sincerity: 22.0; intelligence: 22.0; being funny: 16.0; ambition: 15.0; shared interests: 10.0. Would you leave your current partner for the new man? Your answer must be (YES) or (NO) followed by your reason. You must FOLLOW THIS RULE! You MUST NOT SAY other words.,NO. The new man scores significantly lower in all weighted categories (attractiveness; sincerity; intelligence; humor; ambition) and lacks data on shared interests; making him a far less compatible match overall.,332,329,328,0
Assume you are a 29-year-old woman with career type teacher; currently matched with a partner. Your current partner's scores (out of 10): attractiveness: 9.0/10; sincerity: 8.0/10; intelligence: 7.0/10; being funny: 9.0/10; ambition: 6.0/10; shared interests: 7.0/10. A new man is courting you with scores: attractiveness: 7.0/10; sincerity: 6.0/10; intelligence: 8.0/10; being funny: 7.0/10; ambition: 8.0/10; shared interests: nan/10. Your importance weights are: attractiveness: 15.0; sincerity: 22.0; intelligence: 22.0; being funny: 16.0; ambition: 15.0; shared interests: 10.0. Would you leave your current partner for the new man? Your answer must be (YES) or (NO) followed by your reason. You must FOLLOW THIS RULE! You MUST NOT SAY other words.,NO Your current partner scores higher in attractiveness; sincerity; being funny; and shared interests; which are important to you based on your weights. The new man only outperforms in intelligence and ambition; which; while valuable; do not outweigh the strengths of your current match.,333,329,330,0
Assume you are a 29-year-old woman with career type teacher; currently matched with a partner. Your current partner's scores (out of 10): attractiveness: 6.0/10; sincerity: 8.0/10; intelligence: 8.0/10; being funny: 8.0/10; ambition: 6.0/10; shared interests: 7.0/10. A new man is courting you with scores: attractiveness: 8.0/10; sincerity: 6.0/10; intelligence: 8.0/10; being funny: 7.0/10; ambition: 8.0/10; shared interests: nan/10. Your importance weights are: attractiveness: 15.0; sincerity: 22.0; intelligence: 22.0; being funny: 16.0; ambition: 15.0; shared interests: 10.0. Would you leave your current partner for the new man? Your answer must be (YES) or (NO) followed by your reason. You must FOLLOW THIS RULE! You MUST NOT SAY other words.,NO. The current partner scores higher in sincerity (weighted heavily at 22.0) and shared interests (weighted at 10.0); which are important factors. The new man lacks data on shared interests and scores lower in sincerity; making him a riskier choice despite higher attractiveness and ambition.,334,329,326,0
Assume you are a 29-year-old single woman; and there is a 25-year-old man who is courting you. Your career type is teacher. You evaluated him on six dimensions with scores out of 10. These are attractiveness: 7.0/10; sincerity: 7.0/10; intelligence: 9.0/10; being funny: 6.0/10; ambition: 7.0/10; shared interests: 6.0/10. Your importance weights for these attributes are: attractiveness: 15.0; sincerity: 22.0; intelligence: 22.0; being funny: 16.0; ambition: 15.0; shared interests: 10.0. Would you be willing to date this man? And also tell me the reason. Your answer must be (YES) or (NO) followed by your reason. You must FOLLOW THIS RULE! You MUST NOT SAY other words.,YES. The weighted score (attractiveness: 1.05; sincerity: 1.54; intelligence: 1.98; being funny: 0.96; ambition: 1.05; shared interests: 0.60) totals 7.18/10; indicating good compatibility; especially in high-priority traits like intelligence and sincerity.,336,329,,1
Assume you are a 23-year-old woman with career type school psychologist; currently matched with a partner. Your current partner's scores (out of 10): attractiveness: 7.0/10; sincerity: 6.0/10; intelligence: 7.0/10; being funny: 6.0/10; ambition: 5.0/10; shared interests: 7.0/10. A new man is courting you with scores: attractiveness: 1.0/10; sincerity: 7.0/10; intelligence: 10.0/10; being funny: 6.0/10; ambition: 10.0/10; shared interests: 1.0/10. Your importance weights are: attractiveness: 40.0; sincerity: 10.0; intelligence: 15.0; being funny: 20.0; ambition: 10.0; shared interests: 5.0. Would you leave your current partner for the new man? Your answer must be (YES) or (NO) followed by your reason. You must FOLLOW THIS RULE! You MUST NOT SAY other words.,NO. The new man's extremely low attractiveness (1.0/10) and shared interests (1.0/10) heavily outweigh his high intelligence and ambition; given your high weight on attractiveness (40.0). Your current partner offers a more balanced profile that aligns better with your priorities.,335,324,327,0
Assume you are a 23-year-old woman with career type school psychologist; currently matched with a partner. Your current partner's scores (out of 10): attractiveness: 9.0/10; sincerity: 8.0/10; intelligence: 7.0/10; being funny: 9.0/10; ambition: 6.0/10; shared interests: 7.0/10. A new man is courting you with scores: attractiveness: 3.0/10; sincerity: 6.0/10; intelligence: 7.0/10; being funny: 7.0/10; ambition: 6.0/10; shared interests: 3.0/10. Your importance weights are: attractiveness: 40.0; sincerity: 10.0; intelligence: 15.0; being funny: 20.0; ambition: 10.0; shared interests: 5.0. Would you leave your current partner for the new man? Your answer must be (YES) or (NO) followed by your reason. You must FOLLOW THIS RULE! You MUST NOT SAY other words.,NO. The new man scores significantly lower in attractiveness (40% weight) and shared interests; which are important to you; and does not outperform your current partner in other key areas enough to justify leaving.,333,324,330,0
Assume you are a 23-year-old woman with career type school psychologist; currently matched with a partner. Your current partner's scores (out of 10): attractiveness: 6.0/10; sincerity: 8.0/10; intelligence: 8.0/10; being funny: 8.0/10; ambition: 6.0/10; shared interests: 7.0/10. A new man is courting you with scores: attractiveness: 2.0/10; sincerity: 6.0/10; intelligence: 8.0/10; being funny: 9.0/10; ambition: 5.0/10; shared interests: 2.0/10. Your importance weights are: attractiveness: 40.0; sincerity: 10.0; intelligence: 15.0; being funny: 20.0; ambition: 10.0; shared interests: 5.0. Would you leave your current partner for the new man? Your answer must be (YES) or (NO) followed by your reason. You must FOLLOW THIS RULE! You MUST NOT SAY other words.,NO. The new man scores significantly lower in attractiveness (40% weight) and shared interests (5% weight); which are important to you; and his other traits do not outweigh these drawbacks compared to your current partner.,334,324,326,0
Assume you are a 27-year-old man with career type Real Estate Consulting; currently matched with a partner. Your current partner's scores (out of 10): attractiveness: 8.0/10; sincerity: 9.0/10; intelligence: 9.0/10; being funny: 8.0/10; ambition: 9.0/10; shared interests: 7.0/10. A new woman is courting you with scores: attractiveness: 7.0/10; sincerity: 7.0/10; intelligence: 8.0/10; being funny: 7.0/10; ambition: 9.0/10; shared interests: 6.0/10. Your importance weights are: attractiveness: 10.0; sincerity: 20.0; intelligence: 25.0; being funny: 20.0; ambition: 20.0; shared interests: 5.0. Would you leave your current partner for the new woman? Your answer must be (YES) or (NO) followed by your reason. You must FOLLOW THIS RULE! You MUST NOT SAY other words.,NO. The current partner scores higher in sincerity; intelligence; and being funny; which are your top-weighted traits (20.0; 25.0; and 20.0 respectively). The new woman does not outperform your current partner in any highly weighted category.,330,338,333,0
Assume you are a 34-year-old woman with career type Early Childhood Ed. - College/univ. faculity; currently matched with a partner. Your current partner's scores (out of 10): attractiveness: 10.0/10; sincerity: 9.0/10; intelligence: 9.0/10; being funny: 10.0/10; ambition: 8.0/10; shared interests: 9.0/10. A new man is courting you with scores: attractiveness: 5.0/10; sincerity: 7.0/10; intelligence: 7.0/10; being funny: 5.0/10; ambition: 4.0/10; shared interests: 5.0/10. Your importance weights are: attractiveness: 15.0; sincerity: 15.0; intelligence: 10.0; being funny: 25.0; ambition: 10.0; shared interests: 25.0. Would you leave your current partner for the new man? Your answer must be (YES) or (NO) followed by your reason. You must FOLLOW THIS RULE! You MUST NOT SAY other words.,NO. The new man scores significantly lower in key areas you value highly (being funny and shared interests) and does not outperform your current partner in any category. Your current partner excels in attractiveness; sincerity; intelligence; and humor; aligning much better with your priorities.,337,331,325,0
Assume you are a 27-year-old single man; and there is a 23-year-old woman who is courting you. Your career type is Real Estate Consulting. You evaluated her on six dimensions with scores out of 10. These are attractiveness: 5.0/10; sincerity: 6.0/10; intelligence: 6.0/10; being funny: 5.0/10; ambition: 6.0/10; shared interests: 5.0/10. Your importance weights for these attributes are: attractiveness: 10.0; sincerity: 20.0; intelligence: 25.0; being funny: 20.0; ambition: 20.0; shared interests: 5.0. Would you be willing to date this woman? And also tell me the reason. Your answer must be (YES) or (NO) followed by your reason. You must FOLLOW THIS RULE! You MUST NOT SAY other words.,NO - The weighted average score (5.6/10) is below a strong compatibility threshold; with lower scores in key areas like intelligence and ambition which you highly value.,324,338,,0
Assume you are a 34-year-old single woman; and there is a 27-year-old man who is courting you. Your career type is Early Childhood Ed. - College/univ. faculity. You evaluated him on six dimensions with scores out of 10. These are attractiveness: 4.0/10; sincerity: 8.0/10; intelligence: 7.0/10; being funny: 4.0/10; ambition: 7.0/10; shared interests: 3.0/10. Your importance weights for these attributes are: attractiveness: 15.0; sincerity: 15.0; intelligence: 10.0; being funny: 25.0; ambition: 10.0; shared interests: 25.0. Would you be willing to date this man? And also tell me the reason. Your answer must be (YES) or (NO) followed by your reason. You must FOLLOW THIS RULE! You MUST NOT SAY other words.,NO. The low scores in being funny (4.0/10) and shared interests (3.0/10); which are your highest-weighted attributes (25.0 each); outweigh his strengths in sincerity and ambition. The lack of alignment with your key priorities makes him an unsuitable match.,338,331,,0
Assume you are a 23-year-old woman with career type school psychologist; currently matched with a partner. Your current partner's scores (out of 10): attractiveness: 2.0/10; sincerity: 2.0/10; intelligence: 5.0/10; being funny: 1.0/10; ambition: 7.0/10; shared interests: 1.0/10. A new man is courting you with scores: attractiveness: 3.0/10; sincerity: 7.0/10; intelligence: 8.0/10; being funny: 9.0/10; ambition: 6.0/10; shared interests: 2.0/10. Your importance weights are: attractiveness: 40.0; sincerity: 10.0; intelligence: 15.0; being funny: 20.0; ambition: 10.0; shared interests: 5.0. Would you leave your current partner for the new man? Your answer must be (YES) or (NO) followed by your reason. You must FOLLOW THIS RULE! You MUST NOT SAY other words.,YES. The new man scores higher in key areas with high importance weights (attractiveness; intelligence; being funny) and offers better overall compatibility despite lower shared interests.,336,324,329,1
Assume you are a 29-year-old woman with career type teacher; currently matched with a partner. Your current partner's scores (out of 10): attractiveness: 7.0/10; sincerity: 6.0/10; intelligence: 7.0/10; being funny: 6.0/10; ambition: 5.0/10; shared interests: 7.0/10. A new man is courting you with scores: attractiveness: 6.0/10; sincerity: 7.0/10; intelligence: 8.0/10; being funny: 6.0/10; ambition: 8.0/10; shared interests: 6.0/10. Your importance weights are: attractiveness: 15.0; sincerity: 22.0; intelligence: 22.0; being funny: 16.0; ambition: 15.0; shared interests: 10.0. Would you leave your current partner for the new man? Your answer must be (YES) or (NO) followed by your reason. You must FOLLOW THIS RULE! You MUST NOT SAY other words.,NO. The weighted score of your current partner (6.87) is slightly higher than the new man's (6.84); and the difference is minimal. Stability and shared interests may outweigh marginal gains in sincerity; intelligence; and ambition.,335,329,327,0
Assume you are a 29-year-old woman with career type teacher; currently matched with a partner. Your current partner's scores (out of 10): attractiveness: 10.0/10; sincerity: 9.0/10; intelligence: 9.0/10; being funny: 10.0/10; ambition: 8.0/10; shared interests: 9.0/10. A new man is courting you with scores: attractiveness: 6.0/10; sincerity: 8.0/10; intelligence: 8.0/10; being funny: 6.0/10; ambition: 7.0/10; shared interests: 3.0/10. Your importance weights are: attractiveness: 15.0; sincerity: 22.0; intelligence: 22.0; being funny: 16.0; ambition: 15.0; shared interests: 10.0. Would you leave your current partner for the new man? Your answer must be (YES) or (NO) followed by your reason. You must FOLLOW THIS RULE! You MUST NOT SAY other words.,NO. The new man scores significantly lower in key weighted categories like shared interests; attractiveness; and being funny; and does not outperform the current partner in any highly weighted traits. The current partner's overall compatibility is much stronger.,337,329,325,0
Assume you are a 27-year-old man with career type Real Estate Consulting; currently matched with a partner. Your current partner's scores (out of 10): attractiveness: 8.0/10; sincerity: 10.0/10; intelligence: 9.0/10; being funny: 10.0/10; ambition: 7.0/10; shared interests: 6.0/10. A new woman is courting you with scores: attractiveness: 5.0/10; sincerity: 8.0/10; intelligence: 8.0/10; being funny: 8.0/10; ambition: 8.0/10; shared interests: 8.0/10. Your importance weights are: attractiveness: 10.0; sincerity: 20.0; intelligence: 25.0; being funny: 20.0; ambition: 20.0; shared interests: 5.0. Would you leave your current partner for the new woman? Your answer must be (YES) or (NO) followed by your reason. You must FOLLOW THIS RULE! You MUST NOT SAY other words.,NO. Your current partner scores higher in sincerity; intelligence; and being funny; which are your top-weighted traits (20.0; 25.0; and 20.0 respectively). The new woman only outperforms in ambition and shared interests; which are less critical to you (20.0 and 5.0 weights). The overall compatibility favors your current partner.,326,338,334,0
Assume you are a 27-year-old man with career type Real Estate Consulting; currently matched with a partner. Your current partner's scores (out of 10): attractiveness: 8.0/10; sincerity: 10.0/10; intelligence: 8.0/10; being funny: 8.0/10; ambition: 8.0/10; shared interests: 8.0/10. A new woman is courting you with scores: attractiveness: 8.0/10; sincerity: 8.0/10; intelligence: 8.0/10; being funny: 7.0/10; ambition: 8.0/10; shared interests: 7.0/10. Your importance weights are: attractiveness: 10.0; sincerity: 20.0; intelligence: 25.0; being funny: 20.0; ambition: 20.0; shared interests: 5.0. Would you leave your current partner for the new woman? Your answer must be (YES) or (NO) followed by your reason. You must FOLLOW THIS RULE! You MUST NOT SAY other words.,NO. The current partner has higher weighted scores in sincerity (10.0 vs 8.0); being funny (8.0 vs 7.0); and shared interests (8.0 vs 7.0); which are important traits based on your weights. The new woman does not offer a significant enough improvement to justify leaving.,327,338,335,0
Assume you are a 29-year-old single woman; and there is a 27-year-old man who is courting you. Your career type is teacher. You evaluated him on six dimensions with scores out of 10. These are attractiveness: 3.0/10; sincerity: 7.0/10; intelligence: 8.0/10; being funny: 6.0/10; ambition: 8.0/10; shared interests: 2.0/10. Your importance weights for these attributes are: attractiveness: 15.0; sincerity: 22.0; intelligence: 22.0; being funny: 16.0; ambition: 15.0; shared interests: 10.0. Would you be willing to date this man? And also tell me the reason. Your answer must be (YES) or (NO) followed by your reason. You must FOLLOW THIS RULE! You MUST NOT SAY other words.,NO - Low scores in attractiveness and shared interests; which are important for compatibility; outweigh his strengths in sincerity; intelligence; and ambition.,338,329,,0
Assume you are a 27-year-old man with career type Real Estate Consulting; currently matched with a partner. Your current partner's scores (out of 10): attractiveness: 6.0/10; sincerity: 8.0/10; intelligence: 8.0/10; being funny: 10.0/10; ambition: 8.0/10; shared interests: 6.0/10. A new woman is courting you with scores: attractiveness: 8.0/10; sincerity: 8.0/10; intelligence: 8.0/10; being funny: 8.0/10; ambition: 7.0/10; shared interests: 7.0/10. Your importance weights are: attractiveness: 10.0; sincerity: 20.0; intelligence: 25.0; being funny: 20.0; ambition: 20.0; shared interests: 5.0. Would you leave your current partner for the new woman? Your answer must be (YES) or (NO) followed by your reason. You must FOLLOW THIS RULE! You MUST NOT SAY other words.,NO. The current partner scores higher in sincerity; intelligence; being funny; and ambition; which are your most weighted traits (20.0; 25.0; 20.0; 20.0). The new woman only slightly outperforms in attractiveness (10.0 weight) and shared interests (5.0 weight); which are less important to you.,328,338,332,0
Assume you are a 27-year-old single man; and there is a 29-year-old woman who is courting you. Your career type is Real Estate Consulting. You evaluated her on six dimensions with scores out of 10. These are attractiveness: 6.0/10; sincerity: 8.0/10; intelligence: 7.0/10; being funny: 6.0/10; ambition: 7.0/10; shared interests: 6.0/10. Your importance weights for these attributes are: attractiveness: 10.0; sincerity: 20.0; intelligence: 25.0; being funny: 20.0; ambition: 20.0; shared interests: 5.0. Would you be willing to date this woman? And also tell me the reason. Your answer must be (YES) or (NO) followed by your reason. You must FOLLOW THIS RULE! You MUST NOT SAY other words.,YES. The weighted score (attractiveness: 6.0*10=60; sincerity: 8.0*20=160; intelligence: 7.0*25=175; being funny: 6.0*20=120; ambition: 7.0*20=140; shared interests: 6.0*5=30) totals 685; indicating strong compatibility in high-priority traits like sincerity; intelligence; and ambition.,329,338,,1
