Assume you are a 27-year-old single man; and there is a 25-year-old woman who is courting you. Your career type is Investment Banking. You evaluated her on six dimensions with scores out of 10. These are attractiveness: 7.0/10; sincerity: 6.0/10; intelligence: 7.0/10; being funny: 7.0/10; ambition: 6.0/10; shared interests: 5.0/10. Your importance weights for these attributes are: attractiveness: 15.56; sincerity: 17.78; intelligence: 17.78; being funny: 17.78; ambition: 17.78; shared interests: 13.33. Would you be willing to date this woman? And also tell me the reason. Your answer must be (YES) or (NO) followed by your reason. You must FOLLOW THIS RULE! You MUST NOT SAY other words.,NO; based on the given importance weights and scores; the overall compatibility calculation might not meet your expectations or threshold for a long-term relationship.,200,221,,0
Assume you are a 24-year-old single man; and there is a 25-year-old woman who is courting you. Your career type is Researcher. You evaluated her on six dimensions with scores out of 10. These are attractiveness: 7.0/10; sincerity: 6.0/10; intelligence: 7.0/10; being funny: 6.0/10; ambition: 6.0/10; shared interests: 6.0/10. Your importance weights for these attributes are: attractiveness: 20.51; sincerity: 5.13; intelligence: 23.08; being funny: 12.82; ambition: 17.95; shared interests: 20.51. Would you be willing to date this woman? And also tell me the reason. Your answer must be (YES) or (NO) followed by your reason. You must FOLLOW THIS RULE! You MUST NOT SAY other words.,YES; because when weighted according to your priorities; her overall score meets a sufficiently high standard across the traits you value most in a partner.,200,218,,1
Assume you are a 30-year-old single man; and there is a 24-year-old woman who is courting you. Your career type is International affairs related career. You evaluated her on six dimensions with scores out of 10. These are attractiveness: 9.0/10; sincerity: 5.0/10; intelligence: 6.0/10; being funny: 6.0/10; ambition: 6.0/10; shared interests: 9.0/10. Your importance weights for these attributes are: attractiveness: 18.6; sincerity: 20.93; intelligence: 23.26; being funny: 23.26; ambition: 2.33; shared interests: 11.63. Would you be willing to date this woman? And also tell me the reason. Your answer must be (YES) or (NO) followed by your reason. You must FOLLOW THIS RULE! You MUST NOT SAY other words.,NO; because the overall weighted scores show that the areas you value most highly; such as sincerity and intelligence; have lower ratings; which could impact long-term compatibility.,197,231,,0
Assume you are a 26-year-old single man; and there is a 27-year-old woman who is courting you. Your career type is Business. You evaluated her on six dimensions with scores out of 10. These are attractiveness: 7.0/10; sincerity: 8.0/10; intelligence: 7.0/10; being funny: 7.0/10; ambition: 4.0/10; shared interests: 7.0/10. Your importance weights for these attributes are: attractiveness: 16.28; sincerity: 16.28; intelligence: 18.6; being funny: 16.28; ambition: 16.28; shared interests: 16.28. Would you be willing to date this woman? And also tell me the reason. Your answer must be (YES) or (NO) followed by your reason. You must FOLLOW THIS RULE! You MUST NOT SAY other words.,YES; because most of her scores are quite high and align well with your weighted importance on several dimensions; indicating a strong potential for compatibility despite the lower score in ambition.,195,219,,1
Assume you are a 24-year-old man with career type professor; currently matched with a partner. Your current partner's scores (out of 10): attractiveness: 9.0/10; sincerity: 10.0/10; intelligence: 9.0/10; being funny: 9.0/10; ambition: 8.0/10; shared interests: 9.0/10. A new woman is courting you with scores: attractiveness: 6.0/10; sincerity: 6.0/10; intelligence: 6.0/10; being funny: 7.0/10; ambition: 6.0/10; shared interests: 5.0/10. Your importance weights are: attractiveness: 13.51; sincerity: 18.92; intelligence: 21.62; being funny: 13.51; ambition: 13.51; shared interests: 18.92. Would you leave your current partner for the new woman? Your answer must be (YES) or (NO) followed by your reason. You must FOLLOW THIS RULE! You MUST NOT SAY other words.,NO; because your current partner scores significantly higher in every category that is important to you based on the weights you provided; suggesting a stronger overall compatibility.,195,228,219,0
Assume you are a 28-year-old man with career type CEO in For Profit Biomedical Organization; currently matched with a partner. Your current partner's scores (out of 10): attractiveness: 9.0/10; sincerity: 10.0/10; intelligence: 9.0/10; being funny: 9.0/10; ambition: 8.0/10; shared interests: 9.0/10. A new woman is courting you with scores: attractiveness: 8.0/10; sincerity: 9.0/10; intelligence: 7.0/10; being funny: 9.0/10; ambition: 5.0/10; shared interests: 5.0/10. Your importance weights are: attractiveness: 21.43; sincerity: 16.67; intelligence: 21.43; being funny: 16.67; ambition: 11.9; shared interests: 11.9. Would you leave your current partner for the new woman? Your answer must be (YES) or (NO) followed by your reason. You must FOLLOW THIS RULE! You MUST NOT SAY other words.,NO; because your current partner scores higher in all categories that are important to you; making her a better match overall based on your specified criteria.,195,229,219,0
Assume you are a 22-year-old single woman; and there is a 26-year-old man who is courting you. Your career type is college professor. You evaluated him on six dimensions with scores out of 10. These are attractiveness: 10.0/10; sincerity: 7.0/10; intelligence: 9.0/10; being funny: 10.0/10; ambition: 10.0/10; shared interests: 7.0/10. Your importance weights for these attributes are: attractiveness: 16.0; sincerity: 20.0; intelligence: 18.0; being funny: 20.0; ambition: 18.0; shared interests: 8.0. Would you be willing to date this man? And also tell me the reason. Your answer must be (YES) or (NO) followed by your reason. You must FOLLOW THIS RULE! You MUST NOT SAY other words.,YES; because his scores align strongly with your weighted priorities emphasizing attractiveness; humor; ambition; and intelligence which outweigh the moderate ratings in sincerity and shared interests.,217,203,,1
Assume you are a 23-year-old single man; and there is a 22-year-old woman who is courting you. Your career type is Research Scientist. You evaluated her on six dimensions with scores out of 10. These are attractiveness: 9.0/10; sincerity: 8.0/10; intelligence: 9.0/10; being funny: 9.0/10; ambition: 9.0/10; shared interests: 6.0/10. Your importance weights for these attributes are: attractiveness: 17.02; sincerity: 21.28; intelligence: 17.02; being funny: 21.28; ambition: 14.89; shared interests: 8.51. Would you be willing to date this woman? And also tell me the reason. Your answer must be (YES) or (NO) followed by your reason. You must FOLLOW THIS RULE! You MUST NOT SAY other words.,YES; because her high scores in core attributes like intelligence; ambition; and sincerity align well with the weighted importance of these traits; indicating a strong potential for a compatible and fulfilling relationship despite the lower score in shared interests.,202,214,,1
Assume you are a 26-year-old man with career type Finance; currently matched with a partner. Your current partner's scores (out of 10): attractiveness: 9.0/10; sincerity: 10.0/10; intelligence: 9.0/10; being funny: 9.0/10; ambition: 8.0/10; shared interests: 9.0/10. A new woman is courting you with scores: attractiveness: 5.0/10; sincerity: 9.0/10; intelligence: 8.0/10; being funny: 9.0/10; ambition: 7.0/10; shared interests: 9.0/10. Your importance weights are: attractiveness: 14.89; sincerity: 19.15; intelligence: 21.28; being funny: 19.15; ambition: 14.89; shared interests: 10.64. Would you leave your current partner for the new woman? Your answer must be (YES) or (NO) followed by your reason. You must FOLLOW THIS RULE! You MUST NOT SAY other words.,NO; because the current partner has higher scores in the categories you value most; leading to a potentially more fulfilling relationship based on your weighted preferences.,195,215,219,0
Assume you are a 32-year-old single man; and there is a 24-year-old woman who is courting you. Your career type is Hero. You evaluated her on six dimensions with scores out of 10. These are attractiveness: 5.0/10; sincerity: 8.0/10; intelligence: 7.0/10; being funny: 7.0/10; ambition: 6.0/10; shared interests: 7.0/10. Your importance weights for these attributes are: attractiveness: 17.24; sincerity: 17.24; intelligence: 17.24; being funny: 17.24; ambition: 13.79; shared interests: 17.24. Would you be willing to date this woman? And also tell me the reason. Your answer must be (YES) or (NO) followed by your reason. You must FOLLOW THIS RULE! You MUST NOT SAY other words.,YES; overall she has a good balance of qualities that align significantly with the priority attributes; as reflected in her strong scores in sincerity; intelligence; being funny; and shared interests; which are highly weighted in your evaluation.,194,224,,1
Assume you are a 31-year-old single woman; and there is a 25-year-old man who is courting you. Your career type is UN Civil Servant. You evaluated him on six dimensions with scores out of 10. These are attractiveness: 9.0/10; sincerity: 10.0/10; intelligence: 10.0/10; being funny: 10.0/10; ambition: 9.0/10; shared interests: 9.0/10. Your importance weights for these attributes are: attractiveness: 14.58; sincerity: 16.67; intelligence: 20.83; being funny: 18.75; ambition: 16.67; shared interests: 12.5. Would you be willing to date this man? And also tell me the reason. Your answer must be (YES) or (NO) followed by your reason. You must FOLLOW THIS RULE! You MUST NOT SAY other words.,YES; because his overall rating across the dimensions you value highly is impressive and aligns well with your priorities in a partner.,220,206,,1
Assume you are a 28-year-old single man; and there is a 25-year-old woman who is courting you. Your career type is Consulting. You evaluated her on six dimensions with scores out of 10. These are attractiveness: 8.0/10; sincerity: 10.0/10; intelligence: 9.0/10; being funny: 9.0/10; ambition: 9.0/10; shared interests: 6.0/10. Your importance weights for these attributes are: attractiveness: 14.71; sincerity: 14.71; intelligence: 14.71; being funny: 14.71; ambition: 20.59; shared interests: 20.59. Would you be willing to date this woman? And also tell me the reason. Your answer must be (YES) or (NO) followed by your reason. You must FOLLOW THIS RULE! You MUST NOT SAY other words.,YES; because her scores are high in the most critical weighted attributes; and the overall compatibility from the provided metrics suggests a strong potential match.,208,225,,1
Assume you are a 23-year-old single woman; and there is a 23-year-old man who is courting you. Your career type is IP Law. You evaluated him on six dimensions with scores out of 10. These are attractiveness: 10.0/10; sincerity: 9.0/10; intelligence: 9.0/10; being funny: 10.0/10; ambition: 10.0/10; shared interests: 10.0/10. Your importance weights for these attributes are: attractiveness: 17.31; sincerity: 13.46; intelligence: 17.31; being funny: 19.23; ambition: 19.23; shared interests: 13.46. Would you be willing to date this man? And also tell me the reason. Your answer must be (YES) or (NO) followed by your reason. You must FOLLOW THIS RULE! You MUST NOT SAY other words.,YES; because the scores he received in the attributes you value are high and align well with your weighted importance; suggesting a strong potential compatibility.,226,207,,1
Assume you are a 30-year-old woman with career type Historian; currently matched with a partner. Your current partner's scores (out of 10): attractiveness: 7.0/10; sincerity: 8.0/10; intelligence: 7.0/10; being funny: 7.0/10; ambition: 4.0/10; shared interests: 7.0/10. A new man is courting you with scores: attractiveness: 9.0/10; sincerity: 10.0/10; intelligence: 10.0/10; being funny: 10.0/10; ambition: 9.0/10; shared interests: 10.0/10. Your importance weights are: attractiveness: 17.5; sincerity: 17.5; intelligence: 20.0; being funny: 12.5; ambition: 20.0; shared interests: 12.5. Would you leave your current partner for the new man? Your answer must be (YES) or (NO) followed by your reason. You must FOLLOW THIS RULE! You MUST NOT SAY other words.,YES; based on your importance weights and the scores; the new man aligns better with your priorities and values.,219,199,195,1
Assume you are a 27-year-old man with career type Investment Banking; currently matched with a partner. Your current partner's scores (out of 10): attractiveness: 10.0/10; sincerity: 7.0/10; intelligence: 9.0/10; being funny: 10.0/10; ambition: 10.0/10; shared interests: 7.0/10. A new woman is courting you with scores: attractiveness: 6.0/10; sincerity: 7.0/10; intelligence: 9.0/10; being funny: 6.0/10; ambition: 6.0/10; shared interests: 3.0/10. Your importance weights are: attractiveness: 15.56; sincerity: 17.78; intelligence: 17.78; being funny: 17.78; ambition: 17.78; shared interests: 13.33. Would you leave your current partner for the new woman? Your answer must be (YES) or (NO) followed by your reason. You must FOLLOW THIS RULE! You MUST NOT SAY other words.,NO; because your current partner scores higher in the areas you value most; such as attractiveness; being funny; and ambition; and also has notably higher overall compatibility based on your weighted importance of each trait.,203,221,217,0
Assume you are a 26-year-old single man; and there is a 24-year-old woman who is courting you. Your career type is corporate finance. You evaluated her on six dimensions with scores out of 10. These are attractiveness: 7.0/10; sincerity: 7.0/10; intelligence: 7.0/10; being funny: 7.0/10; ambition: 7.0/10; shared interests: 7.0/10. Your importance weights for these attributes are: attractiveness: 20.0; sincerity: 16.0; intelligence: 18.0; being funny: 16.0; ambition: 16.0; shared interests: 14.0. Would you be willing to date this woman? And also tell me the reason. Your answer must be (YES) or (NO) followed by your reason. You must FOLLOW THIS RULE! You MUST NOT SAY other words.,YES; because her scores are consistently good across all key dimensions that are important to you; indicating a well-rounded compatibility.,197,227,,1
Assume you are a 27-year-old woman with career type professional student; currently matched with a partner. Your current partner's scores (out of 10): attractiveness: 6.0/10; sincerity: 6.0/10; intelligence: 6.0/10; being funny: 6.0/10; ambition: 5.0/10; shared interests: 5.0/10. A new man is courting you with scores: attractiveness: 9.0/10; sincerity: 10.0/10; intelligence: 9.0/10; being funny: 9.0/10; ambition: 8.0/10; shared interests: 9.0/10. Your importance weights are: attractiveness: 15.38; sincerity: 19.23; intelligence: 19.23; being funny: 19.23; ambition: 13.46; shared interests: 13.46. Would you leave your current partner for the new man? Your answer must be (YES) or (NO) followed by your reason. You must FOLLOW THIS RULE! You MUST NOT SAY other words.,YES; because based on your importance weights and the scores provided; the new man aligns better with your priorities and offers higher overall compatibility according to your valued attributes.,219,195,199,1
Assume you are a 28-year-old single woman; and there is a 31-year-old man who is courting you. Your career type is Humanitarian Affairs/Human Rights. You evaluated him on six dimensions with scores out of 10. These are attractiveness: 5.0/10; sincerity: 10.0/10; intelligence: 10.0/10; being funny: 10.0/10; ambition: 9.0/10; shared interests: 9.0/10. Your importance weights for these attributes are: attractiveness: 16.36; sincerity: 16.36; intelligence: 18.18; being funny: 18.18; ambition: 16.36; shared interests: 14.55. Would you be willing to date this man? And also tell me the reason. Your answer must be (YES) or (NO) followed by your reason. You must FOLLOW THIS RULE! You MUST NOT SAY other words.,YES; because his scores are high in most attributes that are highly important to you; indicating strong compatibility despite the lower score in attractiveness.,232,211,,1
Assume you are a 27-year-old single man; and there is a 30-year-old woman who is courting you. Your career type is Professor or Consultant. You evaluated her on six dimensions with scores out of 10. These are attractiveness: 10.0/10; sincerity: 7.0/10; intelligence: 9.0/10; being funny: 8.0/10; ambition: 6.0/10; shared interests: 7.0/10. Your importance weights for these attributes are: attractiveness: 9.52; sincerity: 19.05; intelligence: 23.81; being funny: 19.05; ambition: 4.76; shared interests: 23.81. Would you be willing to date this woman? And also tell me the reason. Your answer must be (YES) or (NO) followed by your reason. You must FOLLOW THIS RULE! You MUST NOT SAY other words.,YES; because her overall compatibility score aligns well with your high-priority attributes such as intelligence and shared interests; despite lower ambition.,199,222,,1
Assume you are a 27-year-old woman with career type Finance; currently matched with a partner. Your current partner's scores (out of 10): attractiveness: 6.0/10; sincerity: 8.0/10; intelligence: 9.0/10; being funny: 6.0/10; ambition: 9.0/10; shared interests: 8.0/10. A new man is courting you with scores: attractiveness: 7.0/10; sincerity: 10.0/10; intelligence: 10.0/10; being funny: 7.0/10; ambition: 10.0/10; shared interests: 5.0/10. Your importance weights are: attractiveness: 14.29; sincerity: 18.37; intelligence: 18.37; being funny: 16.33; ambition: 18.37; shared interests: 14.29. Would you leave your current partner for the new man? Your answer must be (YES) or (NO) followed by your reason. You must FOLLOW THIS RULE! You MUST NOT SAY other words.,NO; because the weight of shared interests is significant and the new man scores significantly lower in this category; which might affect long-term compatibility and enjoyment of shared activities.,217,212,203,0
Assume you are a 27-year-old man with career type Consulting; currently matched with a partner. Your current partner's scores (out of 10): attractiveness: 7.0/10; sincerity: 9.0/10; intelligence: 8.0/10; being funny: 8.0/10; ambition: 7.0/10; shared interests: 5.0/10. A new woman is courting you with scores: attractiveness: 9.0/10; sincerity: 9.0/10; intelligence: 9.0/10; being funny: 9.0/10; ambition: 9.0/10; shared interests: 9.0/10. Your importance weights are: attractiveness: 7.5; sincerity: 17.5; intelligence: 20.0; being funny: 22.5; ambition: 12.5; shared interests: 20.0. Would you leave your current partner for the new woman? Your answer must be (YES) or (NO) followed by your reason. You must FOLLOW THIS RULE! You MUST NOT SAY other words.,NO; because the overall weighted scores based on your importance weights still value sincerity and shared interests highly; where your current partner is not significantly outperformed in sincerity; and the difference in shared interests alone might not justify leaving a stable relationship.,202,216,214,0
Assume you are a 25-year-old single woman; and there is a 26-year-old man who is courting you. Your career type is International Business. You evaluated him on six dimensions with scores out of 10. These are attractiveness: 6.0/10; sincerity: 9.0/10; intelligence: 9.0/10; being funny: 7.0/10; ambition: 9.0/10; shared interests: 6.0/10. Your importance weights for these attributes are: attractiveness: 15.52; sincerity: 17.24; intelligence: 17.24; being funny: 17.24; ambition: 17.24; shared interests: 15.52. Would you be willing to date this man? And also tell me the reason. Your answer must be (YES) or (NO) followed by your reason. You must FOLLOW THIS RULE! You MUST NOT SAY other words.,YES; because his high ratings in sincerity; intelligence; and ambition align well with the high importance weights placed on these attributes; suggesting that your core relationship values are met.,215,213,,1
Assume you are a 23-year-old single woman; and there is a 28-year-old man who is courting you. Your career type is investment banking. You evaluated him on six dimensions with scores out of 10. These are attractiveness: 6.0/10; sincerity: 6.0/10; intelligence: 8.0/10; being funny: 6.0/10; ambition: 6.0/10; shared interests: 5.0/10. Your importance weights for these attributes are: attractiveness: 15.38; sincerity: 19.23; intelligence: 17.31; being funny: 19.23; ambition: 9.62; shared interests: 19.23. Would you be willing to date this man? And also tell me the reason. Your answer must be (YES) or (NO) followed by your reason. You must FOLLOW THIS RULE! You MUST NOT SAY other words.,NO; because the weighted scores based on your importance do not align sufficiently with his qualities; especially in areas crucial to you like sincerity; being funny; and shared interests.,229,198,,0
Assume you are a 24-year-old man with career type professor; currently matched with a partner. Your current partner's scores (out of 10): attractiveness: 9.0/10; sincerity: 10.0/10; intelligence: 10.0/10; being funny: 10.0/10; ambition: 9.0/10; shared interests: 9.0/10. A new woman is courting you with scores: attractiveness: 7.0/10; sincerity: 7.0/10; intelligence: 7.0/10; being funny: 7.0/10; ambition: 7.0/10; shared interests: 5.0/10. Your importance weights are: attractiveness: 13.51; sincerity: 18.92; intelligence: 21.62; being funny: 13.51; ambition: 13.51; shared interests: 18.92. Would you leave your current partner for the new woman? Your answer must be (YES) or (NO) followed by your reason. You must FOLLOW THIS RULE! You MUST NOT SAY other words.,NO; because your current partner scores higher in every important category compared to the new woman; and matches very closely with your importance weights; indicating a stronger compatibility.,206,228,220,0
Assume you are a 30-year-old man with career type International affairs related career; currently matched with a partner. Your current partner's scores (out of 10): attractiveness: 2.0/10; sincerity: 9.0/10; intelligence: 9.0/10; being funny: 9.0/10; ambition: 2.0/10; shared interests: 2.0/10. A new woman is courting you with scores: attractiveness: 9.0/10; sincerity: 4.0/10; intelligence: 6.0/10; being funny: 6.0/10; ambition: 6.0/10; shared interests: 7.0/10. Your importance weights are: attractiveness: 18.6; sincerity: 20.93; intelligence: 23.26; being funny: 23.26; ambition: 2.33; shared interests: 11.63. Would you leave your current partner for the new woman? Your answer must be (YES) or (NO) followed by your reason. You must FOLLOW THIS RULE! You MUST NOT SAY other words.,NO; because sincerity and intelligence are highly rated in your importance weights; and your current partner scores significantly higher in these categories than the new woman.,199,231,222,0
Assume you are a 24-year-old man with career type professor; currently matched with a partner. Your current partner's scores (out of 10): attractiveness: 5.0/10; sincerity: 10.0/10; intelligence: 10.0/10; being funny: 10.0/10; ambition: 9.0/10; shared interests: 9.0/10. A new woman is courting you with scores: attractiveness: 6.0/10; sincerity: 6.0/10; intelligence: 6.0/10; being funny: 5.0/10; ambition: 6.0/10; shared interests: 5.0/10. Your importance weights are: attractiveness: 13.51; sincerity: 18.92; intelligence: 21.62; being funny: 13.51; ambition: 13.51; shared interests: 18.92. Would you leave your current partner for the new woman? Your answer must be (YES) or (NO) followed by your reason. You must FOLLOW THIS RULE! You MUST NOT SAY other words.,NO; because your current partner has significantly higher scores in areas you value most like sincerity; intelligence; and shared interests; outweighing the somewhat higher attractiveness score of the new woman.,211,228,232,0
Assume you are a 27-year-old man with career type Investment Banking; currently matched with a partner. Your current partner's scores (out of 10): attractiveness: 9.0/10; sincerity: 10.0/10; intelligence: 10.0/10; being funny: 10.0/10; ambition: 9.0/10; shared interests: 9.0/10. A new woman is courting you with scores: attractiveness: 6.0/10; sincerity: 6.0/10; intelligence: 7.0/10; being funny: 7.0/10; ambition: 7.0/10; shared interests: 5.0/10. Your importance weights are: attractiveness: 15.56; sincerity: 17.78; intelligence: 17.78; being funny: 17.78; ambition: 17.78; shared interests: 13.33. Would you leave your current partner for the new woman? Your answer must be (YES) or (NO) followed by your reason. You must FOLLOW THIS RULE! You MUST NOT SAY other words.,NO; because your current partner scores higher in all the qualities you value; which aligns better with your priorities and importance weights.,206,221,220,0
Assume you are a 30-year-old man with career type International affairs related career; currently matched with a partner. Your current partner's scores (out of 10): attractiveness: 9.0/10; sincerity: 10.0/10; intelligence: 10.0/10; being funny: 10.0/10; ambition: 9.0/10; shared interests: 9.0/10. A new woman is courting you with scores: attractiveness: 5.0/10; sincerity: 9.0/10; intelligence: 9.0/10; being funny: 8.0/10; ambition: 7.0/10; shared interests: 8.0/10. Your importance weights are: attractiveness: 18.6; sincerity: 20.93; intelligence: 23.26; being funny: 23.26; ambition: 2.33; shared interests: 11.63. Would you leave your current partner for the new woman? Your answer must be (YES) or (NO) followed by your reason. You must FOLLOW THIS RULE! You MUST NOT SAY other words.,NO; because your current partner scores higher in every category that is important to you based on your weighted priorities.,206,231,220,0
Assume you are a 27-year-old woman with career type Finance; currently matched with a partner. Your current partner's scores (out of 10): attractiveness: 7.0/10; sincerity: 8.0/10; intelligence: 7.0/10; being funny: 7.0/10; ambition: 4.0/10; shared interests: 7.0/10. A new man is courting you with scores: attractiveness: 8.0/10; sincerity: 8.0/10; intelligence: 9.0/10; being funny: 8.0/10; ambition: 9.0/10; shared interests: 6.0/10. Your importance weights are: attractiveness: 14.29; sincerity: 18.37; intelligence: 18.37; being funny: 16.33; ambition: 18.37; shared interests: 14.29. Would you leave your current partner for the new man? Your answer must be (YES) or (NO) followed by your reason. You must FOLLOW THIS RULE! You MUST NOT SAY other words.,NO; because the emotional and historical relationship factors should also be considered beyond just numerical ratings; and these are not accounted for in the score system presented.,219,212,195,0
Assume you are a 27-year-old man with career type Investment Banking; currently matched with a partner. Your current partner's scores (out of 10): attractiveness: 10.0/10; sincerity: 9.0/10; intelligence: 9.0/10; being funny: 10.0/10; ambition: 10.0/10; shared interests: 10.0/10. A new woman is courting you with scores: attractiveness: 8.0/10; sincerity: 7.0/10; intelligence: 7.0/10; being funny: 9.0/10; ambition: 9.0/10; shared interests: 5.0/10. Your importance weights are: attractiveness: 15.56; sincerity: 17.78; intelligence: 17.78; being funny: 17.78; ambition: 17.78; shared interests: 13.33. Would you leave your current partner for the new woman? Your answer must be (YES) or (NO) followed by your reason. You must FOLLOW THIS RULE! You MUST NOT SAY other words.,NO; because your current partner scores higher in all categories that are important to you; indicating higher overall compatibility based on your weighted preferences.,207,221,226,0
Assume you are a 23-year-old woman with career type investment banking; currently matched with a partner. Your current partner's scores (out of 10): attractiveness: 4.0/10; sincerity: 8.0/10; intelligence: 4.0/10; being funny: 5.0/10; ambition: 4.0/10; shared interests: 6.0/10. A new man is courting you with scores: attractiveness: 4.0/10; sincerity: 5.0/10; intelligence: 5.0/10; being funny: 6.0/10; ambition: 6.0/10; shared interests: 5.0/10. Your importance weights are: attractiveness: 15.38; sincerity: 19.23; intelligence: 17.31; being funny: 19.23; ambition: 9.62; shared interests: 19.23. Would you leave your current partner for the new man? Your answer must be (YES) or (NO) followed by your reason. You must FOLLOW THIS RULE! You MUST NOT SAY other words.,NO; because your current partner has higher sincerity; which is highly weighted in your importance scale; and overall aligns better with your prioritized values compared to the new man.,215,198,213,0
Assume you are a 30-year-old man with career type International affairs related career; currently matched with a partner. Your current partner's scores (out of 10): attractiveness: 5.0/10; sincerity: 8.0/10; intelligence: 8.0/10; being funny: 9.0/10; ambition: 9.0/10; shared interests: 5.0/10. A new woman is courting you with scores: attractiveness: 8.0/10; sincerity: 8.0/10; intelligence: 7.0/10; being funny: 9.0/10; ambition: 6.0/10; shared interests: 7.0/10. Your importance weights are: attractiveness: 18.6; sincerity: 20.93; intelligence: 23.26; being funny: 23.26; ambition: 2.33; shared interests: 11.63. Would you leave your current partner for the new woman? Your answer must be (YES) or (NO) followed by your reason. You must FOLLOW THIS RULE! You MUST NOT SAY other words.,NO; because the new woman scores lower in ambition; which is crucial for compatibility with your career-focused lifestyle; and her qualities do not significantly outweigh your current partner’s scores in your prioritized importance weights.,208,231,225,0
Assume you are a 42-year-old man with career type consulting; currently matched with a partner. Your current partner's scores (out of 10): attractiveness: 9.0/10; sincerity: 10.0/10; intelligence: 9.0/10; being funny: 9.0/10; ambition: 8.0/10; shared interests: 9.0/10. A new woman is courting you with scores: attractiveness: 8.0/10; sincerity: 7.0/10; intelligence: 7.0/10; being funny: 7.0/10; ambition: 6.0/10; shared interests: 5.0/10. Your importance weights are: attractiveness: 23.81; sincerity: 23.81; intelligence: 23.81; being funny: 23.81; ambition: 2.38; shared interests: 2.38. Would you leave your current partner for the new woman? Your answer must be (YES) or (NO) followed by your reason. You must FOLLOW THIS RULE! You MUST NOT SAY other words.,NO; because your current partner scores higher in all the categories that are most important to you based on your weighted preferences.,195,230,219,0
Assume you are a 30-year-old single man; and there is a 27-year-old woman who is courting you. Your career type is International affairs related career. You evaluated her on six dimensions with scores out of 10. These are attractiveness: 6.0/10; sincerity: 8.0/10; intelligence: 7.0/10; being funny: 6.0/10; ambition: 7.0/10; shared interests: 10.0/10. Your importance weights for these attributes are: attractiveness: 18.6; sincerity: 20.93; intelligence: 23.26; being funny: 23.26; ambition: 2.33; shared interests: 11.63. Would you be willing to date this woman? And also tell me the reason. Your answer must be (YES) or (NO) followed by your reason. You must FOLLOW THIS RULE! You MUST NOT SAY other words.,YES; because her scores meet or exceed your average expectations in almost all essential categories; particularly in shared interests; which fosters a solid foundation for a relationship.,212,231,,1
Assume you are a 25-year-old woman with career type education; currently matched with a partner. Your current partner's scores (out of 10): attractiveness: 9.0/10; sincerity: 8.0/10; intelligence: 9.0/10; being funny: 9.0/10; ambition: 9.0/10; shared interests: 6.0/10. A new man is courting you with scores: attractiveness: 5.0/10; sincerity: 8.0/10; intelligence: 7.0/10; being funny: 9.0/10; ambition: 8.0/10; shared interests: 5.0/10. Your importance weights are: attractiveness: 17.65; sincerity: 17.65; intelligence: 17.65; being funny: 15.69; ambition: 15.69; shared interests: 15.69. Would you leave your current partner for the new man? Your answer must be (YES) or (NO) followed by your reason. You must FOLLOW THIS RULE! You MUST NOT SAY other words.,NO because the current partner scores higher in most categories that are important to you; including attractiveness; intelligence; and ambition; which have higher weightage according to your preferences.,214,196,202,0
Assume you are a 23-year-old woman with career type academic; currently matched with a partner. Your current partner's scores (out of 10): attractiveness: 5.0/10; sincerity: 8.0/10; intelligence: 7.0/10; being funny: 7.0/10; ambition: 6.0/10; shared interests: 7.0/10. A new man is courting you with scores: attractiveness: 10.0/10; sincerity: 10.0/10; intelligence: 10.0/10; being funny: 7.0/10; ambition: 7.0/10; shared interests: 9.0/10. Your importance weights are: attractiveness: 15.38; sincerity: 17.31; intelligence: 19.23; being funny: 19.23; ambition: 11.54; shared interests: 17.31. Would you leave your current partner for the new man? Your answer must be (YES) or (NO) followed by your reason. You must FOLLOW THIS RULE! You MUST NOT SAY other words.,YES; because the new man has significantly higher scores in categories that are important to you; weighted by your specific values; which suggest a potentially better overall match.,224,205,194,1
Assume you are a 26-year-old woman with career type marketing / brand management; currently matched with a partner. Your current partner's scores (out of 10): attractiveness: 6.0/10; sincerity: 8.0/10; intelligence: 9.0/10; being funny: 6.0/10; ambition: 9.0/10; shared interests: 8.0/10. A new man is courting you with scores: attractiveness: 9.0/10; sincerity: 8.0/10; intelligence: 10.0/10; being funny: 8.0/10; ambition: 10.0/10; shared interests: 7.0/10. Your importance weights are: attractiveness: 19.61; sincerity: 15.69; intelligence: 17.65; being funny: 15.69; ambition: 17.65; shared interests: 13.73. Would you leave your current partner for the new man? Your answer must be (YES) or (NO) followed by your reason. You must FOLLOW THIS RULE! You MUST NOT SAY other words.,NO because your current partner still aligns well with your priority values; and the stability and sincerity in your existing relationship outweigh the marginal increases in certain attributes presented by the new man.,217,204,203,0
Assume you are a 24-year-old man with career type professor; currently matched with a partner. Your current partner's scores (out of 10): attractiveness: 7.0/10; sincerity: 7.0/10; intelligence: 7.0/10; being funny: 8.0/10; ambition: 7.0/10; shared interests: 7.0/10. A new woman is courting you with scores: attractiveness: 7.0/10; sincerity: 6.0/10; intelligence: 7.0/10; being funny: 7.0/10; ambition: 6.0/10; shared interests: 6.0/10. Your importance weights are: attractiveness: 13.51; sincerity: 18.92; intelligence: 21.62; being funny: 13.51; ambition: 13.51; shared interests: 18.92. Would you leave your current partner for the new woman? Your answer must be (YES) or (NO) followed by your reason. You must FOLLOW THIS RULE! You MUST NOT SAY other words.,NO; because your current partner scores higher overall across the categories that are most important to you; particularly in sincerity and shared interests; which have high importance weights.,212,228,231,0
Assume you are a 24-year-old single man; and there is a 24-year-old woman who is courting you. Your career type is professor. You evaluated her on six dimensions with scores out of 10. These are attractiveness: 6.0/10; sincerity: 7.0/10; intelligence: 6.0/10; being funny: 4.0/10; ambition: 6.0/10; shared interests: 5.0/10. Your importance weights for these attributes are: attractiveness: 13.51; sincerity: 18.92; intelligence: 21.62; being funny: 13.51; ambition: 13.51; shared interests: 18.92. Would you be willing to date this woman? And also tell me the reason. Your answer must be (YES) or (NO) followed by your reason. You must FOLLOW THIS RULE! You MUST NOT SAY other words.,NO; because her overall scores do not align well with the importance weights you place on each dimension for a potential partner.,194,228,,0
Assume you are a 26-year-old woman with career type marketing / brand management; currently matched with a partner. Your current partner's scores (out of 10): attractiveness: 9.0/10; sincerity: 7.0/10; intelligence: 7.0/10; being funny: 9.0/10; ambition: 7.0/10; shared interests: 7.0/10. A new man is courting you with scores: attractiveness: 9.0/10; sincerity: 9.0/10; intelligence: 8.0/10; being funny: 9.0/10; ambition: 7.0/10; shared interests: 8.0/10. Your importance weights are: attractiveness: 19.61; sincerity: 15.69; intelligence: 17.65; being funny: 15.69; ambition: 17.65; shared interests: 13.73. Would you leave your current partner for the new man? Your answer must be (YES) or (NO) followed by your reason. You must FOLLOW THIS RULE! You MUST NOT SAY other words.,NO; because emotional and relationship decisions should not solely be based on numerical scores or comparisons; but also on deeper emotional connections; values; shared life goals; and the overall dynamics of the relationship.,226,204,207,0
Assume you are a 42-year-old man with career type consulting; currently matched with a partner. Your current partner's scores (out of 10): attractiveness: 7.0/10; sincerity: 7.0/10; intelligence: 7.0/10; being funny: 7.0/10; ambition: 7.0/10; shared interests: 3.0/10. A new woman is courting you with scores: attractiveness: 7.0/10; sincerity: 6.0/10; intelligence: 7.0/10; being funny: 6.0/10; ambition: 5.0/10; shared interests: 5.0/10. Your importance weights are: attractiveness: 23.81; sincerity: 23.81; intelligence: 23.81; being funny: 23.81; ambition: 2.38; shared interests: 2.38. Would you leave your current partner for the new woman? Your answer must be (YES) or (NO) followed by your reason. You must FOLLOW THIS RULE! You MUST NOT SAY other words.,NO; because your current partner has higher overall scores in areas that are highly important to you (sincerity; intelligence; being funny; and ambition); which suggests a potentially more satisfying and stable relationship based on your weighted preferences.,197,230,227,0
Assume you are a 23-year-old single woman; and there is a 27-year-old man who is courting you. Your career type is investment banking. You evaluated him on six dimensions with scores out of 10. These are attractiveness: 3.0/10; sincerity: 4.0/10; intelligence: 5.0/10; being funny: 6.0/10; ambition: 6.0/10; shared interests: 7.0/10. Your importance weights for these attributes are: attractiveness: 15.38; sincerity: 19.23; intelligence: 17.31; being funny: 19.23; ambition: 9.62; shared interests: 19.23. Would you be willing to date this man? And also tell me the reason. Your answer must be (YES) or (NO) followed by your reason. You must FOLLOW THIS RULE! You MUST NOT SAY other words.,NO; the low scores in key areas like attractiveness; sincerity; and intelligence do not align well with their respective high importance weights; suggesting a mismatch in crucial compatibility aspects.,216,198,,0
Assume you are a 24-year-old woman with career type Psychologist; currently matched with a partner. Your current partner's scores (out of 10): attractiveness: 4.0/10; sincerity: 8.0/10; intelligence: 4.0/10; being funny: 5.0/10; ambition: 4.0/10; shared interests: 6.0/10. A new man is courting you with scores: attractiveness: 9.0/10; sincerity: 9.0/10; intelligence: 9.0/10; being funny: 9.0/10; ambition: 9.0/10; shared interests: 7.0/10. Your importance weights are: attractiveness: 16.0; sincerity: 16.0; intelligence: 20.0; being funny: 16.0; ambition: 18.0; shared interests: 14.0. Would you leave your current partner for the new man? Your answer must be (YES) or (NO) followed by your reason. You must FOLLOW THIS RULE! You MUST NOT SAY other words.,YES; because the new man significantly scores higher in all categories that are important to you based on your weighted preferences; suggesting a potentially more fulfilling relationship.,215,194,213,1
Assume you are a 27-year-old man with career type Investment Banking; currently matched with a partner. Your current partner's scores (out of 10): attractiveness: 5.0/10; sincerity: 8.0/10; intelligence: 8.0/10; being funny: 9.0/10; ambition: 9.0/10; shared interests: 5.0/10. A new woman is courting you with scores: attractiveness: 7.0/10; sincerity: 7.0/10; intelligence: 7.0/10; being funny: 8.0/10; ambition: 8.0/10; shared interests: 5.0/10. Your importance weights are: attractiveness: 15.56; sincerity: 17.78; intelligence: 17.78; being funny: 17.78; ambition: 17.78; shared interests: 13.33. Would you leave your current partner for the new woman? Your answer must be (YES) or (NO) followed by your reason. You must FOLLOW THIS RULE! You MUST NOT SAY other words.,NO; because your current partner scores higher in sincerity; intelligence; being funny; and ambition; which are weighted heavily in your importance criteria. The slightly higher attractiveness and equal shared interests of the new woman do not compensate for the loss in other significant areas according to your values.,208,221,225,0
Assume you are a 25-year-old woman with career type International Business; currently matched with a partner. Your current partner's scores (out of 10): attractiveness: 6.0/10; sincerity: 8.0/10; intelligence: 9.0/10; being funny: 6.0/10; ambition: 9.0/10; shared interests: 8.0/10. A new man is courting you with scores: attractiveness: 8.0/10; sincerity: 8.0/10; intelligence: 9.0/10; being funny: 8.0/10; ambition: 10.0/10; shared interests: 8.0/10. Your importance weights are: attractiveness: 15.52; sincerity: 17.24; intelligence: 17.24; being funny: 17.24; ambition: 17.24; shared interests: 15.52. Would you leave your current partner for the new man? Your answer must be (YES) or (NO) followed by your reason. You must FOLLOW THIS RULE! You MUST NOT SAY other words.,NO; because the differences in the scores are not significantly higher to justify ending a stable relationship where trust and understanding may have been built over time.,217,213,203,0
Assume you are a 28-year-old man with career type CEO in For Profit Biomedical Organization; currently matched with a partner. Your current partner's scores (out of 10): attractiveness: 9.0/10; sincerity: 10.0/10; intelligence: 10.0/10; being funny: 10.0/10; ambition: 9.0/10; shared interests: 9.0/10. A new woman is courting you with scores: attractiveness: 3.0/10; sincerity: 9.0/10; intelligence: 8.0/10; being funny: 7.0/10; ambition: 5.0/10; shared interests: 4.0/10. Your importance weights are: attractiveness: 21.43; sincerity: 16.67; intelligence: 21.43; being funny: 16.67; ambition: 11.9; shared interests: 11.9. Would you leave your current partner for the new woman? Your answer must be (YES) or (NO) followed by your reason. You must FOLLOW THIS RULE! You MUST NOT SAY other words.,NO; because your current partner significantly outperforms the new woman in every category that is important to you based on your assigned weights.,206,229,220,0
Assume you are a 28-year-old man with career type History Professor; currently matched with a partner. Your current partner's scores (out of 10): attractiveness: 10.0/10; sincerity: 7.0/10; intelligence: 9.0/10; being funny: 10.0/10; ambition: 10.0/10; shared interests: 7.0/10. A new woman is courting you with scores: attractiveness: 9.0/10; sincerity: 9.0/10; intelligence: 9.0/10; being funny: 8.0/10; ambition: 8.0/10; shared interests: 7.0/10. Your importance weights are: attractiveness: 17.39; sincerity: 17.39; intelligence: 19.57; being funny: 19.57; ambition: 10.87; shared interests: 15.22. Would you leave your current partner for the new woman? Your answer must be (YES) or (NO) followed by your reason. You must FOLLOW THIS RULE! You MUST NOT SAY other words.,NO; because your current partner has higher weighted scores in attractiveness; being funny; and ambition which are significant based on your importance weights.,203,223,217,0
Assume you are a 27-year-old man with career type Investment Banking; currently matched with a partner. Your current partner's scores (out of 10): attractiveness: 9.0/10; sincerity: 9.0/10; intelligence: 9.0/10; being funny: 9.0/10; ambition: 9.0/10; shared interests: 7.0/10. A new woman is courting you with scores: attractiveness: 4.0/10; sincerity: 3.0/10; intelligence: 6.0/10; being funny: 7.0/10; ambition: 6.0/10; shared interests: 5.0/10. Your importance weights are: attractiveness: 15.56; sincerity: 17.78; intelligence: 17.78; being funny: 17.78; ambition: 17.78; shared interests: 13.33. Would you leave your current partner for the new woman? Your answer must be (YES) or (NO) followed by your reason. You must FOLLOW THIS RULE! You MUST NOT SAY other words.,NO; because your current partner has significantly higher scores in almost all categories that you value; including sincerity and intelligence; which are crucial for a meaningful relationship.,194,221,215,0
Assume you are a 25-year-old woman with career type International Business; currently matched with a partner. Your current partner's scores (out of 10): attractiveness: 7.0/10; sincerity: 6.0/10; intelligence: 7.0/10; being funny: 6.0/10; ambition: 6.0/10; shared interests: 6.0/10. A new man is courting you with scores: attractiveness: 7.0/10; sincerity: 8.0/10; intelligence: 9.0/10; being funny: 6.0/10; ambition: 9.0/10; shared interests: 5.0/10. Your importance weights are: attractiveness: 15.52; sincerity: 17.24; intelligence: 17.24; being funny: 17.24; ambition: 17.24; shared interests: 15.52. Would you leave your current partner for the new man? Your answer must be (YES) or (NO) followed by your reason. You must FOLLOW THIS RULE! You MUST NOT SAY other words.,NO; because despite the new man scoring higher in sincerity; intelligence; and ambition; the shared interests and humor; which are highly important; might affect long-term compatibility.,218,213,200,0
Assume you are a 26-year-old woman with career type marketing / brand management; currently matched with a partner. Your current partner's scores (out of 10): attractiveness: 3.0/10; sincerity: 4.0/10; intelligence: 4.0/10; being funny: 3.0/10; ambition: 3.0/10; shared interests: 4.0/10. A new man is courting you with scores: attractiveness: 7.0/10; sincerity: 7.0/10; intelligence: 9.0/10; being funny: 8.0/10; ambition: 8.0/10; shared interests: 6.0/10. Your importance weights are: attractiveness: 19.61; sincerity: 15.69; intelligence: 17.65; being funny: 15.69; ambition: 17.65; shared interests: 13.73. Would you leave your current partner for the new man? Your answer must be (YES) or (NO) followed by your reason. You must FOLLOW THIS RULE! You MUST NOT SAY other words.,YES; because the new man has significantly higher scores in all categories that are important to you; indicating a potentially more fulfilling and compatible relationship.,215,204,194,1
Assume you are a 28-year-old man with career type History Professor; currently matched with a partner. Your current partner's scores (out of 10): attractiveness: 9.0/10; sincerity: 10.0/10; intelligence: 10.0/10; being funny: 10.0/10; ambition: 9.0/10; shared interests: 9.0/10. A new woman is courting you with scores: attractiveness: 10.0/10; sincerity: 9.0/10; intelligence: 10.0/10; being funny: 8.0/10; ambition: 9.0/10; shared interests: 6.0/10. Your importance weights are: attractiveness: 17.39; sincerity: 17.39; intelligence: 19.57; being funny: 19.57; ambition: 10.87; shared interests: 15.22. Would you leave your current partner for the new woman? Your answer must be (YES) or (NO) followed by your reason. You must FOLLOW THIS RULE! You MUST NOT SAY other words.,NO; because your current partner has higher scores in sincerity and shared interests; which are important factors based on your importance weights; providing a more stable basis for a long-lasting relationship.,206,223,220,0
Assume you are a 28-year-old man with career type CEO in For Profit Biomedical Organization; currently matched with a partner. Your current partner's scores (out of 10): attractiveness: 7.0/10; sincerity: 7.0/10; intelligence: 7.0/10; being funny: 7.0/10; ambition: 7.0/10; shared interests: 3.0/10. A new woman is courting you with scores: attractiveness: 4.0/10; sincerity: 8.0/10; intelligence: 8.0/10; being funny: 5.0/10; ambition: 4.0/10; shared interests: 3.0/10. Your importance weights are: attractiveness: 21.43; sincerity: 16.67; intelligence: 21.43; being funny: 16.67; ambition: 11.9; shared interests: 11.9. Would you leave your current partner for the new woman? Your answer must be (YES) or (NO) followed by your reason. You must FOLLOW THIS RULE! You MUST NOT SAY other words.,NO; the new woman has lower scores in key areas you value highly such as attractiveness and ambition; which outweigh the increase in sincerity and intelligence.,197,229,227,0
Assume you are a 28-year-old man with career type CEO in For Profit Biomedical Organization; currently matched with a partner. Your current partner's scores (out of 10): attractiveness: 6.0/10; sincerity: 7.0/10; intelligence: 9.0/10; being funny: 5.0/10; ambition: 9.0/10; shared interests: nan/10. A new woman is courting you with scores: attractiveness: 8.0/10; sincerity: 8.0/10; intelligence: 6.0/10; being funny: 6.0/10; ambition: 6.0/10; shared interests: 3.0/10. Your importance weights are: attractiveness: 21.43; sincerity: 16.67; intelligence: 21.43; being funny: 16.67; ambition: 11.9; shared interests: 11.9. Would you leave your current partner for the new woman? Your answer must be (YES) or (NO) followed by your reason. You must FOLLOW THIS RULE! You MUST NOT SAY other words.,NO; the current partner has higher intelligence and ambition scores which are highly weighted in your importance scale; indicating better long-term compatibility based on your values.,200,229,218,0
Assume you are a 27-year-old man with career type Investment Banking; currently matched with a partner. Your current partner's scores (out of 10): attractiveness: 9.0/10; sincerity: 10.0/10; intelligence: 9.0/10; being funny: 9.0/10; ambition: 8.0/10; shared interests: 9.0/10. A new woman is courting you with scores: attractiveness: 7.0/10; sincerity: 8.0/10; intelligence: 8.0/10; being funny: 8.0/10; ambition: 5.0/10; shared interests: 5.0/10. Your importance weights are: attractiveness: 15.56; sincerity: 17.78; intelligence: 17.78; being funny: 17.78; ambition: 17.78; shared interests: 13.33. Would you leave your current partner for the new woman? Your answer must be (YES) or (NO) followed by your reason. You must FOLLOW THIS RULE! You MUST NOT SAY other words.,NO; because your current partner scores higher in all the weighted categories that are important to you; indicating a stronger overall compatibility.,195,221,219,0
Assume you are a 24-year-old woman with career type Psychologist; currently matched with a partner. Your current partner's scores (out of 10): attractiveness: 10.0/10; sincerity: 10.0/10; intelligence: 10.0/10; being funny: 10.0/10; ambition: 10.0/10; shared interests: 10.0/10. A new man is courting you with scores: attractiveness: 6.0/10; sincerity: 10.0/10; intelligence: 10.0/10; being funny: 9.0/10; ambition: 10.0/10; shared interests: 7.0/10. Your importance weights are: attractiveness: 16.0; sincerity: 16.0; intelligence: 20.0; being funny: 16.0; ambition: 18.0; shared interests: 14.0. Would you leave your current partner for the new man? Your answer must be (YES) or (NO) followed by your reason. You must FOLLOW THIS RULE! You MUST NOT SAY other words.,NO; your current partner scores are higher across all categories based on your importance weights; making them a better match according to your preferences.,220,194,206,0
Assume you are a 28-year-old man with career type CEO in For Profit Biomedical Organization; currently matched with a partner. Your current partner's scores (out of 10): attractiveness: 7.0/10; sincerity: 9.0/10; intelligence: 8.0/10; being funny: 8.0/10; ambition: 7.0/10; shared interests: 5.0/10. A new woman is courting you with scores: attractiveness: 2.0/10; sincerity: 8.0/10; intelligence: 9.0/10; being funny: 4.0/10; ambition: 3.0/10; shared interests: 2.0/10. Your importance weights are: attractiveness: 21.43; sincerity: 16.67; intelligence: 21.43; being funny: 16.67; ambition: 11.9; shared interests: 11.9. Would you leave your current partner for the new woman? Your answer must be (YES) or (NO) followed by your reason. You must FOLLOW THIS RULE! You MUST NOT SAY other words.,NO; because your current partner scores higher in most categories that are important to you; including attractiveness; being funny; and ambition; and overall compatibility seems higher with your current partner.,202,229,214,0
Assume you are a 25-year-old woman with career type education; currently matched with a partner. Your current partner's scores (out of 10): attractiveness: 6.0/10; sincerity: 7.0/10; intelligence: 7.0/10; being funny: 7.0/10; ambition: 6.0/10; shared interests: 6.0/10. A new man is courting you with scores: attractiveness: 5.0/10; sincerity: 6.0/10; intelligence: 7.0/10; being funny: 6.0/10; ambition: 7.0/10; shared interests: 5.0/10. Your importance weights are: attractiveness: 17.65; sincerity: 17.65; intelligence: 17.65; being funny: 15.69; ambition: 15.69; shared interests: 15.69. Would you leave your current partner for the new man? Your answer must be (YES) or (NO) followed by your reason. You must FOLLOW THIS RULE! You MUST NOT SAY other words.,NO; because your current partner scores higher overall in the categories you value according to your specified weights.,215,196,204,0
Assume you are a 28-year-old single man; and there is a 24-year-old woman who is courting you. Your career type is History Professor. You evaluated her on six dimensions with scores out of 10. These are attractiveness: 7.0/10; sincerity: 7.0/10; intelligence: 7.0/10; being funny: 8.0/10; ambition: 6.0/10; shared interests: 7.0/10. Your importance weights for these attributes are: attractiveness: 17.39; sincerity: 17.39; intelligence: 19.57; being funny: 19.57; ambition: 10.87; shared interests: 15.22. Would you be willing to date this woman? And also tell me the reason. Your answer must be (YES) or (NO) followed by your reason. You must FOLLOW THIS RULE! You MUST NOT SAY other words.,YES; because by using weighted averages based on your importance ratings and her scores in various dimensions; she appears to be a compatible match overall.,194,223,,1
Assume you are a 27-year-old man with career type Investment Banking; currently matched with a partner. Your current partner's scores (out of 10): attractiveness: 7.0/10; sincerity: 7.0/10; intelligence: 7.0/10; being funny: 7.0/10; ambition: 7.0/10; shared interests: 3.0/10. A new woman is courting you with scores: attractiveness: 7.0/10; sincerity: 6.0/10; intelligence: 7.0/10; being funny: 6.0/10; ambition: 6.0/10; shared interests: 5.0/10. Your importance weights are: attractiveness: 15.56; sincerity: 17.78; intelligence: 17.78; being funny: 17.78; ambition: 17.78; shared interests: 13.33. Would you leave your current partner for the new woman? Your answer must be (YES) or (NO) followed by your reason. You must FOLLOW THIS RULE! You MUST NOT SAY other words.,NO; because the current partner scores higher overall based on weighted importance; particularly in sincerity; intelligence; ambition; and being funny which are heavily weighted in your preferences.,197,221,227,0
Assume you are a 27-year-old man with career type Investment Banking; currently matched with a partner. Your current partner's scores (out of 10): attractiveness: 2.0/10; sincerity: 9.0/10; intelligence: 9.0/10; being funny: 9.0/10; ambition: 2.0/10; shared interests: 2.0/10. A new woman is courting you with scores: attractiveness: 8.0/10; sincerity: 6.0/10; intelligence: 7.0/10; being funny: 7.0/10; ambition: 8.0/10; shared interests: 3.0/10. Your importance weights are: attractiveness: 15.56; sincerity: 17.78; intelligence: 17.78; being funny: 17.78; ambition: 17.78; shared interests: 13.33. Would you leave your current partner for the new woman? Your answer must be (YES) or (NO) followed by your reason. You must FOLLOW THIS RULE! You MUST NOT SAY other words.,NO; the current partner has high scores in sincerity; intelligence; and being funny; which align closely with your high importance weights in these categories; suggesting a deeper emotional and intellectual connection despite lower scores in attractiveness; ambition; and shared interests.,199,221,222,0
Assume you are a 42-year-old man with career type consulting; currently matched with a partner. Your current partner's scores (out of 10): attractiveness: 9.0/10; sincerity: 10.0/10; intelligence: 10.0/10; being funny: 10.0/10; ambition: 9.0/10; shared interests: 9.0/10. A new woman is courting you with scores: attractiveness: 6.0/10; sincerity: 8.0/10; intelligence: 9.0/10; being funny: 8.0/10; ambition: 7.0/10; shared interests: 7.0/10. Your importance weights are: attractiveness: 23.81; sincerity: 23.81; intelligence: 23.81; being funny: 23.81; ambition: 2.38; shared interests: 2.38. Would you leave your current partner for the new woman? Your answer must be (YES) or (NO) followed by your reason. You must FOLLOW THIS RULE! You MUST NOT SAY other words.,NO; because your current partner scores higher overall in categories you value most; including attractiveness; sincerity; intelligence; and being funny; aligning better with your weighted importance on these traits.,206,230,220,0
Assume you are a 24-year-old single man; and there is a 25-year-old woman who is courting you. Your career type is professor. You evaluated her on six dimensions with scores out of 10. These are attractiveness: 6.0/10; sincerity: 7.0/10; intelligence: 6.0/10; being funny: 4.0/10; ambition: 5.0/10; shared interests: 6.0/10. Your importance weights for these attributes are: attractiveness: 13.51; sincerity: 18.92; intelligence: 21.62; being funny: 13.51; ambition: 13.51; shared interests: 18.92. Would you be willing to date this woman? And also tell me the reason. Your answer must be (YES) or (NO) followed by your reason. You must FOLLOW THIS RULE! You MUST NOT SAY other words.,NO; because the weighted average of her scores based on your importance weights does not sufficiently meet your expectations across key dimensions that are most important to you; such as intelligence and shared interests.,196,228,,0
Assume you are a 25-year-old single woman; and there is a 27-year-old man who is courting you. Your career type is International Business. You evaluated him on six dimensions with scores out of 10. These are attractiveness: 8.0/10; sincerity: 9.0/10; intelligence: 10.0/10; being funny: 6.0/10; ambition: 9.0/10; shared interests: 7.0/10. Your importance weights for these attributes are: attractiveness: 15.52; sincerity: 17.24; intelligence: 17.24; being funny: 17.24; ambition: 17.24; shared interests: 15.52. Would you be willing to date this man? And also tell me the reason. Your answer must be (YES) or (NO) followed by your reason. You must FOLLOW THIS RULE! You MUST NOT SAY other words.,YES; because the scores on key attributes such as intelligence; sincerity; and ambition align well with their high importance weights; suggesting a potentially compatible and satisfying relationship.,221,213,,1
Assume you are a 23-year-old woman with career type investment banking; currently matched with a partner. Your current partner's scores (out of 10): attractiveness: 6.0/10; sincerity: 8.0/10; intelligence: 9.0/10; being funny: 6.0/10; ambition: 9.0/10; shared interests: 8.0/10. A new man is courting you with scores: attractiveness: 6.0/10; sincerity: 5.0/10; intelligence: 7.0/10; being funny: 5.0/10; ambition: 5.0/10; shared interests: 6.0/10. Your importance weights are: attractiveness: 15.38; sincerity: 19.23; intelligence: 17.31; being funny: 19.23; ambition: 9.62; shared interests: 19.23. Would you leave your current partner for the new man? Your answer must be (YES) or (NO) followed by your reason. You must FOLLOW THIS RULE! You MUST NOT SAY other words.,NO; because your current partner scores higher in sincerity; intelligence; ambition; and shared interests which are weighted more importantly according to your preferences.,217,198,203,0
Assume you are a 27-year-old man with career type Consulting; currently matched with a partner. Your current partner's scores (out of 10): attractiveness: 10.0/10; sincerity: 7.0/10; intelligence: 9.0/10; being funny: 10.0/10; ambition: 10.0/10; shared interests: 7.0/10. A new woman is courting you with scores: attractiveness: 9.0/10; sincerity: 9.0/10; intelligence: 9.0/10; being funny: 9.0/10; ambition: 9.0/10; shared interests: 9.0/10. Your importance weights are: attractiveness: 7.5; sincerity: 17.5; intelligence: 20.0; being funny: 22.5; ambition: 12.5; shared interests: 20.0. Would you leave your current partner for the new woman? Your answer must be (YES) or (NO) followed by your reason. You must FOLLOW THIS RULE! You MUST NOT SAY other words.,NO; because according to your weightings; sincerity; intelligence; being funny; and shared interests are significantly more important to you than attractiveness and ambition; and the new woman scores consistently higher in those categories which you value more.,203,216,217,0
Assume you are a 27-year-old man with career type Consulting; currently matched with a partner. Your current partner's scores (out of 10): attractiveness: 8.0/10; sincerity: 9.0/10; intelligence: 10.0/10; being funny: 6.0/10; ambition: 9.0/10; shared interests: 7.0/10. A new woman is courting you with scores: attractiveness: 9.0/10; sincerity: 9.0/10; intelligence: 9.0/10; being funny: 9.0/10; ambition: 9.0/10; shared interests: 9.0/10. Your importance weights are: attractiveness: 7.5; sincerity: 17.5; intelligence: 20.0; being funny: 22.5; ambition: 12.5; shared interests: 20.0. Would you leave your current partner for the new woman? Your answer must be (YES) or (NO) followed by your reason. You must FOLLOW THIS RULE! You MUST NOT SAY other words.,NO; the current partner has high sincerity and intelligence scores which align well with your highest importance weights; suggesting a strong emotional and intellectual match that might outweigh the slightly lower scores in other areas.,213,216,221,0
Assume you are a 28-year-old man with career type CEO in For Profit Biomedical Organization; currently matched with a partner. Your current partner's scores (out of 10): attractiveness: 10.0/10; sincerity: 7.0/10; intelligence: 9.0/10; being funny: 10.0/10; ambition: 10.0/10; shared interests: 7.0/10. A new woman is courting you with scores: attractiveness: 6.0/10; sincerity: 6.0/10; intelligence: 9.0/10; being funny: 3.0/10; ambition: 1.0/10; shared interests: 2.0/10. Your importance weights are: attractiveness: 21.43; sincerity: 16.67; intelligence: 21.43; being funny: 16.67; ambition: 11.9; shared interests: 11.9. Would you leave your current partner for the new woman? Your answer must be (YES) or (NO) followed by your reason. You must FOLLOW THIS RULE! You MUST NOT SAY other words.,NO; because your current partner has higher scores in most categories that are important to you according to your weightings; indicating a better overall match compared to the new woman.,203,229,217,0
Assume you are a 28-year-old man with career type CEO in For Profit Biomedical Organization; currently matched with a partner. Your current partner's scores (out of 10): attractiveness: 7.0/10; sincerity: 7.0/10; intelligence: 9.0/10; being funny: 8.0/10; ambition: 8.0/10; shared interests: 6.0/10. A new woman is courting you with scores: attractiveness: 3.0/10; sincerity: 5.0/10; intelligence: 8.0/10; being funny: 5.0/10; ambition: 8.0/10; shared interests: 6.0/10. Your importance weights are: attractiveness: 21.43; sincerity: 16.67; intelligence: 21.43; being funny: 16.67; ambition: 11.9; shared interests: 11.9. Would you leave your current partner for the new woman? Your answer must be (YES) or (NO) followed by your reason. You must FOLLOW THIS RULE! You MUST NOT SAY other words.,NO; because the current partner has higher scores in most categories that are important to you based on the weights provided; suggesting a better overall match.,204,229,215,0
Assume you are a 42-year-old man with career type consulting; currently matched with a partner. Your current partner's scores (out of 10): attractiveness: 10.0/10; sincerity: 9.0/10; intelligence: 9.0/10; being funny: 10.0/10; ambition: 10.0/10; shared interests: 10.0/10. A new woman is courting you with scores: attractiveness: 9.0/10; sincerity: 7.0/10; intelligence: 7.0/10; being funny: 7.0/10; ambition: 6.0/10; shared interests: 7.0/10. Your importance weights are: attractiveness: 23.81; sincerity: 23.81; intelligence: 23.81; being funny: 23.81; ambition: 2.38; shared interests: 2.38. Would you leave your current partner for the new woman? Your answer must be (YES) or (NO) followed by your reason. You must FOLLOW THIS RULE! You MUST NOT SAY other words.,NO; because your current partner has significantly higher scores in all categories that are highly important to you based on your importance weights.,207,230,226,0
Assume you are a 28-year-old man with career type CEO in For Profit Biomedical Organization; currently matched with a partner. Your current partner's scores (out of 10): attractiveness: 10.0/10; sincerity: 9.0/10; intelligence: 9.0/10; being funny: 10.0/10; ambition: 10.0/10; shared interests: 10.0/10. A new woman is courting you with scores: attractiveness: 8.0/10; sincerity: 5.0/10; intelligence: 5.0/10; being funny: 8.0/10; ambition: 3.0/10; shared interests: 6.0/10. Your importance weights are: attractiveness: 21.43; sincerity: 16.67; intelligence: 21.43; being funny: 16.67; ambition: 11.9; shared interests: 11.9. Would you leave your current partner for the new woman? Your answer must be (YES) or (NO) followed by your reason. You must FOLLOW THIS RULE! You MUST NOT SAY other words.,NO; because the scores of the new woman significantly lower across your prioritized areas compared to your current partner's scores; suggesting a less compatible match.,207,229,226,0
Assume you are a 23-year-old woman with career type investment banking; currently matched with a partner. Your current partner's scores (out of 10): attractiveness: 8.0/10; sincerity: 10.0/10; intelligence: 9.0/10; being funny: 9.0/10; ambition: 9.0/10; shared interests: 6.0/10. A new man is courting you with scores: attractiveness: 4.0/10; sincerity: 6.0/10; intelligence: 7.0/10; being funny: 7.0/10; ambition: 6.0/10; shared interests: 6.0/10. Your importance weights are: attractiveness: 15.38; sincerity: 19.23; intelligence: 17.31; being funny: 19.23; ambition: 9.62; shared interests: 19.23. Would you leave your current partner for the new man? Your answer must be (YES) or (NO) followed by your reason. You must FOLLOW THIS RULE! You MUST NOT SAY other words.,NO; because your current partner scores higher in each weighted category that matters most to you; indicating a better overall match according to your priorities.,225,198,208,0
Assume you are a 42-year-old man with career type consulting; currently matched with a partner. Your current partner's scores (out of 10): attractiveness: 5.0/10; sincerity: 10.0/10; intelligence: 10.0/10; being funny: 10.0/10; ambition: 9.0/10; shared interests: 9.0/10. A new woman is courting you with scores: attractiveness: 9.0/10; sincerity: 7.0/10; intelligence: 7.0/10; being funny: 7.0/10; ambition: 5.0/10; shared interests: 7.0/10. Your importance weights are: attractiveness: 23.81; sincerity: 23.81; intelligence: 23.81; being funny: 23.81; ambition: 2.38; shared interests: 2.38. Would you leave your current partner for the new woman? Your answer must be (YES) or (NO) followed by your reason. You must FOLLOW THIS RULE! You MUST NOT SAY other words.,NO; because your current partner scores higher in sincerity; intelligence; and being funny; which are highly weighted and important attributes; outweighing the higher attractiveness score of the new woman.,211,230,232,0
Assume you are a 23-year-old woman with career type investment banking; currently matched with a partner. Your current partner's scores (out of 10): attractiveness: 9.0/10; sincerity: 7.0/10; intelligence: 7.0/10; being funny: 9.0/10; ambition: 7.0/10; shared interests: 7.0/10. A new man is courting you with scores: attractiveness: 8.0/10; sincerity: 7.0/10; intelligence: 7.0/10; being funny: 6.0/10; ambition: 6.0/10; shared interests: 6.0/10. Your importance weights are: attractiveness: 15.38; sincerity: 19.23; intelligence: 17.31; being funny: 19.23; ambition: 9.62; shared interests: 19.23. Would you leave your current partner for the new man? Your answer must be (YES) or (NO) followed by your reason. You must FOLLOW THIS RULE! You MUST NOT SAY other words.,NO; because your current partner scores higher in most categories that are important to you; suggesting better overall compatibility and satisfaction.,226,198,207,0
Assume you are a 28-year-old man with career type CEO in For Profit Biomedical Organization; currently matched with a partner. Your current partner's scores (out of 10): attractiveness: 5.0/10; sincerity: 8.0/10; intelligence: 8.0/10; being funny: 9.0/10; ambition: 9.0/10; shared interests: 5.0/10. A new woman is courting you with scores: attractiveness: 6.0/10; sincerity: 8.0/10; intelligence: 7.0/10; being funny: 5.0/10; ambition: 6.0/10; shared interests: 3.0/10. Your importance weights are: attractiveness: 21.43; sincerity: 16.67; intelligence: 21.43; being funny: 16.67; ambition: 11.9; shared interests: 11.9. Would you leave your current partner for the new woman? Your answer must be (YES) or (NO) followed by your reason. You must FOLLOW THIS RULE! You MUST NOT SAY other words.,NO; the current partner has higher overall weighted scores based on your importance weights; particularly in being funny; ambition; and shared interests which align better with your values.,208,229,225,0
Assume you are a 25-year-old woman with career type education; currently matched with a partner. Your current partner's scores (out of 10): attractiveness: 6.0/10; sincerity: 8.0/10; intelligence: 9.0/10; being funny: 6.0/10; ambition: 9.0/10; shared interests: 8.0/10. A new man is courting you with scores: attractiveness: 6.0/10; sincerity: 8.0/10; intelligence: 7.0/10; being funny: 6.0/10; ambition: 7.0/10; shared interests: 9.0/10. Your importance weights are: attractiveness: 17.65; sincerity: 17.65; intelligence: 17.65; being funny: 15.69; ambition: 15.69; shared interests: 15.69. Would you leave your current partner for the new man? Your answer must be (YES) or (NO) followed by your reason. You must FOLLOW THIS RULE! You MUST NOT SAY other words.,NO; because your current partner scores higher in intelligence and ambition; which are equally weighted and important according to your specified importance weights.,217,196,203,0
Assume you are a 24-year-old man with career type professor; currently matched with a partner. Your current partner's scores (out of 10): attractiveness: 7.0/10; sincerity: 7.0/10; intelligence: 7.0/10; being funny: 7.0/10; ambition: 7.0/10; shared interests: 3.0/10. A new woman is courting you with scores: attractiveness: 5.0/10; sincerity: 6.0/10; intelligence: 6.0/10; being funny: 6.0/10; ambition: 7.0/10; shared interests: 5.0/10. Your importance weights are: attractiveness: 13.51; sincerity: 18.92; intelligence: 21.62; being funny: 13.51; ambition: 13.51; shared interests: 18.92. Would you leave your current partner for the new woman? Your answer must be (YES) or (NO) followed by your reason. You must FOLLOW THIS RULE! You MUST NOT SAY other words.,NO; because based on the importance weights and scores given; your current partner holds higher weighted scores in attractiveness; sincerity; intelligence; being funny; and ambition; which are more aligned with your values and priorities.,197,228,227,0
Assume you are a 23-year-old single woman; and there is a 24-year-old man who is courting you. Your career type is investment banking. You evaluated him on six dimensions with scores out of 10. These are attractiveness: 8.0/10; sincerity: 8.0/10; intelligence: 8.0/10; being funny: 8.0/10; ambition: 8.0/10; shared interests: 5.0/10. Your importance weights for these attributes are: attractiveness: 15.38; sincerity: 19.23; intelligence: 17.31; being funny: 19.23; ambition: 9.62; shared interests: 19.23. Would you be willing to date this man? And also tell me the reason. Your answer must be (YES) or (NO) followed by your reason. You must FOLLOW THIS RULE! You MUST NOT SAY other words.,YES; given his high scores in major valued aspects like sincerity; intelligence; and being funny; which align well with your weighted preferences; indicating a potentially satisfying partnership despite moderate alignment in shared interests.,228,198,,1
Assume you are a 42-year-old man with career type consulting; currently matched with a partner. Your current partner's scores (out of 10): attractiveness: 7.0/10; sincerity: 7.0/10; intelligence: 7.0/10; being funny: 8.0/10; ambition: 7.0/10; shared interests: 7.0/10. A new woman is courting you with scores: attractiveness: 7.0/10; sincerity: 6.0/10; intelligence: 6.0/10; being funny: 6.0/10; ambition: 6.0/10; shared interests: 7.0/10. Your importance weights are: attractiveness: 23.81; sincerity: 23.81; intelligence: 23.81; being funny: 23.81; ambition: 2.38; shared interests: 2.38. Would you leave your current partner for the new woman? Your answer must be (YES) or (NO) followed by your reason. You must FOLLOW THIS RULE! You MUST NOT SAY other words.,NO; because your current partner scores higher in sincerity; intelligence; humor; and ambition; all of which are highly valued based on your importance weights.,212,230,231,0
Assume you are a 42-year-old man with career type consulting; currently matched with a partner. Your current partner's scores (out of 10): attractiveness: 8.0/10; sincerity: 9.0/10; intelligence: 10.0/10; being funny: 6.0/10; ambition: 9.0/10; shared interests: 7.0/10. A new woman is courting you with scores: attractiveness: 9.0/10; sincerity: 8.0/10; intelligence: 8.0/10; being funny: 8.0/10; ambition: 6.0/10; shared interests: 8.0/10. Your importance weights are: attractiveness: 23.81; sincerity: 23.81; intelligence: 23.81; being funny: 23.81; ambition: 2.38; shared interests: 2.38. Would you leave your current partner for the new woman? Your answer must be (YES) or (NO) followed by your reason. You must FOLLOW THIS RULE! You MUST NOT SAY other words.,NO because your current partner has higher scores in sincerity and intelligence; which are highly weighted in your importance rankings; making her a better match according to your priorities.,213,230,221,0
Assume you are a 28-year-old man with career type CEO in For Profit Biomedical Organization; currently matched with a partner. Your current partner's scores (out of 10): attractiveness: 8.0/10; sincerity: 9.0/10; intelligence: 10.0/10; being funny: 6.0/10; ambition: 9.0/10; shared interests: 7.0/10. A new woman is courting you with scores: attractiveness: 6.0/10; sincerity: 8.0/10; intelligence: 5.0/10; being funny: 8.0/10; ambition: 5.0/10; shared interests: 7.0/10. Your importance weights are: attractiveness: 21.43; sincerity: 16.67; intelligence: 21.43; being funny: 16.67; ambition: 11.9; shared interests: 11.9. Would you leave your current partner for the new woman? Your answer must be (YES) or (NO) followed by your reason. You must FOLLOW THIS RULE! You MUST NOT SAY other words.,NO; because the weighted scores calculated based on your importance weights rank your current partner higher overall in categories you value most; such as intelligence; sincerity; and ambition.,213,229,221,0
Assume you are a 42-year-old single man; and there is a 25-year-old woman who is courting you. Your career type is consulting. You evaluated her on six dimensions with scores out of 10. These are attractiveness: 8.0/10; sincerity: 7.0/10; intelligence: 8.0/10; being funny: 5.0/10; ambition: 5.0/10; shared interests: 6.0/10. Your importance weights for these attributes are: attractiveness: 23.81; sincerity: 23.81; intelligence: 23.81; being funny: 23.81; ambition: 2.38; shared interests: 2.38. Would you be willing to date this woman? And also tell me the reason. Your answer must be (YES) or (NO) followed by your reason. You must FOLLOW THIS RULE! You MUST NOT SAY other words.,YES; because her scores in the attributes you value most (attractiveness; sincerity; intelligence; being funny) are relatively high and align with your weighted priorities.,196,230,,1
Assume you are a 27-year-old man with career type Consulting; currently matched with a partner. Your current partner's scores (out of 10): attractiveness: 7.0/10; sincerity: 7.0/10; intelligence: 9.0/10; being funny: 8.0/10; ambition: 8.0/10; shared interests: 6.0/10. A new woman is courting you with scores: attractiveness: 7.0/10; sincerity: 10.0/10; intelligence: 10.0/10; being funny: 10.0/10; ambition: 10.0/10; shared interests: 5.0/10. Your importance weights are: attractiveness: 7.5; sincerity: 17.5; intelligence: 20.0; being funny: 22.5; ambition: 12.5; shared interests: 20.0. Would you leave your current partner for the new woman? Your answer must be (YES) or (NO) followed by your reason. You must FOLLOW THIS RULE! You MUST NOT SAY other words.,NO; because the higher shared interests score with your current partner aligns better with your value on shared interests; which is quite high (20.0).,204,216,215,0
Assume you are a 28-year-old man with career type CEO in For Profit Biomedical Organization; currently matched with a partner. Your current partner's scores (out of 10): attractiveness: 2.0/10; sincerity: 9.0/10; intelligence: 9.0/10; being funny: 9.0/10; ambition: 2.0/10; shared interests: 2.0/10. A new woman is courting you with scores: attractiveness: 5.0/10; sincerity: 3.0/10; intelligence: 6.0/10; being funny: 4.0/10; ambition: 4.0/10; shared interests: 4.0/10. Your importance weights are: attractiveness: 21.43; sincerity: 16.67; intelligence: 21.43; being funny: 16.67; ambition: 11.9; shared interests: 11.9. Would you leave your current partner for the new woman? Your answer must be (YES) or (NO) followed by your reason. You must FOLLOW THIS RULE! You MUST NOT SAY other words.,NO; because your current partner scores significantly higher in sincerity; intelligence; and being funny; which are aligned closely with your higher importance weights; outweighing the moderate increase in attractiveness and ambition from the new woman.,199,229,222,0
Assume you are a 28-year-old man with career type CEO in For Profit Biomedical Organization; currently matched with a partner. Your current partner's scores (out of 10): attractiveness: 5.0/10; sincerity: 10.0/10; intelligence: 10.0/10; being funny: 10.0/10; ambition: 9.0/10; shared interests: 9.0/10. A new woman is courting you with scores: attractiveness: 6.0/10; sincerity: 5.0/10; intelligence: 5.0/10; being funny: 5.0/10; ambition: 5.0/10; shared interests: 5.0/10. Your importance weights are: attractiveness: 21.43; sincerity: 16.67; intelligence: 21.43; being funny: 16.67; ambition: 11.9; shared interests: 11.9. Would you leave your current partner for the new woman? Your answer must be (YES) or (NO) followed by your reason. You must FOLLOW THIS RULE! You MUST NOT SAY other words.,NO; because your current partner has significantly higher scores in sincerity; intelligence; being funny; ambition; and shared interests; which are more aligned with your weighted importance values; outweighing the moderate increase in attractiveness offered by the new woman.,211,229,232,0
Assume you are a 28-year-old man with career type CEO in For Profit Biomedical Organization; currently matched with a partner. Your current partner's scores (out of 10): attractiveness: 7.0/10; sincerity: 7.0/10; intelligence: 7.0/10; being funny: 8.0/10; ambition: 7.0/10; shared interests: 7.0/10. A new woman is courting you with scores: attractiveness: 4.0/10; sincerity: 8.0/10; intelligence: 7.0/10; being funny: 4.0/10; ambition: 4.0/10; shared interests: 3.0/10. Your importance weights are: attractiveness: 21.43; sincerity: 16.67; intelligence: 21.43; being funny: 16.67; ambition: 11.9; shared interests: 11.9. Would you leave your current partner for the new woman? Your answer must be (YES) or (NO) followed by your reason. You must FOLLOW THIS RULE! You MUST NOT SAY other words.,NO; because your current partner has higher combined scores in categories that you value most according to your importance weights; making them a better match overall.,212,229,231,0
Assume you are a 27-year-old man with career type Consulting; currently matched with a partner. Your current partner's scores (out of 10): attractiveness: 10.0/10; sincerity: 9.0/10; intelligence: 9.0/10; being funny: 10.0/10; ambition: 10.0/10; shared interests: 10.0/10. A new woman is courting you with scores: attractiveness: 10.0/10; sincerity: 10.0/10; intelligence: 10.0/10; being funny: 10.0/10; ambition: 8.0/10; shared interests: 8.0/10. Your importance weights are: attractiveness: 7.5; sincerity: 17.5; intelligence: 20.0; being funny: 22.5; ambition: 12.5; shared interests: 20.0. Would you leave your current partner for the new woman? Your answer must be (YES) or (NO) followed by your reason. You must FOLLOW THIS RULE! You MUST NOT SAY other words.,NO; because your current partner scores highly in categories that are very important to you; like shared interests and ambition; suggesting a more compatible long-term match based on your weighted values.,207,216,226,0
Assume you are a 27-year-old man with career type Consulting; currently matched with a partner. Your current partner's scores (out of 10): attractiveness: 5.0/10; sincerity: 8.0/10; intelligence: 8.0/10; being funny: 9.0/10; ambition: 9.0/10; shared interests: 5.0/10. A new woman is courting you with scores: attractiveness: 8.0/10; sincerity: 9.0/10; intelligence: 9.0/10; being funny: 9.0/10; ambition: 9.0/10; shared interests: 9.0/10. Your importance weights are: attractiveness: 7.5; sincerity: 17.5; intelligence: 20.0; being funny: 22.5; ambition: 12.5; shared interests: 20.0. Would you leave your current partner for the new woman? Your answer must be (YES) or (NO) followed by your reason. You must FOLLOW THIS RULE! You MUST NOT SAY other words.,NO; because the decision to leave a partner involves more than just comparing scores and should be based on deeper emotional and relational factors beyond just metrics.,208,216,225,0
Assume you are a 27-year-old man with career type Consulting; currently matched with a partner. Your current partner's scores (out of 10): attractiveness: 5.0/10; sincerity: 10.0/10; intelligence: 10.0/10; being funny: 10.0/10; ambition: 9.0/10; shared interests: 9.0/10. A new woman is courting you with scores: attractiveness: 9.0/10; sincerity: 8.0/10; intelligence: 9.0/10; being funny: 9.0/10; ambition: 9.0/10; shared interests: 9.0/10. Your importance weights are: attractiveness: 7.5; sincerity: 17.5; intelligence: 20.0; being funny: 22.5; ambition: 12.5; shared interests: 20.0. Would you leave your current partner for the new woman? Your answer must be (YES) or (NO) followed by your reason. You must FOLLOW THIS RULE! You MUST NOT SAY other words.,NO; because your current partner has higher scores in sincerity and intelligence; which are prioritized more based on your given importance weights; and outweighs the attractiveness difference.,211,216,232,0
Assume you are a 28-year-old man with career type CEO in For Profit Biomedical Organization; currently matched with a partner. Your current partner's scores (out of 10): attractiveness: 2.0/10; sincerity: 3.0/10; intelligence: 3.0/10; being funny: 3.0/10; ambition: 3.0/10; shared interests: nan/10. A new woman is courting you with scores: attractiveness: 6.0/10; sincerity: 7.0/10; intelligence: 8.0/10; being funny: 2.0/10; ambition: 1.0/10; shared interests: 1.0/10. Your importance weights are: attractiveness: 21.43; sincerity: 16.67; intelligence: 21.43; being funny: 16.67; ambition: 11.9; shared interests: 11.9. Would you leave your current partner for the new woman? Your answer must be (YES) or (NO) followed by your reason. You must FOLLOW THIS RULE! You MUST NOT SAY other words.,NO; because the new woman scores significantly lower in shared interests and ambition; which are important for long-term compatibility and satisfaction.,196,229,230,0
Assume you are a 27-year-old man with career type Consulting; currently matched with a partner. Your current partner's scores (out of 10): attractiveness: 7.0/10; sincerity: 7.0/10; intelligence: 7.0/10; being funny: 8.0/10; ambition: 7.0/10; shared interests: 7.0/10. A new woman is courting you with scores: attractiveness: 9.0/10; sincerity: 8.0/10; intelligence: 9.0/10; being funny: 9.0/10; ambition: 9.0/10; shared interests: 9.0/10. Your importance weights are: attractiveness: 7.5; sincerity: 17.5; intelligence: 20.0; being funny: 22.5; ambition: 12.5; shared interests: 20.0. Would you leave your current partner for the new woman? Your answer must be (YES) or (NO) followed by your reason. You must FOLLOW THIS RULE! You MUST NOT SAY other words.,NO; because your decision should not solely be based on scores but also on the depth of your existing relationship and emotional connection with your current partner.,212,216,231,0
Assume you are a 28-year-old man with career type CEO in For Profit Biomedical Organization; currently matched with a partner. Your current partner's scores (out of 10): attractiveness: 6.0/10; sincerity: 10.0/10; intelligence: 10.0/10; being funny: 7.0/10; ambition: 10.0/10; shared interests: 6.0/10. A new woman is courting you with scores: attractiveness: 1.0/10; sincerity: 5.0/10; intelligence: 5.0/10; being funny: 3.0/10; ambition: 5.0/10; shared interests: 3.0/10. Your importance weights are: attractiveness: 21.43; sincerity: 16.67; intelligence: 21.43; being funny: 16.67; ambition: 11.9; shared interests: 11.9. Would you leave your current partner for the new woman? Your answer must be (YES) or (NO) followed by your reason. You must FOLLOW THIS RULE! You MUST NOT SAY other words.,NO; because your current partner has significantly higher scores in every category that matters to you based on your importance weights; indicating a more compatible and satisfying relationship than what the new woman could offer based on the information provided.,194,229,223,0
Assume you are a 27-year-old man with career type Consulting; currently matched with a partner. Your current partner's scores (out of 10): attractiveness: 9.0/10; sincerity: 10.0/10; intelligence: 9.0/10; being funny: 9.0/10; ambition: 8.0/10; shared interests: 9.0/10. A new woman is courting you with scores: attractiveness: 7.0/10; sincerity: 7.0/10; intelligence: 9.0/10; being funny: 8.0/10; ambition: 8.0/10; shared interests: 4.0/10. Your importance weights are: attractiveness: 7.5; sincerity: 17.5; intelligence: 20.0; being funny: 22.5; ambition: 12.5; shared interests: 20.0. Would you leave your current partner for the new woman? Your answer must be (YES) or (NO) followed by your reason. You must FOLLOW THIS RULE! You MUST NOT SAY other words.,NO; because the current partner scores higher overall in categories that are more important to you; particularly in sincerity and shared interests; making them a better match based on your weighted preferences.,195,216,219,0
Assume you are a 28-year-old man with career type CEO in For Profit Biomedical Organization; currently matched with a partner. Your current partner's scores (out of 10): attractiveness: 8.0/10; sincerity: 8.0/10; intelligence: 8.0/10; being funny: 8.0/10; ambition: 8.0/10; shared interests: 5.0/10. A new woman is courting you with scores: attractiveness: 3.0/10; sincerity: 4.0/10; intelligence: 5.0/10; being funny: 2.0/10; ambition: 2.0/10; shared interests: 2.0/10. Your importance weights are: attractiveness: 21.43; sincerity: 16.67; intelligence: 21.43; being funny: 16.67; ambition: 11.9; shared interests: 11.9. Would you leave your current partner for the new woman? Your answer must be (YES) or (NO) followed by your reason. You must FOLLOW THIS RULE! You MUST NOT SAY other words.,NO; because your current partner scores significantly higher in every category important to you compared to the new woman courting you.,198,229,228,0
Assume you are a 27-year-old man with career type Consulting; currently matched with a partner. Your current partner's scores (out of 10): attractiveness: 2.0/10; sincerity: 3.0/10; intelligence: 3.0/10; being funny: 3.0/10; ambition: 3.0/10; shared interests: nan/10. A new woman is courting you with scores: attractiveness: 7.0/10; sincerity: 6.0/10; intelligence: 9.0/10; being funny: 7.0/10; ambition: 7.0/10; shared interests: 6.0/10. Your importance weights are: attractiveness: 7.5; sincerity: 17.5; intelligence: 20.0; being funny: 22.5; ambition: 12.5; shared interests: 20.0. Would you leave your current partner for the new woman? Your answer must be (YES) or (NO) followed by your reason. You must FOLLOW THIS RULE! You MUST NOT SAY other words.,YES; the new woman aligns better with your importance weights and overall scores higher in aspects you value most significantly.,196,216,230,1
Assume you are a 28-year-old man with career type CEO in For Profit Biomedical Organization; currently matched with a partner. Your current partner's scores (out of 10): attractiveness: 10.0/10; sincerity: 10.0/10; intelligence: 10.0/10; being funny: 7.0/10; ambition: 7.0/10; shared interests: 9.0/10. A new woman is courting you with scores: attractiveness: 3.0/10; sincerity: 5.0/10; intelligence: 4.0/10; being funny: 2.0/10; ambition: 3.0/10; shared interests: 3.0/10. Your importance weights are: attractiveness: 21.43; sincerity: 16.67; intelligence: 21.43; being funny: 16.67; ambition: 11.9; shared interests: 11.9. Would you leave your current partner for the new woman? Your answer must be (YES) or (NO) followed by your reason. You must FOLLOW THIS RULE! You MUST NOT SAY other words.,NO; because your current partner scores significantly higher in all categories that are important to you based on your weighted preferences.,205,229,224,0
Assume you are a 42-year-old man with career type consulting; currently matched with a partner. Your current partner's scores (out of 10): attractiveness: 8.0/10; sincerity: 8.0/10; intelligence: 8.0/10; being funny: 8.0/10; ambition: 8.0/10; shared interests: 5.0/10. A new woman is courting you with scores: attractiveness: 9.0/10; sincerity: 8.0/10; intelligence: 8.0/10; being funny: 7.0/10; ambition: 5.0/10; shared interests: 6.0/10. Your importance weights are: attractiveness: 23.81; sincerity: 23.81; intelligence: 23.81; being funny: 23.81; ambition: 2.38; shared interests: 2.38. Would you leave your current partner for the new woman? Your answer must be (YES) or (NO) followed by your reason. You must FOLLOW THIS RULE! You MUST NOT SAY other words.,NO; because the gain in attractiveness and shared interests with the new woman does not substantially outweigh the established overall compatibility and balanced traits you share with your current partner.,198,230,228,0
Assume you are a 42-year-old man with career type consulting; currently matched with a partner. Your current partner's scores (out of 10): attractiveness: 2.0/10; sincerity: 9.0/10; intelligence: 9.0/10; being funny: 9.0/10; ambition: 2.0/10; shared interests: 2.0/10. A new woman is courting you with scores: attractiveness: 8.0/10; sincerity: 6.0/10; intelligence: 6.0/10; being funny: 5.0/10; ambition: 5.0/10; shared interests: 6.0/10. Your importance weights are: attractiveness: 23.81; sincerity: 23.81; intelligence: 23.81; being funny: 23.81; ambition: 2.38; shared interests: 2.38. Would you leave your current partner for the new woman? Your answer must be (YES) or (NO) followed by your reason. You must FOLLOW THIS RULE! You MUST NOT SAY other words.,NO; because your current partner has higher scores in sincerity; intelligence; and being funny which align closely with your highest importance weights; indicating a deeper connection in key personality aspects that matter most to you.,199,230,222,0
Assume you are a 42-year-old man with career type consulting; currently matched with a partner. Your current partner's scores (out of 10): attractiveness: 6.0/10; sincerity: 7.0/10; intelligence: 9.0/10; being funny: 5.0/10; ambition: 9.0/10; shared interests: nan/10. A new woman is courting you with scores: attractiveness: 6.0/10; sincerity: 6.0/10; intelligence: 6.0/10; being funny: 4.0/10; ambition: 7.0/10; shared interests: 6.0/10. Your importance weights are: attractiveness: 23.81; sincerity: 23.81; intelligence: 23.81; being funny: 23.81; ambition: 2.38; shared interests: 2.38. Would you leave your current partner for the new woman? Your answer must be (YES) or (NO) followed by your reason. You must FOLLOW THIS RULE! You MUST NOT SAY other words.,NO; because your current partner scores higher in intelligence; sincerity; and ambition; which are weighted heavily in your importance rankings.,200,230,218,0
Assume you are a 42-year-old man with career type consulting; currently matched with a partner. Your current partner's scores (out of 10): attractiveness: 7.0/10; sincerity: 9.0/10; intelligence: 8.0/10; being funny: 8.0/10; ambition: 7.0/10; shared interests: 5.0/10. A new woman is courting you with scores: attractiveness: 7.0/10; sincerity: 6.0/10; intelligence: 7.0/10; being funny: 5.0/10; ambition: 5.0/10; shared interests: 3.0/10. Your importance weights are: attractiveness: 23.81; sincerity: 23.81; intelligence: 23.81; being funny: 23.81; ambition: 2.38; shared interests: 2.38. Would you leave your current partner for the new woman? Your answer must be (YES) or (NO) followed by your reason. You must FOLLOW THIS RULE! You MUST NOT SAY other words.,NO; because your current partner ranks higher in key aspects you value highly; such as sincerity; intelligence; being funny; and ambition; compared to the new woman.,202,230,214,0
Assume you are a 42-year-old man with career type consulting; currently matched with a partner. Your current partner's scores (out of 10): attractiveness: 10.0/10; sincerity: 7.0/10; intelligence: 9.0/10; being funny: 10.0/10; ambition: 10.0/10; shared interests: 7.0/10. A new woman is courting you with scores: attractiveness: 7.0/10; sincerity: 7.0/10; intelligence: 8.0/10; being funny: 7.0/10; ambition: 5.0/10; shared interests: 4.0/10. Your importance weights are: attractiveness: 23.81; sincerity: 23.81; intelligence: 23.81; being funny: 23.81; ambition: 2.38; shared interests: 2.38. Would you leave your current partner for the new woman? Your answer must be (YES) or (NO) followed by your reason. You must FOLLOW THIS RULE! You MUST NOT SAY other words.,NO; because your current partner scores significantly higher in the categories you value most; including attractiveness; intelligence; and being funny.,203,230,217,0
Assume you are a 42-year-old man with career type consulting; currently matched with a partner. Your current partner's scores (out of 10): attractiveness: 7.0/10; sincerity: 7.0/10; intelligence: 9.0/10; being funny: 8.0/10; ambition: 8.0/10; shared interests: 6.0/10. A new woman is courting you with scores: attractiveness: 5.0/10; sincerity: 8.0/10; intelligence: 8.0/10; being funny: 7.0/10; ambition: 7.0/10; shared interests: 3.0/10. Your importance weights are: attractiveness: 23.81; sincerity: 23.81; intelligence: 23.81; being funny: 23.81; ambition: 2.38; shared interests: 2.38. Would you leave your current partner for the new woman? Your answer must be (YES) or (NO) followed by your reason. You must FOLLOW THIS RULE! You MUST NOT SAY other words.,NO; because your current partner scores higher in shared interests and intelligence; which have significant importance based on your weights; and overall compatibility seems stronger with them.,204,230,215,0
Assume you are a 42-year-old man with career type consulting; currently matched with a partner. Your current partner's scores (out of 10): attractiveness: 10.0/10; sincerity: 10.0/10; intelligence: 10.0/10; being funny: 7.0/10; ambition: 7.0/10; shared interests: 9.0/10. A new woman is courting you with scores: attractiveness: 6.0/10; sincerity: 8.0/10; intelligence: 8.0/10; being funny: 8.0/10; ambition: 5.0/10; shared interests: 6.0/10. Your importance weights are: attractiveness: 23.81; sincerity: 23.81; intelligence: 23.81; being funny: 23.81; ambition: 2.38; shared interests: 2.38. Would you leave your current partner for the new woman? Your answer must be (YES) or (NO) followed by your reason. You must FOLLOW THIS RULE! You MUST NOT SAY other words.,NO; your current partner rates significantly higher in categories that are most important to you based on your importance weights (attractiveness; sincerity; intelligence; being funny); hence making them a better match for you according to your own priorities.,205,230,224,0
Assume you are a 42-year-old man with career type consulting; currently matched with a partner. Your current partner's scores (out of 10): attractiveness: 5.0/10; sincerity: 8.0/10; intelligence: 8.0/10; being funny: 9.0/10; ambition: 9.0/10; shared interests: 5.0/10. A new woman is courting you with scores: attractiveness: 9.0/10; sincerity: 8.0/10; intelligence: 7.0/10; being funny: 8.0/10; ambition: 7.0/10; shared interests: 7.0/10. Your importance weights are: attractiveness: 23.81; sincerity: 23.81; intelligence: 23.81; being funny: 23.81; ambition: 2.38; shared interests: 2.38. Would you leave your current partner for the new woman? Your answer must be (YES) or (NO) followed by your reason. You must FOLLOW THIS RULE! You MUST NOT SAY other words.,NO; because the sincerity and intelligence scores; which are highly important to you; are higher in your current partner.,208,230,225,0
Assume you are a 42-year-old man with career type consulting; currently matched with a partner. Your current partner's scores (out of 10): attractiveness: 6.0/10; sincerity: 10.0/10; intelligence: 10.0/10; being funny: 7.0/10; ambition: 10.0/10; shared interests: 6.0/10. A new woman is courting you with scores: attractiveness: 3.0/10; sincerity: 5.0/10; intelligence: 5.0/10; being funny: 2.0/10; ambition: 2.0/10; shared interests: 2.0/10. Your importance weights are: attractiveness: 23.81; sincerity: 23.81; intelligence: 23.81; being funny: 23.81; ambition: 2.38; shared interests: 2.38. Would you leave your current partner for the new woman? Your answer must be (YES) or (NO) followed by your reason. You must FOLLOW THIS RULE! You MUST NOT SAY other words.,NO; because the new woman scores significantly lower in almost all categories that you value highly; such as attractiveness; sincerity; intelligence; and being funny; making her a less ideal match compared to your current partner.,194,230,223,0
